profile,merge,version,seed,pair,official,solver,n_src_kp,n_tgt_kp,n_matches,n_correct,transform_ok,rot_err_deg,trans_err_m,e_p_m,success
improved,0.0,step_raw,1,s1-s2,1,svd,57,57,5,5,1,0.3410537116,0.05901782674,0.06183325707,1
improved,0.0,step_raw,1,s1-s2,1,svd+ransac,57,57,5,5,1,0.3410537116,0.05901782674,0.06183325707,1
improved,0.0,step_raw,1,s1-s3,1,svd,57,50,9,9,1,0.6415460871,0.01910059339,0.04076044055,1
improved,0.0,step_raw,1,s1-s3,1,svd+ransac,57,50,9,9,1,0.6415460871,0.01910059339,0.04076044055,1
improved,0.0,step_raw,1,s1-s4,0,svd,57,52,4,4,1,0.8856915733,0.1829880146,0.190207917,1
improved,0.0,step_raw,1,s1-s4,0,svd+ransac,57,52,4,4,1,0.8856915733,0.1829880146,0.190207917,1
improved,0.0,step_raw,1,s1-s5,0,svd,57,82,2,2,0,nan,nan,nan,0
improved,0.0,step_raw,1,s1-s5,0,svd+ransac,57,82,2,2,0,nan,nan,nan,0
improved,0.0,step_raw,1,s1-s6,0,svd,57,88,6,6,1,1.201966061,0.2156590099,0.2249661478,1
improved,0.0,step_raw,1,s1-s6,0,svd+ransac,57,88,6,6,1,1.201966061,0.2156590099,0.2249661478,1
improved,0.0,step_raw,1,s2-s3,1,svd,57,50,9,9,1,0.4715618173,0.05019896938,0.06035706607,1
improved,0.0,step_raw,1,s2-s3,1,svd+ransac,57,50,9,9,1,0.4715618173,0.05019896938,0.06035706607,1
improved,0.0,step_raw,1,s2-s4,1,svd,57,52,6,6,1,0.7150197665,0.05996756765,0.0785602795,1
improved,0.0,step_raw,1,s2-s4,1,svd+ransac,57,52,6,6,1,0.7150197665,0.05996756765,0.0785602795,1
improved,0.0,step_raw,1,s2-s5,1,svd,57,82,5,5,1,0.4699993875,0.03431106208,0.05145032958,1
improved,0.0,step_raw,1,s2-s5,1,svd+ransac,57,82,5,5,1,0.4699993875,0.03431106208,0.05145032958,1
improved,0.0,step_raw,1,s2-s6,0,svd,57,88,5,5,1,13.05019744,3.138659853,3.229077456,0
improved,0.0,step_raw,1,s2-s6,0,svd+ransac,57,88,5,5,1,2.24292731,0.3995985824,0.4229941618,0
improved,0.0,step_raw,1,s3-s4,1,svd,50,52,10,10,1,0.5350886641,0.02394115845,0.04392844284,1
improved,0.0,step_raw,1,s3-s4,1,svd+ransac,50,52,10,10,1,0.5350886641,0.02394115845,0.04392844284,1
improved,0.0,step_raw,1,s3-s5,1,svd,50,82,3,3,1,0.9020494236,0.1400810271,0.1507608849,1
improved,0.0,step_raw,1,s3-s5,1,svd+ransac,50,82,3,3,1,0.9020494236,0.1400810271,0.1507608849,1
improved,0.0,step_raw,1,s3-s6,0,svd,50,88,4,4,1,1.274453053,0.09222533656,0.1233612276,1
improved,0.0,step_raw,1,s3-s6,0,svd+ransac,50,88,4,4,1,2.690589811,0.2572528758,0.3037040776,0
improved,0.0,step_raw,1,s4-s5,1,svd,52,82,9,9,1,0.1243162107,0.06490637455,0.06572597283,1
improved,0.0,step_raw,1,s4-s5,1,svd+ransac,52,82,9,9,1,0.1243162107,0.06490637455,0.06572597283,1
improved,0.0,step_raw,1,s4-s6,1,svd,52,88,10,10,1,0.07844981535,0.07584617378,0.07610941223,1
improved,0.0,step_raw,1,s4-s6,1,svd+ransac,52,88,10,10,1,0.07844981535,0.07584617378,0.07610941223,1
improved,0.0,step_raw,1,s5-s6,1,svd,82,88,10,10,1,0.2906237433,0.03101699026,0.03670365795,1
improved,0.0,step_raw,1,s5-s6,1,svd+ransac,82,88,10,10,1,0.2906237433,0.03101699026,0.03670365795,1
improved,0.0,step_raw,2,s1-s2,1,svd,59,62,2,2,0,nan,nan,nan,0
improved,0.0,step_raw,2,s1-s2,1,svd+ransac,59,62,2,2,0,nan,nan,nan,0
improved,0.0,step_raw,2,s1-s3,1,svd,59,50,8,8,1,0.5765354209,0.02758485653,0.0488865334,1
improved,0.0,step_raw,2,s1-s3,1,svd+ransac,59,50,8,8,1,0.5765354209,0.02758485653,0.0488865334,1
improved,0.0,step_raw,2,s1-s4,0,svd,59,58,5,5,1,0.9690157165,0.1689077617,0.1781044859,1
improved,0.0,step_raw,2,s1-s4,0,svd+ransac,59,58,5,5,1,0.9690157165,0.1689077617,0.1781044859,1
improved,0.0,step_raw,2,s1-s5,0,svd,59,80,0,0,0,nan,nan,nan,0
improved,0.0,step_raw,2,s1-s5,0,svd+ransac,59,80,0,0,0,nan,nan,nan,0
improved,0.0,step_raw,2,s1-s6,0,svd,59,91,5,5,1,0.7670749133,0.08144681457,0.09487228999,1
improved,0.0,step_raw,2,s1-s6,0,svd+ransac,59,91,5,5,1,7.453650677,0.5172066046,0.6720415946,0
improved,0.0,step_raw,2,s2-s3,1,svd,62,50,11,11,1,0.2156533646,0.01332065076,0.02112548249,1
improved,0.0,step_raw,2,s2-s3,1,svd+ransac,62,50,11,11,1,0.2156533646,0.01332065076,0.02112548249,1
improved,0.0,step_raw,2,s2-s4,1,svd,62,58,6,6,1,0.8105514528,0.04575239661,0.07053865256,1
improved,0.0,step_raw,2,s2-s4,1,svd+ransac,62,58,6,6,1,0.8105514528,0.04575239661,0.07053865256,1
improved,0.0,step_raw,2,s2-s5,1,svd,62,80,4,4,1,0.8443088004,0.08118815079,0.09816219275,1
improved,0.0,step_raw,2,s2-s5,1,svd+ransac,62,80,4,4,1,0.8443088004,0.08118815079,0.09816219275,1
improved,0.0,step_raw,2,s2-s6,0,svd,62,91,5,5,1,0.2141739299,0.06296903219,0.06522549254,1
improved,0.0,step_raw,2,s2-s6,0,svd+ransac,62,91,5,5,1,0.2141739299,0.06296903219,0.06522549254,1
improved,0.0,step_raw,2,s3-s4,1,svd,50,58,6,6,1,0.4984447584,0.03252912542,0.04247991996,1
improved,0.0,step_raw,2,s3-s4,1,svd+ransac,50,58,6,6,1,0.4984447584,0.03252912542,0.04247991996,1
improved,0.0,step_raw,2,s3-s5,1,svd,50,80,11,11,1,0.1426276521,0.04800186615,0.05045633046,1
improved,0.0,step_raw,2,s3-s5,1,svd+ransac,50,80,11,11,1,0.3508784041,0.05207419531,0.05711368502,1
improved,0.0,step_raw,2,s3-s6,0,svd,50,91,3,3,1,0.9637900572,0.4731774756,0.4705387588,1
improved,0.0,step_raw,2,s3-s6,0,svd+ransac,50,91,3,3,1,0.9637900572,0.4731774756,0.4705387588,1
improved,0.0,step_raw,2,s4-s5,1,svd,58,80,8,8,1,0.3790126433,0.08073407963,0.08461870858,1
improved,0.0,step_raw,2,s4-s5,1,svd+ransac,58,80,8,8,1,0.3790126433,0.08073407963,0.08461870858,1
improved,0.0,step_raw,2,s4-s6,1,svd,58,91,10,10,1,0.07629262327,0.08735361399,0.08760806017,1
improved,0.0,step_raw,2,s4-s6,1,svd+ransac,58,91,10,10,1,0.07629262327,0.08735361399,0.08760806017,1
improved,0.0,step_raw,2,s5-s6,1,svd,80,91,8,8,1,0.2781959831,0.03161922172,0.03940207208,1
improved,0.0,step_raw,2,s5-s6,1,svd+ransac,80,91,8,8,1,0.2781959831,0.03161922172,0.03940207208,1
improved,0.0,step_raw,3,s1-s2,1,svd,58,56,6,6,1,0.5079039477,0.05164221106,0.06072155548,1
improved,0.0,step_raw,3,s1-s2,1,svd+ransac,58,56,6,6,1,0.5079039477,0.05164221106,0.06072155548,1
improved,0.0,step_raw,3,s1-s3,1,svd,58,48,7,7,1,0.8164628924,0.05625790746,0.07282038135,1
improved,0.0,step_raw,3,s1-s3,1,svd+ransac,58,48,7,7,1,0.3253396707,0.01602307434,0.02489586786,1
improved,0.0,step_raw,3,s1-s4,0,svd,58,51,5,5,1,0.7956521912,0.1272734949,0.1369890322,1
improved,0.0,step_raw,3,s1-s4,0,svd+ransac,58,51,5,5,1,0.7956521912,0.1272734949,0.1369890322,1
improved,0.0,step_raw,3,s1-s5,0,svd,58,82,5,5,1,0.4138044011,0.02420523145,0.04137018404,1
improved,0.0,step_raw,3,s1-s5,0,svd+ransac,58,82,5,5,1,0.4138044011,0.02420523145,0.04137018404,1
improved,0.0,step_raw,3,s1-s6,0,svd,58,92,0,0,0,nan,nan,nan,0
improved,0.0,step_raw,3,s1-s6,0,svd+ransac,58,92,0,0,0,nan,nan,nan,0
improved,0.0,step_raw,3,s2-s3,1,svd,56,48,10,10,1,0.7475997823,0.0277079331,0.04976241865,1
improved,0.0,step_raw,3,s2-s3,1,svd+ransac,56,48,10,10,1,0.7475997823,0.0277079331,0.04976241865,1
improved,0.0,step_raw,3,s2-s4,1,svd,56,51,12,12,1,0.322112271,0.01143694085,0.0280856834,1
improved,0.0,step_raw,3,s2-s4,1,svd+ransac,56,51,12,12,1,0.322112271,0.01143694085,0.0280856834,1
improved,0.0,step_raw,3,s2-s5,1,svd,56,82,4,4,1,0.611318611,0.04910829417,0.06385522722,1
improved,0.0,step_raw,3,s2-s5,1,svd+ransac,56,82,4,4,1,0.611318611,0.04910829417,0.06385522722,1
improved,0.0,step_raw,3,s2-s6,0,svd,56,92,5,5,1,0.8164976115,0.08174433212,0.09671529269,1
improved,0.0,step_raw,3,s2-s6,0,svd+ransac,56,92,5,5,1,1.241607628,0.09323739906,0.1208670025,1
improved,0.0,step_raw,3,s3-s4,1,svd,48,51,4,4,1,0.880305919,0.05490885048,0.07253567793,1
improved,0.0,step_raw,3,s3-s4,1,svd+ransac,48,51,4,4,1,0.880305919,0.05490885048,0.07253567793,1
improved,0.0,step_raw,3,s3-s5,1,svd,48,82,7,7,1,0.8071326962,0.1714557765,0.1759034334,1
improved,0.0,step_raw,3,s3-s5,1,svd+ransac,48,82,7,7,1,0.8071326962,0.1714557765,0.1759034334,1
improved,0.0,step_raw,3,s3-s6,0,svd,48,92,3,3,1,0.6960203766,0.4322327913,0.4291923255,1
improved,0.0,step_raw,3,s3-s6,0,svd+ransac,48,92,3,3,1,0.6960203766,0.4322327913,0.4291923255,1
improved,0.0,step_raw,3,s4-s5,1,svd,51,82,8,8,1,0.3120951719,0.06481945163,0.06826598055,1
improved,0.0,step_raw,3,s4-s5,1,svd+ransac,51,82,8,8,1,0.3120951719,0.06481945163,0.06826598055,1
improved,0.0,step_raw,3,s4-s6,1,svd,51,92,11,11,1,0.457250017,0.1539072296,0.1555112732,1
improved,0.0,step_raw,3,s4-s6,1,svd+ransac,51,92,11,11,1,0.457250017,0.1539072296,0.1555112732,1
improved,0.0,step_raw,3,s5-s6,1,svd,82,92,14,14,1,0.07413171051,0.03178046904,0.03225238557,1
improved,0.0,step_raw,3,s5-s6,1,svd+ransac,82,92,14,14,1,0.07413171051,0.03178046904,0.03225238557,1
improved,0.0,step_raw,4,s1-s2,1,svd,59,61,5,5,1,0.5715955733,0.07216158044,0.0779895313,1
improved,0.0,step_raw,4,s1-s2,1,svd+ransac,59,61,5,5,1,0.5715955733,0.07216158044,0.0779895313,1
improved,0.0,step_raw,4,s1-s3,1,svd,59,47,9,9,1,0.6483471267,0.01042036216,0.04139034221,1
improved,0.0,step_raw,4,s1-s3,1,svd+ransac,59,47,9,9,1,0.6483471267,0.01042036216,0.04139034221,1
improved,0.0,step_raw,4,s1-s4,0,svd,59,57,5,5,1,0.9659337112,0.1658878026,0.1762426645,1
improved,0.0,step_raw,4,s1-s4,0,svd+ransac,59,57,5,5,1,0.9659337112,0.1658878026,0.1762426645,1
improved,0.0,step_raw,4,s1-s5,0,svd,59,80,6,6,1,0.9503834539,0.1074586574,0.1210145367,1
improved,0.0,step_raw,4,s1-s5,0,svd+ransac,59,80,6,6,1,0.9503834539,0.1074586574,0.1210145367,1
improved,0.0,step_raw,4,s1-s6,0,svd,59,89,3,3,1,2.999138406,1.124953411,1.13434574,0
improved,0.0,step_raw,4,s1-s6,0,svd+ransac,59,89,3,3,1,2.999138406,1.124953411,1.13434574,0
improved,0.0,step_raw,4,s2-s3,1,svd,61,47,11,11,1,0.4968039796,0.05581170449,0.06486728062,1
improved,0.0,step_raw,4,s2-s3,1,svd+ransac,61,47,11,11,1,0.4968039796,0.05581170449,0.06486728062,1
improved,0.0,step_raw,4,s2-s4,1,svd,61,57,9,9,1,0.3883744969,0.01117494818,0.03238667325,1
improved,0.0,step_raw,4,s2-s4,1,svd+ransac,61,57,9,9,1,0.3883744969,0.01117494818,0.03238667325,1
improved,0.0,step_raw,4,s2-s5,1,svd,61,80,1,1,0,nan,nan,nan,0
improved,0.0,step_raw,4,s2-s5,1,svd+ransac,61,80,1,1,0,nan,nan,nan,0
improved,0.0,step_raw,4,s2-s6,0,svd,61,89,4,4,1,2.970958422,0.461499779,0.4990324732,0
improved,0.0,step_raw,4,s2-s6,0,svd+ransac,61,89,4,4,1,2.970958422,0.461499779,0.4990324732,0
improved,0.0,step_raw,4,s3-s4,1,svd,47,57,9,9,1,0.3771233492,0.02129513253,0.03140313729,1
improved,0.0,step_raw,4,s3-s4,1,svd+ransac,47,57,9,9,1,0.3771233492,0.02129513253,0.03140313729,1
improved,0.0,step_raw,4,s3-s5,1,svd,47,80,7,7,1,0.4388735887,0.05000186947,0.05506692084,1
improved,0.0,step_raw,4,s3-s5,1,svd+ransac,47,80,7,7,1,0.4388735887,0.05000186947,0.05506692084,1
improved,0.0,step_raw,4,s3-s6,0,svd,47,89,9,9,1,0.3227522895,0.1103115025,0.1107234821,1
improved,0.0,step_raw,4,s3-s6,0,svd+ransac,47,89,9,9,1,0.3227522895,0.1103115025,0.1107234821,1
improved,0.0,step_raw,4,s4-s5,1,svd,57,80,10,10,1,0.2644348187,0.07473589741,0.07724268633,1
improved,0.0,step_raw,4,s4-s5,1,svd+ransac,57,80,10,10,1,0.2644348187,0.07473589741,0.07724268633,1
improved,0.0,step_raw,4,s4-s6,1,svd,57,89,14,14,1,0.1196219454,0.04113859196,0.04172666116,1
improved,0.0,step_raw,4,s4-s6,1,svd+ransac,57,89,14,14,1,0.1196219454,0.04113859196,0.04172666116,1
improved,0.0,step_raw,4,s5-s6,1,svd,80,89,10,10,1,0.3805095571,0.02287181557,0.03340584366,1
improved,0.0,step_raw,4,s5-s6,1,svd+ransac,80,89,10,10,1,0.3805095571,0.02287181557,0.03340584366,1
improved,0.0,step_raw,5,s1-s2,1,svd,55,59,5,5,1,0.5220088354,0.09922561464,0.1031622541,1
improved,0.0,step_raw,5,s1-s2,1,svd+ransac,55,59,5,5,1,0.5220088354,0.09922561464,0.1031622541,1
improved,0.0,step_raw,5,s1-s3,1,svd,55,50,9,9,1,0.642370865,0.02768157701,0.04405650876,1
improved,0.0,step_raw,5,s1-s3,1,svd+ransac,55,50,9,9,1,0.642370865,0.02768157701,0.04405650876,1
improved,0.0,step_raw,5,s1-s4,0,svd,55,55,8,8,1,1.975812679,0.03024357296,0.1225626859,1
improved,0.0,step_raw,5,s1-s4,0,svd+ransac,55,55,8,8,1,1.975812679,0.03024357296,0.1225626859,1
improved,0.0,step_raw,5,s1-s5,0,svd,55,80,3,3,1,0.3906117932,0.06942000171,0.07590853017,1
improved,0.0,step_raw,5,s1-s5,0,svd+ransac,55,80,3,3,1,0.3906117932,0.06942000171,0.07590853017,1
improved,0.0,step_raw,5,s1-s6,0,svd,55,92,0,0,0,nan,nan,nan,0
improved,0.0,step_raw,5,s1-s6,0,svd+ransac,55,92,0,0,0,nan,nan,nan,0
improved,0.0,step_raw,5,s2-s3,1,svd,59,50,11,11,1,0.4235481126,0.05269480694,0.0599024189,1
improved,0.0,step_raw,5,s2-s3,1,svd+ransac,59,50,11,11,1,0.1014943969,0.02529088778,0.02674265408,1
improved,0.0,step_raw,5,s2-s4,1,svd,59,55,3,3,1,1.311099178,0.03271782752,0.08671597144,1
improved,0.0,step_raw,5,s2-s4,1,svd+ransac,59,55,3,3,1,1.311099178,0.03271782752,0.08671597144,1
improved,0.0,step_raw,5,s2-s5,1,svd,59,80,5,5,1,0.8703767987,0.1070962678,0.1239310268,1
improved,0.0,step_raw,5,s2-s5,1,svd+ransac,59,80,5,5,1,0.8703767987,0.1070962678,0.1239310268,1
improved,0.0,step_raw,5,s2-s6,0,svd,59,92,8,8,1,0.3534400263,0.0264588629,0.03492711346,1
improved,0.0,step_raw,5,s2-s6,0,svd+ransac,59,92,8,8,1,0.7438776001,0.05111451965,0.07257160564,1
improved,0.0,step_raw,5,s3-s4,1,svd,50,55,2,2,0,nan,nan,nan,0
improved,0.0,step_raw,5,s3-s4,1,svd+ransac,50,55,2,2,0,nan,nan,nan,0
improved,0.0,step_raw,5,s3-s5,1,svd,50,80,1,1,0,nan,nan,nan,0
improved,0.0,step_raw,5,s3-s5,1,svd+ransac,50,80,1,1,0,nan,nan,nan,0
improved,0.0,step_raw,5,s3-s6,0,svd,50,92,0,0,0,nan,nan,nan,0
improved,0.0,step_raw,5,s3-s6,0,svd+ransac,50,92,0,0,0,nan,nan,nan,0
improved,0.0,step_raw,5,s4-s5,1,svd,55,80,8,8,1,0.2160519533,0.07636777117,0.0787667591,1
improved,0.0,step_raw,5,s4-s5,1,svd+ransac,55,80,8,8,1,0.2160519533,0.07636777117,0.0787667591,1
improved,0.0,step_raw,5,s4-s6,1,svd,55,92,8,8,1,0.1267902729,0.02253578334,0.02415212976,1
improved,0.0,step_raw,5,s4-s6,1,svd+ransac,55,92,8,8,1,0.1267902729,0.02253578334,0.02415212976,1
improved,0.0,step_raw,5,s5-s6,1,svd,80,92,4,4,1,0.3561063519,0.006320483263,0.02733173869,1
improved,0.0,step_raw,5,s5-s6,1,svd+ransac,80,92,4,4,1,0.643100133,0.07815321983,0.09008836646,1
improved,0.0,step_raw,6,s1-s2,1,svd,54,61,12,12,1,0.424996295,0.0610340991,0.06585608242,1
improved,0.0,step_raw,6,s1-s2,1,svd+ransac,54,61,12,12,1,0.424996295,0.0610340991,0.06585608242,1
improved,0.0,step_raw,6,s1-s3,1,svd,54,50,8,8,1,1.076886123,0.1268461876,0.1389327957,1
improved,0.0,step_raw,6,s1-s3,1,svd+ransac,54,50,8,8,1,1.076886123,0.1268461876,0.1389327957,1
improved,0.0,step_raw,6,s1-s4,0,svd,54,51,5,5,1,0.9688561264,0.1642411469,0.1749734356,1
improved,0.0,step_raw,6,s1-s4,0,svd+ransac,54,51,5,5,1,0.9688561264,0.1642411469,0.1749734356,1
improved,0.0,step_raw,6,s1-s5,0,svd,54,82,10,10,1,1.050129272,0.06916727413,0.09149700196,1
improved,0.0,step_raw,6,s1-s5,0,svd+ransac,54,82,10,10,1,0.8208928452,0.112805355,0.1224851633,1
improved,0.0,step_raw,6,s1-s6,0,svd,54,87,0,0,0,nan,nan,nan,0
improved,0.0,step_raw,6,s1-s6,0,svd+ransac,54,87,0,0,0,nan,nan,nan,0
improved,0.0,step_raw,6,s2-s3,1,svd,61,50,9,9,1,4.169989197,0.3839510806,0.4540753443,0
improved,0.0,step_raw,6,s2-s3,1,svd+ransac,61,50,9,9,1,0.2724324085,0.02519850554,0.03084168172,1
improved,0.0,step_raw,6,s2-s4,1,svd,61,51,10,10,1,0.6206149226,0.02487333792,0.04508259266,1
improved,0.0,step_raw,6,s2-s4,1,svd+ransac,61,51,10,10,1,0.6206149226,0.02487333792,0.04508259266,1
improved,0.0,step_raw,6,s2-s5,1,svd,61,82,9,9,1,0.6562654645,0.05431239637,0.06871452235,1
improved,0.0,step_raw,6,s2-s5,1,svd+ransac,61,82,9,9,1,0.6562654645,0.05431239637,0.06871452235,1
improved,0.0,step_raw,6,s2-s6,0,svd,61,87,7,7,1,1.573278087,0.1506397399,0.1836249307,1
improved,0.0,step_raw,6,s2-s6,0,svd+ransac,61,87,7,7,1,1.153670633,0.08225454317,0.1161031224,1
improved,0.0,step_raw,6,s3-s4,1,svd,50,51,7,7,1,0.7913964223,0.04381582756,0.06511738163,1
improved,0.0,step_raw,6,s3-s4,1,svd+ransac,50,51,7,7,1,0.7913964223,0.04381582756,0.06511738163,1
improved,0.0,step_raw,6,s3-s5,1,svd,50,82,5,5,1,0.2162448486,0.02901073061,0.03295307558,1
improved,0.0,step_raw,6,s3-s5,1,svd+ransac,50,82,5,5,1,0.2162448486,0.02901073061,0.03295307558,1
improved,0.0,step_raw,6,s3-s6,0,svd,50,87,3,3,1,0.09296016243,0.05640901593,0.05653693635,1
improved,0.0,step_raw,6,s3-s6,0,svd+ransac,50,87,3,3,1,0.09296016243,0.05640901593,0.05653693635,1
improved,0.0,step_raw,6,s4-s5,1,svd,51,82,9,9,1,0.1051639132,0.04616766988,0.0466730745,1
improved,0.0,step_raw,6,s4-s5,1,svd+ransac,51,82,9,9,1,0.1051639132,0.04616766988,0.0466730745,1
improved,0.0,step_raw,6,s4-s6,1,svd,51,87,15,15,1,0.07750240074,0.05450290495,0.05465323213,1
improved,0.0,step_raw,6,s4-s6,1,svd+ransac,51,87,15,15,1,0.07750240074,0.05450290495,0.05465323213,1
improved,0.0,step_raw,6,s5-s6,1,svd,82,87,10,10,1,0.3128359051,0.03785021906,0.04357589368,1
improved,0.0,step_raw,6,s5-s6,1,svd+ransac,82,87,10,10,1,0.3128359051,0.03785021906,0.04357589368,1
improved,0.0,step_raw,7,s1-s2,1,svd,54,60,9,9,1,0.4575901038,0.07259793361,0.07928278786,1
improved,0.0,step_raw,7,s1-s2,1,svd+ransac,54,60,9,9,1,0.4575901038,0.07259793361,0.07928278786,1
improved,0.0,step_raw,7,s1-s3,1,svd,54,44,6,6,1,0.7858468816,0.03966429192,0.0576543656,1
improved,0.0,step_raw,7,s1-s3,1,svd+ransac,54,44,6,6,1,0.7858468816,0.03966429192,0.0576543656,1
improved,0.0,step_raw,7,s1-s4,0,svd,54,54,10,10,1,0.780163699,0.08968140319,0.1019212398,1
improved,0.0,step_raw,7,s1-s4,0,svd+ransac,54,54,10,10,1,0.780163699,0.08968140319,0.1019212398,1
improved,0.0,step_raw,7,s1-s5,0,svd,54,86,2,2,0,nan,nan,nan,0
improved,0.0,step_raw,7,s1-s5,0,svd+ransac,54,86,2,2,0,nan,nan,nan,0
improved,0.0,step_raw,7,s1-s6,0,svd,54,89,0,0,0,nan,nan,nan,0
improved,0.0,step_raw,7,s1-s6,0,svd+ransac,54,89,0,0,0,nan,nan,nan,0
improved,0.0,step_raw,7,s2-s3,1,svd,60,44,3,3,1,0.3894160809,0.04128564292,0.04947299509,1
improved,0.0,step_raw,7,s2-s3,1,svd+ransac,60,44,3,3,1,0.3894160809,0.04128564292,0.04947299509,1
improved,0.0,step_raw,7,s2-s4,1,svd,60,54,8,8,1,0.6775007226,0.05513295829,0.07157581352,1
improved,0.0,step_raw,7,s2-s4,1,svd+ransac,60,54,8,8,1,0.6775007226,0.05513295829,0.07157581352,1
improved,0.0,step_raw,7,s2-s5,1,svd,60,86,7,7,1,0.5112346035,0.07378221315,0.08167018692,1
improved,0.0,step_raw,7,s2-s5,1,svd+ransac,60,86,7,7,1,0.5112346035,0.07378221315,0.08167018692,1
improved,0.0,step_raw,7,s2-s6,0,svd,60,89,3,3,1,6.564205439,1.204030651,1.298086052,0
improved,0.0,step_raw,7,s2-s6,0,svd+ransac,60,89,3,3,1,6.564205439,1.204030651,1.298086052,0
improved,0.0,step_raw,7,s3-s4,1,svd,44,54,10,10,1,0.4921524727,0.0377394479,0.04824097095,1
improved,0.0,step_raw,7,s3-s4,1,svd+ransac,44,54,10,10,1,0.4921524727,0.0377394479,0.04824097095,1
improved,0.0,step_raw,7,s3-s5,1,svd,44,86,6,6,1,0.1637622455,0.05020560199,0.05056181313,1
improved,0.0,step_raw,7,s3-s5,1,svd+ransac,44,86,6,6,1,0.1637622455,0.05020560199,0.05056181313,1
improved,0.0,step_raw,7,s3-s6,0,svd,44,89,3,3,1,0.272170718,0.06248048316,0.06674852572,1
improved,0.0,step_raw,7,s3-s6,0,svd+ransac,44,89,3,3,1,0.272170718,0.06248048316,0.06674852572,1
improved,0.0,step_raw,7,s4-s5,1,svd,54,86,2,2,0,nan,nan,nan,0
improved,0.0,step_raw,7,s4-s5,1,svd+ransac,54,86,2,2,0,nan,nan,nan,0
improved,0.0,step_raw,7,s4-s6,1,svd,54,89,7,7,1,0.3194494945,0.1391774622,0.1412968495,1
improved,0.0,step_raw,7,s4-s6,1,svd+ransac,54,89,7,7,1,0.3194494945,0.1391774622,0.1412968495,1
improved,0.0,step_raw,7,s5-s6,1,svd,86,89,11,11,1,0.2827742008,0.04061489778,0.04450993736,1
improved,0.0,step_raw,7,s5-s6,1,svd+ransac,86,89,11,11,1,0.2827742008,0.04061489778,0.04450993736,1
improved,0.0,step_raw,8,s1-s2,1,svd,59,59,6,6,1,0.3237368828,0.06250755655,0.06465734071,1
improved,0.0,step_raw,8,s1-s2,1,svd+ransac,59,59,6,6,1,0.3237368828,0.06250755655,0.06465734071,1
improved,0.0,step_raw,8,s1-s3,1,svd,59,45,9,9,1,0.5325806068,0.03605850402,0.04604267146,1
improved,0.0,step_raw,8,s1-s3,1,svd+ransac,59,45,9,9,1,0.5325806068,0.03605850402,0.04604267146,1
improved,0.0,step_raw,8,s1-s4,0,svd,59,55,4,4,1,0.3383790857,0.05333420593,0.05881734065,1
improved,0.0,step_raw,8,s1-s4,0,svd+ransac,59,55,4,4,1,0.3383790857,0.05333420593,0.05881734065,1
improved,0.0,step_raw,8,s1-s5,0,svd,59,86,5,5,1,0.3823365569,0.09344550494,0.09642986079,1
improved,0.0,step_raw,8,s1-s5,0,svd+ransac,59,86,5,5,1,0.3823365569,0.09344550494,0.09642986079,1
improved,0.0,step_raw,8,s1-s6,0,svd,59,85,6,6,1,1.040929122,0.1045076213,0.1239835449,1
improved,0.0,step_raw,8,s1-s6,0,svd+ransac,59,85,6,6,1,1.040929122,0.1045076213,0.1239835449,1
improved,0.0,step_raw,8,s2-s3,1,svd,59,45,13,13,1,1.921756618,0.07872605357,0.1330812504,1
improved,0.0,step_raw,8,s2-s3,1,svd+ransac,59,45,13,13,1,0.5939583035,0.03899020293,0.05227487766,1
improved,0.0,step_raw,8,s2-s4,1,svd,59,55,11,11,1,0.6287891104,0.03128484117,0.05640464216,1
improved,0.0,step_raw,8,s2-s4,1,svd+ransac,59,55,11,11,1,0.6287891104,0.03128484117,0.05640464216,1
improved,0.0,step_raw,8,s2-s5,1,svd,59,86,4,4,1,0.6774270702,0.07867602359,0.09142534149,1
improved,0.0,step_raw,8,s2-s5,1,svd+ransac,59,86,4,4,1,0.6774270702,0.07867602359,0.09142534149,1
improved,0.0,step_raw,8,s2-s6,0,svd,59,85,5,5,1,1.216044892,0.1130008382,0.1450128321,1
improved,0.0,step_raw,8,s2-s6,0,svd+ransac,59,85,5,5,1,1.216044892,0.1130008382,0.1450128321,1
improved,0.0,step_raw,8,s3-s4,1,svd,45,55,7,7,1,0.4173273174,0.03296845409,0.04544921314,1
improved,0.0,step_raw,8,s3-s4,1,svd+ransac,45,55,7,7,1,0.4173273174,0.03296845409,0.04544921314,1
improved,0.0,step_raw,8,s3-s5,1,svd,45,86,10,10,1,0.05450313414,0.0168593218,0.01727770014,1
improved,0.0,step_raw,8,s3-s5,1,svd+ransac,45,86,10,10,1,0.05450313414,0.0168593218,0.01727770014,1
improved,0.0,step_raw,8,s3-s6,0,svd,45,85,8,8,1,0.5747747074,0.04822269874,0.0700023784,1
improved,0.0,step_raw,8,s3-s6,0,svd+ransac,45,85,8,8,1,1.620790188,0.03543686094,0.1116846298,1
improved,0.0,step_raw,8,s4-s5,1,svd,55,86,4,4,1,0.1149256597,0.09411275133,0.09483413351,1
improved,0.0,step_raw,8,s4-s5,1,svd+ransac,55,86,4,4,1,0.1149256597,0.09411275133,0.09483413351,1
improved,0.0,step_raw,8,s4-s6,1,svd,55,85,13,12,1,7.166996067,1.870115786,1.988499247,0
improved,0.0,step_raw,8,s4-s6,1,svd+ransac,55,85,13,12,1,0.1695775291,0.08155661827,0.08207683935,1
improved,0.0,step_raw,8,s5-s6,1,svd,86,85,10,10,1,0.2040263149,0.02703277367,0.02952285707,1
improved,0.0,step_raw,8,s5-s6,1,svd+ransac,86,85,10,10,1,0.2040263149,0.02703277367,0.02952285707,1
improved,0.0,step_raw,9,s1-s2,1,svd,54,61,4,4,1,0.1401093278,0.02605487283,0.02792306977,1
improved,0.0,step_raw,9,s1-s2,1,svd+ransac,54,61,4,4,1,0.1401093278,0.02605487283,0.02792306977,1
improved,0.0,step_raw,9,s1-s3,1,svd,54,47,10,10,1,0.6508780891,0.01734234042,0.0407399864,1
improved,0.0,step_raw,9,s1-s3,1,svd+ransac,54,47,10,10,1,0.6508780891,0.01734234042,0.0407399864,1
improved,0.0,step_raw,9,s1-s4,0,svd,54,53,5,5,1,1.09174555,0.2201645888,0.2295577927,1
improved,0.0,step_raw,9,s1-s4,0,svd+ransac,54,53,5,5,1,1.09174555,0.2201645888,0.2295577927,1
improved,0.0,step_raw,9,s1-s5,0,svd,54,85,2,2,0,nan,nan,nan,0
improved,0.0,step_raw,9,s1-s5,0,svd+ransac,54,85,2,2,0,nan,nan,nan,0
improved,0.0,step_raw,9,s1-s6,0,svd,54,92,4,4,1,1.16780109,0.08567928199,0.1226620993,1
improved,0.0,step_raw,9,s1-s6,0,svd+ransac,54,92,4,4,1,1.16780109,0.08567928199,0.1226620993,1
improved,0.0,step_raw,9,s2-s3,1,svd,61,47,9,9,1,0.3694579362,0.01525913968,0.02787573786,1
improved,0.0,step_raw,9,s2-s3,1,svd+ransac,61,47,9,9,1,0.3694579362,0.01525913968,0.02787573786,1
improved,0.0,step_raw,9,s2-s4,1,svd,61,53,9,9,1,0.7182680438,0.03193850423,0.05922271102,1
improved,0.0,step_raw,9,s2-s4,1,svd+ransac,61,53,9,9,1,0.7182680438,0.03193850423,0.05922271102,1
improved,0.0,step_raw,9,s2-s5,1,svd,61,85,6,6,1,0.8123433683,0.05464249115,0.07532046111,1
improved,0.0,step_raw,9,s2-s5,1,svd+ransac,61,85,6,6,1,0.8123433683,0.05464249115,0.07532046111,1
improved,0.0,step_raw,9,s2-s6,0,svd,61,92,7,7,1,2.522020761,0.1390339622,0.2036328818,0
improved,0.0,step_raw,9,s2-s6,0,svd+ransac,61,92,7,7,1,1.16490959,0.04996333132,0.08593271978,1
improved,0.0,step_raw,9,s3-s4,1,svd,47,53,9,9,1,0.4465726204,0.03608304957,0.04760333852,1
improved,0.0,step_raw,9,s3-s4,1,svd+ransac,47,53,9,9,1,0.4465726204,0.03608304957,0.04760333852,1
improved,0.0,step_raw,9,s3-s5,1,svd,47,85,3,3,1,2.041545931,0.577469086,0.5836261924,0
improved,0.0,step_raw,9,s3-s5,1,svd+ransac,47,85,3,3,1,2.041545931,0.577469086,0.5836261924,0
improved,0.0,step_raw,9,s3-s6,0,svd,47,92,4,4,1,1.386820461,0.07708617199,0.1214678199,1
improved,0.0,step_raw,9,s3-s6,0,svd+ransac,47,92,4,4,1,1.386820461,0.07708617199,0.1214678199,1
improved,0.0,step_raw,9,s4-s5,1,svd,53,85,5,5,1,1.28511175,0.1800079593,0.2004423221,1
improved,0.0,step_raw,9,s4-s5,1,svd+ransac,53,85,5,5,1,1.28511175,0.1800079593,0.2004423221,1
improved,0.0,step_raw,9,s4-s6,1,svd,53,92,12,12,1,0.1091923627,0.07654480962,0.07703667409,1
improved,0.0,step_raw,9,s4-s6,1,svd+ransac,53,92,12,12,1,0.1091923627,0.07654480962,0.07703667409,1
improved,0.0,step_raw,9,s5-s6,1,svd,85,92,11,11,1,0.510515098,0.01781882551,0.03713691144,1
improved,0.0,step_raw,9,s5-s6,1,svd+ransac,85,92,11,11,1,0.510515098,0.01781882551,0.03713691144,1
improved,0.0,step_raw,10,s1-s2,1,svd,58,62,4,4,1,0.170613449,0.02377312888,0.02620083465,1
improved,0.0,step_raw,10,s1-s2,1,svd+ransac,58,62,4,4,1,0.170613449,0.02377312888,0.02620083465,1
improved,0.0,step_raw,10,s1-s3,1,svd,58,46,7,7,1,1.377281361,0.2267734826,0.2361656555,1
improved,0.0,step_raw,10,s1-s3,1,svd+ransac,58,46,7,7,1,1.377281361,0.2267734826,0.2361656555,1
improved,0.0,step_raw,10,s1-s4,0,svd,58,58,5,5,1,1.132768437,0.2323516252,0.2416075705,1
improved,0.0,step_raw,10,s1-s4,0,svd+ransac,58,58,5,5,1,1.132768437,0.2323516252,0.2416075705,1
improved,0.0,step_raw,10,s1-s5,0,svd,58,81,2,2,0,nan,nan,nan,0
improved,0.0,step_raw,10,s1-s5,0,svd+ransac,58,81,2,2,0,nan,nan,nan,0
improved,0.0,step_raw,10,s1-s6,0,svd,58,86,0,0,0,nan,nan,nan,0
improved,0.0,step_raw,10,s1-s6,0,svd+ransac,58,86,0,0,0,nan,nan,nan,0
improved,0.0,step_raw,10,s2-s3,1,svd,62,46,12,12,1,0.1808225212,0.02334934272,0.0260482984,1
improved,0.0,step_raw,10,s2-s3,1,svd+ransac,62,46,12,12,1,0.1808225212,0.02334934272,0.0260482984,1
improved,0.0,step_raw,10,s2-s4,1,svd,62,58,5,5,1,1.187160332,0.02606200407,0.08294200555,1
improved,0.0,step_raw,10,s2-s4,1,svd+ransac,62,58,5,5,1,1.187160332,0.02606200407,0.08294200555,1
improved,0.0,step_raw,10,s2-s5,1,svd,62,81,7,7,1,0.7598264028,0.08234897108,0.09636607548,1
improved,0.0,step_raw,10,s2-s5,1,svd+ransac,62,81,7,7,1,0.7598264028,0.08234897108,0.09636607548,1
improved,0.0,step_raw,10,s2-s6,0,svd,62,86,3,3,1,0.6799757405,0.1871351041,0.1946114787,1
improved,0.0,step_raw,10,s2-s6,0,svd+ransac,62,86,3,3,1,0.6799757405,0.1871351041,0.1946114787,1
improved,0.0,step_raw,10,s3-s4,1,svd,46,58,6,6,1,0.4854879956,0.01612506899,0.03536501801,1
improved,0.0,step_raw,10,s3-s4,1,svd+ransac,46,58,6,6,1,0.4854879956,0.01612506899,0.03536501801,1
improved,0.0,step_raw,10,s3-s5,1,svd,46,81,8,8,1,0.127443857,0.0871632394,0.08693605991,1
improved,0.0,step_raw,10,s3-s5,1,svd+ransac,46,81,8,8,1,0.1463599387,0.03696003957,0.03849205703,1
improved,0.0,step_raw,10,s3-s6,0,svd,46,86,4,4,1,0.6303868697,0.1202889447,0.125072447,1
improved,0.0,step_raw,10,s3-s6,0,svd+ransac,46,86,4,4,1,1.095358272,0.5680217554,0.5645576346,0
improved,0.0,step_raw,10,s4-s5,1,svd,58,81,8,8,1,0.2556791481,0.05146270792,0.05563671546,1
improved,0.0,step_raw,10,s4-s5,1,svd+ransac,58,81,8,8,1,0.2556791481,0.05146270792,0.05563671546,1
improved,0.0,step_raw,10,s4-s6,1,svd,58,86,6,6,1,0.09803978169,0.123902428,0.1242820932,1
improved,0.0,step_raw,10,s4-s6,1,svd+ransac,58,86,6,6,1,0.09803978169,0.123902428,0.1242820932,1
improved,0.0,step_raw,10,s5-s6,1,svd,81,86,10,10,1,0.2045355176,0.02349587861,0.02668679724,1
improved,0.0,step_raw,10,s5-s6,1,svd+ransac,81,86,10,10,1,0.2045355176,0.02349587861,0.02668679724,1
improved,0.0,linear_a_raw,1,s1-s2,1,svd,56,57,9,9,1,0.5448044499,0.06680930525,0.07494102166,1
improved,0.0,linear_a_raw,1,s1-s2,1,svd+ransac,56,57,9,9,1,0.5448044499,0.06680930525,0.07494102166,1
improved,0.0,linear_a_raw,1,s1-s3,1,svd,56,49,9,9,1,0.6424405001,0.02235263972,0.04267263808,1
improved,0.0,linear_a_raw,1,s1-s3,1,svd+ransac,56,49,9,9,1,0.6424405001,0.02235263972,0.04267263808,1
improved,0.0,linear_a_raw,1,s1-s4,0,svd,56,52,1,1,0,nan,nan,nan,0
improved,0.0,linear_a_raw,1,s1-s4,0,svd+ransac,56,52,1,1,0,nan,nan,nan,0
improved,0.0,linear_a_raw,1,s1-s5,0,svd,56,84,9,9,1,0.6612265443,0.1013100239,0.1077602361,1
improved,0.0,linear_a_raw,1,s1-s5,0,svd+ransac,56,84,9,9,1,0.6612265443,0.1013100239,0.1077602361,1
improved,0.0,linear_a_raw,1,s1-s6,0,svd,56,89,0,0,0,nan,nan,nan,0
improved,0.0,linear_a_raw,1,s1-s6,0,svd+ransac,56,89,0,0,0,nan,nan,nan,0
improved,0.0,linear_a_raw,1,s2-s3,1,svd,57,49,11,11,1,0.3970536413,0.05036982479,0.05652010206,1
improved,0.0,linear_a_raw,1,s2-s3,1,svd+ransac,57,49,11,11,1,0.3970536413,0.05036982479,0.05652010206,1
improved,0.0,linear_a_raw,1,s2-s4,1,svd,57,52,10,10,1,0.5358978853,0.0206952363,0.04022761182,1
improved,0.0,linear_a_raw,1,s2-s4,1,svd+ransac,57,52,10,10,1,0.5358978853,0.0206952363,0.04022761182,1
improved,0.0,linear_a_raw,1,s2-s5,1,svd,57,84,5,5,1,0.8315102377,0.0783031564,0.09577720004,1
improved,0.0,linear_a_raw,1,s2-s5,1,svd+ransac,57,84,5,5,1,0.8315102377,0.0783031564,0.09577720004,1
improved,0.0,linear_a_raw,1,s2-s6,0,svd,57,89,7,7,1,2.005723743,0.4087761044,0.4355096539,0
improved,0.0,linear_a_raw,1,s2-s6,0,svd+ransac,57,89,7,7,1,0.6687380525,0.06656526486,0.08483879415,1
improved,0.0,linear_a_raw,1,s3-s4,1,svd,49,52,5,5,1,0.4227080385,0.01590958766,0.03623557967,1
improved,0.0,linear_a_raw,1,s3-s4,1,svd+ransac,49,52,5,5,1,0.4227080385,0.01590958766,0.03623557967,1
improved,0.0,linear_a_raw,1,s3-s5,1,svd,49,84,2,2,0,nan,nan,nan,0
improved,0.0,linear_a_raw,1,s3-s5,1,svd+ransac,49,84,2,2,0,nan,nan,nan,0
improved,0.0,linear_a_raw,1,s3-s6,0,svd,49,89,3,3,1,0.7311345837,0.443292782,0.440258646,1
improved,0.0,linear_a_raw,1,s3-s6,0,svd+ransac,49,89,3,3,1,0.7311345837,0.443292782,0.440258646,1
improved,0.0,linear_a_raw,1,s4-s5,1,svd,52,84,8,8,1,0.23636694,0.0714262622,0.07363076698,1
improved,0.0,linear_a_raw,1,s4-s5,1,svd+ransac,52,84,8,8,1,0.23636694,0.0714262622,0.07363076698,1
improved,0.0,linear_a_raw,1,s4-s6,1,svd,52,89,7,7,1,0.2673494267,0.1400850194,0.1415359964,1
improved,0.0,linear_a_raw,1,s4-s6,1,svd+ransac,52,89,7,7,1,0.2673494267,0.1400850194,0.1415359964,1
improved,0.0,linear_a_raw,1,s5-s6,1,svd,84,89,9,9,1,0.2253088539,0.02220624992,0.0296776551,1
improved,0.0,linear_a_raw,1,s5-s6,1,svd+ransac,84,89,9,9,1,0.2253088539,0.02220624992,0.0296776551,1
improved,0.0,linear_a_raw,2,s1-s2,1,svd,58,59,5,5,1,0.284639386,0.06897558004,0.07042019338,1
improved,0.0,linear_a_raw,2,s1-s2,1,svd+ransac,58,59,5,5,1,0.284639386,0.06897558004,0.07042019338,1
improved,0.0,linear_a_raw,2,s1-s3,1,svd,58,50,9,9,1,0.5811613697,0.0216324706,0.0425016184,1
improved,0.0,linear_a_raw,2,s1-s3,1,svd+ransac,58,50,9,9,1,0.5811613697,0.0216324706,0.0425016184,1
improved,0.0,linear_a_raw,2,s1-s4,0,svd,58,58,5,5,1,0.9687726283,0.1704957417,0.1794010082,1
improved,0.0,linear_a_raw,2,s1-s4,0,svd+ransac,58,58,5,5,1,0.9687726283,0.1704957417,0.1794010082,1
improved,0.0,linear_a_raw,2,s1-s5,0,svd,58,80,0,0,0,nan,nan,nan,0
improved,0.0,linear_a_raw,2,s1-s5,0,svd+ransac,58,80,0,0,0,nan,nan,nan,0
improved,0.0,linear_a_raw,2,s1-s6,0,svd,58,90,5,5,1,2.499145733,0.1492929413,0.2080975632,0
improved,0.0,linear_a_raw,2,s1-s6,0,svd+ransac,58,90,5,5,1,2.499145733,0.1492929413,0.2080975632,0
improved,0.0,linear_a_raw,2,s2-s3,1,svd,59,50,13,13,1,0.17668274,0.0175404083,0.02156422661,1
improved,0.0,linear_a_raw,2,s2-s3,1,svd+ransac,59,50,13,13,1,0.17668274,0.0175404083,0.02156422661,1
improved,0.0,linear_a_raw,2,s2-s4,1,svd,59,58,12,12,1,0.3728224248,0.0245112173,0.03332129612,1
improved,0.0,linear_a_raw,2,s2-s4,1,svd+ransac,59,58,12,12,1,0.3728224248,0.0245112173,0.03332129612,1
improved,0.0,linear_a_raw,2,s2-s5,1,svd,59,80,6,6,1,0.8139086671,0.05962462337,0.07836810695,1
improved,0.0,linear_a_raw,2,s2-s5,1,svd+ransac,59,80,6,6,1,0.8139086671,0.05962462337,0.07836810695,1
improved,0.0,linear_a_raw,2,s2-s6,0,svd,59,90,5,5,1,0.4123370342,0.008742040865,0.02860377137,1
improved,0.0,linear_a_raw,2,s2-s6,0,svd+ransac,59,90,5,5,1,0.4123370342,0.008742040865,0.02860377137,1
improved,0.0,linear_a_raw,2,s3-s4,1,svd,50,58,7,7,1,0.4096221309,0.03117121767,0.04176171087,1
improved,0.0,linear_a_raw,2,s3-s4,1,svd+ransac,50,58,7,7,1,0.4096221309,0.03117121767,0.04176171087,1
improved,0.0,linear_a_raw,2,s3-s5,1,svd,50,80,3,3,1,0.3999291769,0.05444336574,0.05931070217,1
improved,0.0,linear_a_raw,2,s3-s5,1,svd+ransac,50,80,3,3,1,0.3999291769,0.05444336574,0.05931070217,1
improved,0.0,linear_a_raw,2,s3-s6,0,svd,50,90,3,3,1,0.407282155,0.2148939265,0.2137145194,1
improved,0.0,linear_a_raw,2,s3-s6,0,svd+ransac,50,90,3,3,1,0.407282155,0.2148939265,0.2137145194,1
improved,0.0,linear_a_raw,2,s4-s5,1,svd,58,80,8,8,1,0.3765737114,0.07960794501,0.08343619434,1
improved,0.0,linear_a_raw,2,s4-s5,1,svd+ransac,58,80,8,8,1,0.3765737114,0.07960794501,0.08343619434,1
improved,0.0,linear_a_raw,2,s4-s6,1,svd,58,90,14,14,1,0.0780573715,0.06179266866,0.06200267638,1
improved,0.0,linear_a_raw,2,s4-s6,1,svd+ransac,58,90,14,14,1,0.0780573715,0.06179266866,0.06200267638,1
improved,0.0,linear_a_raw,2,s5-s6,1,svd,80,90,10,10,1,0.2659648094,0.0306143625,0.03698747155,1
improved,0.0,linear_a_raw,2,s5-s6,1,svd+ransac,80,90,10,10,1,0.2659648094,0.0306143625,0.03698747155,1
improved,0.0,linear_a_raw,3,s1-s2,1,svd,58,59,6,6,1,0.4163908578,0.05563573012,0.06228007382,1
improved,0.0,linear_a_raw,3,s1-s2,1,svd+ransac,58,59,6,6,1,0.4163908578,0.05563573012,0.06228007382,1
improved,0.0,linear_a_raw,3,s1-s3,1,svd,58,47,8,8,1,0.6753061894,0.03448833359,0.05087172985,1
improved,0.0,linear_a_raw,3,s1-s3,1,svd+ransac,58,47,8,8,1,0.2957907542,0.01621094274,0.0230300047,1
improved,0.0,linear_a_raw,3,s1-s4,0,svd,58,51,6,6,1,0.7749577519,0.1374567022,0.1458192504,1
improved,0.0,linear_a_raw,3,s1-s4,0,svd+ransac,58,51,6,6,1,0.7749577519,0.1374567022,0.1458192504,1
improved,0.0,linear_a_raw,3,s1-s5,0,svd,58,82,5,5,1,0.4097780949,0.02121953367,0.03943546933,1
improved,0.0,linear_a_raw,3,s1-s5,0,svd+ransac,58,82,5,5,1,0.4097780949,0.02121953367,0.03943546933,1
improved,0.0,linear_a_raw,3,s1-s6,0,svd,58,96,3,3,1,0.9989396287,0.08195904726,0.09939736908,1
improved,0.0,linear_a_raw,3,s1-s6,0,svd+ransac,58,96,3,3,1,0.9989396287,0.08195904726,0.09939736908,1
improved,0.0,linear_a_raw,3,s2-s3,1,svd,59,47,7,7,1,0.7391925781,0.03709095644,0.05701565962,1
improved,0.0,linear_a_raw,3,s2-s3,1,svd+ransac,59,47,7,7,1,0.7391925781,0.03709095644,0.05701565962,1
improved,0.0,linear_a_raw,3,s2-s4,1,svd,59,51,7,7,1,0.3907742063,0.00863979742,0.02815552663,1
improved,0.0,linear_a_raw,3,s2-s4,1,svd+ransac,59,51,7,7,1,0.3907742063,0.00863979742,0.02815552663,1
improved,0.0,linear_a_raw,3,s2-s5,1,svd,59,82,1,1,0,nan,nan,nan,0
improved,0.0,linear_a_raw,3,s2-s5,1,svd+ransac,59,82,1,1,0,nan,nan,nan,0
improved,0.0,linear_a_raw,3,s2-s6,0,svd,59,96,4,4,1,1.696390838,0.7375146903,0.7434268507,0
improved,0.0,linear_a_raw,3,s2-s6,0,svd+ransac,59,96,4,4,1,0.6508090594,0.2804227033,0.2833333375,1
improved,0.0,linear_a_raw,3,s3-s4,1,svd,47,51,9,9,1,0.5438772998,0.02644764334,0.04296475259,1
improved,0.0,linear_a_raw,3,s3-s4,1,svd+ransac,47,51,9,9,1,0.5438772998,0.02644764334,0.04296475259,1
improved,0.0,linear_a_raw,3,s3-s5,1,svd,47,82,7,7,1,0.8078308441,0.1699361019,0.1745599737,1
improved,0.0,linear_a_raw,3,s3-s5,1,svd+ransac,47,82,7,7,1,0.8078308441,0.1699361019,0.1745599737,1
improved,0.0,linear_a_raw,3,s3-s6,0,svd,47,96,3,3,1,0.1821595282,0.09079923371,0.09051184022,1
improved,0.0,linear_a_raw,3,s3-s6,0,svd+ransac,47,96,3,3,1,0.1821595282,0.09079923371,0.09051184022,1
improved,0.0,linear_a_raw,3,s4-s5,1,svd,51,82,8,8,1,0.3285847905,0.07012363622,0.07349947336,1
improved,0.0,linear_a_raw,3,s4-s5,1,svd+ransac,51,82,8,8,1,0.3285847905,0.07012363622,0.07349947336,1
improved,0.0,linear_a_raw,3,s4-s6,1,svd,51,96,11,11,1,0.2251551417,0.1466870896,0.1471259077,1
improved,0.0,linear_a_raw,3,s4-s6,1,svd+ransac,51,96,11,11,1,0.2251551417,0.1466870896,0.1471259077,1
improved,0.0,linear_a_raw,3,s5-s6,1,svd,82,96,12,12,1,0.09349267165,0.02273623375,0.0245302404,1
improved,0.0,linear_a_raw,3,s5-s6,1,svd+ransac,82,96,12,12,1,0.09349267165,0.02273623375,0.0245302404,1
improved,0.0,linear_a_raw,4,s1-s2,1,svd,61,60,6,6,1,0.2501012917,0.06914402362,0.07019195983,1
improved,0.0,linear_a_raw,4,s1-s2,1,svd+ransac,61,60,6,6,1,0.2501012917,0.06914402362,0.07019195983,1
improved,0.0,linear_a_raw,4,s1-s3,1,svd,61,47,10,10,1,0.2901393705,0.1080603811,0.1110973158,1
improved,0.0,linear_a_raw,4,s1-s3,1,svd+ransac,61,47,10,10,1,0.2901393705,0.1080603811,0.1110973158,1
improved,0.0,linear_a_raw,4,s1-s4,0,svd,61,57,2,2,0,nan,nan,nan,0
improved,0.0,linear_a_raw,4,s1-s4,0,svd+ransac,61,57,2,2,0,nan,nan,nan,0
improved,0.0,linear_a_raw,4,s1-s5,0,svd,61,80,8,8,1,1.404174501,0.07238373185,0.1086814827,1
improved,0.0,linear_a_raw,4,s1-s5,0,svd+ransac,61,80,8,8,1,0.9408906601,0.07599730504,0.09373553987,1
improved,0.0,linear_a_raw,4,s1-s6,0,svd,61,90,4,4,1,0.9838201855,0.1890386602,0.1949980729,1
improved,0.0,linear_a_raw,4,s1-s6,0,svd+ransac,61,90,4,4,1,0.9838201855,0.1890386602,0.1949980729,1
improved,0.0,linear_a_raw,4,s2-s3,1,svd,60,47,10,10,1,0.5198866382,0.06967264544,0.07780977217,1
improved,0.0,linear_a_raw,4,s2-s3,1,svd+ransac,60,47,10,10,1,0.5198866382,0.06967264544,0.07780977217,1
improved,0.0,linear_a_raw,4,s2-s4,1,svd,60,57,8,8,1,0.2633837497,0.02832125026,0.0376713182,1
improved,0.0,linear_a_raw,4,s2-s4,1,svd+ransac,60,57,8,8,1,0.2633837497,0.02832125026,0.0376713182,1
improved,0.0,linear_a_raw,4,s2-s5,1,svd,60,80,2,2,0,nan,nan,nan,0
improved,0.0,linear_a_raw,4,s2-s5,1,svd+ransac,60,80,2,2,0,nan,nan,nan,0
improved,0.0,linear_a_raw,4,s2-s6,0,svd,60,90,2,2,0,nan,nan,nan,0
improved,0.0,linear_a_raw,4,s2-s6,0,svd+ransac,60,90,2,2,0,nan,nan,nan,0
improved,0.0,linear_a_raw,4,s3-s4,1,svd,47,57,10,10,1,0.4441435715,0.02865075233,0.04026379823,1
improved,0.0,linear_a_raw,4,s3-s4,1,svd+ransac,47,57,10,10,1,0.4441435715,0.02865075233,0.04026379823,1
improved,0.0,linear_a_raw,4,s3-s5,1,svd,47,80,8,8,1,0.19567375,0.03563615471,0.03720164773,1
improved,0.0,linear_a_raw,4,s3-s5,1,svd+ransac,47,80,8,8,1,0.19567375,0.03563615471,0.03720164773,1
improved,0.0,linear_a_raw,4,s3-s6,0,svd,47,90,10,10,1,0.3299312603,0.1075394874,0.1081274333,1
improved,0.0,linear_a_raw,4,s3-s6,0,svd+ransac,47,90,10,10,1,0.3299312603,0.1075394874,0.1081274333,1
improved,0.0,linear_a_raw,4,s4-s5,1,svd,57,80,9,9,1,0.3156558256,0.07501815919,0.0781015432,1
improved,0.0,linear_a_raw,4,s4-s5,1,svd+ransac,57,80,9,9,1,0.3156558256,0.07501815919,0.0781015432,1
improved,0.0,linear_a_raw,4,s4-s6,1,svd,57,90,12,12,1,0.1775645881,0.04191711896,0.04284544547,1
improved,0.0,linear_a_raw,4,s4-s6,1,svd+ransac,57,90,12,12,1,0.1775645881,0.04191711896,0.04284544547,1
improved,0.0,linear_a_raw,4,s5-s6,1,svd,80,90,9,9,1,0.2512994638,0.03088744339,0.03665634334,1
improved,0.0,linear_a_raw,4,s5-s6,1,svd+ransac,80,90,9,9,1,0.2512994638,0.03088744339,0.03665634334,1
improved,0.0,linear_a_raw,5,s1-s2,1,svd,55,58,7,7,1,0.2191493918,0.06748765134,0.06843873012,1
improved,0.0,linear_a_raw,5,s1-s2,1,svd+ransac,55,58,7,7,1,0.2191493918,0.06748765134,0.06843873012,1
improved,0.0,linear_a_raw,5,s1-s3,1,svd,55,50,8,8,1,0.6306752019,0.02851342416,0.04435347137,1
improved,0.0,linear_a_raw,5,s1-s3,1,svd+ransac,55,50,8,8,1,0.6306752019,0.02851342416,0.04435347137,1
improved,0.0,linear_a_raw,5,s1-s4,0,svd,55,54,1,1,0,nan,nan,nan,0
improved,0.0,linear_a_raw,5,s1-s4,0,svd+ransac,55,54,1,1,0,nan,nan,nan,0
improved,0.0,linear_a_raw,5,s1-s5,0,svd,55,79,0,0,0,nan,nan,nan,0
improved,0.0,linear_a_raw,5,s1-s5,0,svd+ransac,55,79,0,0,0,nan,nan,nan,0
improved,0.0,linear_a_raw,5,s1-s6,0,svd,55,91,4,4,1,1.907360189,0.1410672822,0.1808253366,1
improved,0.0,linear_a_raw,5,s1-s6,0,svd+ransac,55,91,4,4,1,1.907360189,0.1410672822,0.1808253366,1
improved,0.0,linear_a_raw,5,s2-s3,1,svd,58,50,9,9,1,0.8616402035,0.02750108071,0.05735659235,1
improved,0.0,linear_a_raw,5,s2-s3,1,svd+ransac,58,50,9,9,1,0.8616402035,0.02750108071,0.05735659235,1
improved,0.0,linear_a_raw,5,s2-s4,1,svd,58,54,9,9,1,0.7276973521,0.02800582077,0.05777633662,1
improved,0.0,linear_a_raw,5,s2-s4,1,svd+ransac,58,54,9,9,1,0.7276973521,0.02800582077,0.05777633662,1
improved,0.0,linear_a_raw,5,s2-s5,1,svd,58,79,6,6,1,0.868040733,0.09946410971,0.1165574764,1
improved,0.0,linear_a_raw,5,s2-s5,1,svd+ransac,58,79,6,6,1,0.868040733,0.09946410971,0.1165574764,1
improved,0.0,linear_a_raw,5,s2-s6,0,svd,58,91,4,4,1,1.095614813,0.1021521373,0.1282232717,1
improved,0.0,linear_a_raw,5,s2-s6,0,svd+ransac,58,91,4,4,1,1.095614813,0.1021521373,0.1282232717,1
improved,0.0,linear_a_raw,5,s3-s4,1,svd,50,54,4,4,1,0.9083918672,0.02086102332,0.05736832698,1
improved,0.0,linear_a_raw,5,s3-s4,1,svd+ransac,50,54,4,4,1,0.9083918672,0.02086102332,0.05736832698,1
improved,0.0,linear_a_raw,5,s3-s5,1,svd,50,79,5,5,1,0.3544167209,0.1408812092,0.1421095392,1
improved,0.0,linear_a_raw,5,s3-s5,1,svd+ransac,50,79,5,5,1,1.565935715,0.05916936925,0.1018174043,1
improved,0.0,linear_a_raw,5,s3-s6,0,svd,50,91,4,4,1,0.5489968416,0.1509175296,0.1539297098,1
improved,0.0,linear_a_raw,5,s3-s6,0,svd+ransac,50,91,4,4,1,0.5489968416,0.1509175296,0.1539297098,1
improved,0.0,linear_a_raw,5,s4-s5,1,svd,54,79,7,7,1,0.1976193624,0.07138892378,0.07303849979,1
improved,0.0,linear_a_raw,5,s4-s5,1,svd+ransac,54,79,7,7,1,0.1976193624,0.07138892378,0.07303849979,1
improved,0.0,linear_a_raw,5,s4-s6,1,svd,54,91,10,10,1,0.1345164225,0.06489005993,0.06531139893,1
improved,0.0,linear_a_raw,5,s4-s6,1,svd+ransac,54,91,10,10,1,0.1345164225,0.06489005993,0.06531139893,1
improved,0.0,linear_a_raw,5,s5-s6,1,svd,79,91,3,3,1,1.776418127,0.1500713156,0.1895665676,1
improved,0.0,linear_a_raw,5,s5-s6,1,svd+ransac,79,91,3,3,1,1.776418127,0.1500713156,0.1895665676,1
improved,0.0,linear_a_raw,6,s1-s2,1,svd,55,62,11,11,1,0.4131200118,0.05828796663,0.06329446268,1
improved,0.0,linear_a_raw,6,s1-s2,1,svd+ransac,55,62,11,11,1,0.4131200118,0.05828796663,0.06329446268,1
improved,0.0,linear_a_raw,6,s1-s3,1,svd,55,51,8,8,1,1.062926021,0.1200252429,0.1326535173,1
improved,0.0,linear_a_raw,6,s1-s3,1,svd+ransac,55,51,8,8,1,1.062926021,0.1200252429,0.1326535173,1
improved,0.0,linear_a_raw,6,s1-s4,0,svd,55,52,4,4,1,1.081449644,0.1980119953,0.2077116063,1
improved,0.0,linear_a_raw,6,s1-s4,0,svd+ransac,55,52,4,4,1,1.081449644,0.1980119953,0.2077116063,1
improved,0.0,linear_a_raw,6,s1-s5,0,svd,55,81,8,8,1,0.926024092,0.1035730622,0.1159253128,1
improved,0.0,linear_a_raw,6,s1-s5,0,svd+ransac,55,81,8,8,1,0.926024092,0.1035730622,0.1159253128,1
improved,0.0,linear_a_raw,6,s1-s6,0,svd,55,90,0,0,0,nan,nan,nan,0
improved,0.0,linear_a_raw,6,s1-s6,0,svd+ransac,55,90,0,0,0,nan,nan,nan,0
improved,0.0,linear_a_raw,6,s2-s3,1,svd,62,51,9,9,1,4.170302751,0.3863496956,0.4556166323,0
improved,0.0,linear_a_raw,6,s2-s3,1,svd+ransac,62,51,9,9,1,0.2853822625,0.029441387,0.03463410414,1
improved,0.0,linear_a_raw,6,s2-s4,1,svd,62,52,5,5,1,0.9394580299,0.1126142909,0.130557451,1
improved,0.0,linear_a_raw,6,s2-s4,1,svd+ransac,62,52,5,5,1,0.9394580299,0.1126142909,0.130557451,1
improved,0.0,linear_a_raw,6,s2-s5,1,svd,62,81,5,5,1,0.5639956352,0.05375509544,0.06554147605,1
improved,0.0,linear_a_raw,6,s2-s5,1,svd+ransac,62,81,5,5,1,0.5639956352,0.05375509544,0.06554147605,1
improved,0.0,linear_a_raw,6,s2-s6,0,svd,62,90,5,5,1,1.931179108,0.1828322519,0.2222174754,1
improved,0.0,linear_a_raw,6,s2-s6,0,svd+ransac,62,90,5,5,1,1.70968788,0.2362346608,0.2520081713,1
improved,0.0,linear_a_raw,6,s3-s4,1,svd,51,52,4,4,1,1.131408878,0.1370915225,0.1522607092,1
improved,0.0,linear_a_raw,6,s3-s4,1,svd+ransac,51,52,4,4,1,1.131408878,0.1370915225,0.1522607092,1
improved,0.0,linear_a_raw,6,s3-s5,1,svd,51,81,2,2,0,nan,nan,nan,0
improved,0.0,linear_a_raw,6,s3-s5,1,svd+ransac,51,81,2,2,0,nan,nan,nan,0
improved,0.0,linear_a_raw,6,s3-s6,0,svd,51,90,3,3,1,1.052725814,0.2388612317,0.2445298081,1
improved,0.0,linear_a_raw,6,s3-s6,0,svd+ransac,51,90,3,3,1,1.052725814,0.2388612317,0.2445298081,1
improved,0.0,linear_a_raw,6,s4-s5,1,svd,52,81,10,10,1,0.102860228,0.04829703194,0.04872652847,1
improved,0.0,linear_a_raw,6,s4-s5,1,svd+ransac,52,81,10,10,1,0.102860228,0.04829703194,0.04872652847,1
improved,0.0,linear_a_raw,6,s4-s6,1,svd,52,90,13,13,1,0.139218834,0.07558789721,0.07619824718,1
improved,0.0,linear_a_raw,6,s4-s6,1,svd+ransac,52,90,13,13,1,0.139218834,0.07558789721,0.07619824718,1
improved,0.0,linear_a_raw,6,s5-s6,1,svd,81,90,9,9,1,0.3785208683,0.02922626115,0.03926918279,1
improved,0.0,linear_a_raw,6,s5-s6,1,svd+ransac,81,90,9,9,1,0.3785208683,0.02922626115,0.03926918279,1
improved,0.0,linear_a_raw,7,s1-s2,1,svd,55,58,6,6,1,0.2135244897,0.07590987277,0.07633269853,1
improved,0.0,linear_a_raw,7,s1-s2,1,svd+ransac,55,58,6,6,1,0.2135244897,0.07590987277,0.07633269853,1
improved,0.0,linear_a_raw,7,s1-s3,1,svd,55,45,6,6,1,0.7892026024,0.05196547971,0.06704505917,1
improved,0.0,linear_a_raw,7,s1-s3,1,svd+ransac,55,45,6,6,1,0.7892026024,0.05196547971,0.06704505917,1
improved,0.0,linear_a_raw,7,s1-s4,0,svd,55,52,9,9,1,0.7997821946,0.08565017291,0.0984078398,1
improved,0.0,linear_a_raw,7,s1-s4,0,svd+ransac,55,52,9,9,1,0.7997821946,0.08565017291,0.0984078398,1
improved,0.0,linear_a_raw,7,s1-s5,0,svd,55,86,2,2,0,nan,nan,nan,0
improved,0.0,linear_a_raw,7,s1-s5,0,svd+ransac,55,86,2,2,0,nan,nan,nan,0
improved,0.0,linear_a_raw,7,s1-s6,0,svd,55,88,3,3,1,2.290061032,0.3503579084,0.3961738211,0
improved,0.0,linear_a_raw,7,s1-s6,0,svd+ransac,55,88,3,3,1,2.290061032,0.3503579084,0.3961738211,0
improved,0.0,linear_a_raw,7,s2-s3,1,svd,58,45,5,5,1,0.1380763445,0.01822187688,0.02055916769,1
improved,0.0,linear_a_raw,7,s2-s3,1,svd+ransac,58,45,5,5,1,0.1380763445,0.01822187688,0.02055916769,1
improved,0.0,linear_a_raw,7,s2-s4,1,svd,58,52,11,11,1,0.4671557586,0.04468702643,0.05378684081,1
improved,0.0,linear_a_raw,7,s2-s4,1,svd+ransac,58,52,11,11,1,0.4671557586,0.04468702643,0.05378684081,1
improved,0.0,linear_a_raw,7,s2-s5,1,svd,58,86,2,2,0,nan,nan,nan,0
improved,0.0,linear_a_raw,7,s2-s5,1,svd+ransac,58,86,2,2,0,nan,nan,nan,0
improved,0.0,linear_a_raw,7,s2-s6,0,svd,58,88,5,5,1,6.415462075,1.213455929,1.302834974,0
improved,0.0,linear_a_raw,7,s2-s6,0,svd+ransac,58,88,5,5,1,6.415462075,1.213455929,1.302834974,0
improved,0.0,linear_a_raw,7,s3-s4,1,svd,45,52,6,6,1,0.3963102555,0.02803787074,0.03601836155,1
improved,0.0,linear_a_raw,7,s3-s4,1,svd+ransac,45,52,6,6,1,0.3963102555,0.02803787074,0.03601836155,1
improved,0.0,linear_a_raw,7,s3-s5,1,svd,45,86,7,7,1,0.1773238925,0.04280313108,0.04351602459,1
improved,0.0,linear_a_raw,7,s3-s5,1,svd+ransac,45,86,7,7,1,0.1773238925,0.04280313108,0.04351602459,1
improved,0.0,linear_a_raw,7,s3-s6,0,svd,45,88,3,3,1,0.272170718,0.06248048316,0.06674852572,1
improved,0.0,linear_a_raw,7,s3-s6,0,svd+ransac,45,88,3,3,1,0.272170718,0.06248048316,0.06674852572,1
improved,0.0,linear_a_raw,7,s4-s5,1,svd,52,86,10,10,1,0.4088992139,0.04639959157,0.05380052613,1
improved,0.0,linear_a_raw,7,s4-s5,1,svd+ransac,52,86,10,10,1,0.4088992139,0.04639959157,0.05380052613,1
improved,0.0,linear_a_raw,7,s4-s6,1,svd,52,88,11,11,1,0.2477629608,0.04568712036,0.04876107157,1
improved,0.0,linear_a_raw,7,s4-s6,1,svd+ransac,52,88,11,11,1,0.2477629608,0.04568712036,0.04876107157,1
improved,0.0,linear_a_raw,7,s5-s6,1,svd,86,88,11,11,1,0.3227715429,0.04127120613,0.04600901626,1
improved,0.0,linear_a_raw,7,s5-s6,1,svd+ransac,86,88,11,11,1,0.3227715429,0.04127120613,0.04600901626,1
improved,0.0,linear_a_raw,8,s1-s2,1,svd,59,61,4,4,1,0.1486330582,0.01427704062,0.01809228221,1
improved,0.0,linear_a_raw,8,s1-s2,1,svd+ransac,59,61,4,4,1,0.1486330582,0.01427704062,0.01809228221,1
improved,0.0,linear_a_raw,8,s1-s3,1,svd,59,46,9,9,1,0.5337106498,0.0405740923,0.05035432296,1
improved,0.0,linear_a_raw,8,s1-s3,1,svd+ransac,59,46,9,9,1,0.5337106498,0.0405740923,0.05035432296,1
improved,0.0,linear_a_raw,8,s1-s4,0,svd,59,57,3,3,1,0.4759023194,0.1023830605,0.1075750835,1
improved,0.0,linear_a_raw,8,s1-s4,0,svd+ransac,59,57,3,3,1,0.4759023194,0.1023830605,0.1075750835,1
improved,0.0,linear_a_raw,8,s1-s5,0,svd,59,86,8,8,1,0.5936876202,0.09479470852,0.1015732452,1
improved,0.0,linear_a_raw,8,s1-s5,0,svd+ransac,59,86,8,8,1,0.5936876202,0.09479470852,0.1015732452,1
improved,0.0,linear_a_raw,8,s1-s6,0,svd,59,87,0,0,0,nan,nan,nan,0
improved,0.0,linear_a_raw,8,s1-s6,0,svd+ransac,59,87,0,0,0,nan,nan,nan,0
improved,0.0,linear_a_raw,8,s2-s3,1,svd,61,46,6,6,1,0.7381857319,0.04893681884,0.06550445359,1
improved,0.0,linear_a_raw,8,s2-s3,1,svd+ransac,61,46,6,6,1,0.7381857319,0.04893681884,0.06550445359,1
improved,0.0,linear_a_raw,8,s2-s4,1,svd,61,57,9,9,1,0.3636659862,0.0124863468,0.02476776199,1
improved,0.0,linear_a_raw,8,s2-s4,1,svd+ransac,61,57,9,9,1,0.3636659862,0.0124863468,0.02476776199,1
improved,0.0,linear_a_raw,8,s2-s5,1,svd,61,86,1,1,0,nan,nan,nan,0
improved,0.0,linear_a_raw,8,s2-s5,1,svd+ransac,61,86,1,1,0,nan,nan,nan,0
improved,0.0,linear_a_raw,8,s2-s6,0,svd,61,87,6,6,1,0.8185097273,0.04244168038,0.06858229931,1
improved,0.0,linear_a_raw,8,s2-s6,0,svd+ransac,61,87,6,6,1,0.8185097273,0.04244168038,0.06858229931,1
improved,0.0,linear_a_raw,8,s3-s4,1,svd,46,57,6,6,1,0.5146530178,0.02347870873,0.03807770781,1
improved,0.0,linear_a_raw,8,s3-s4,1,svd+ransac,46,57,6,6,1,0.5146530178,0.02347870873,0.03807770781,1
improved,0.0,linear_a_raw,8,s3-s5,1,svd,46,86,9,9,1,0.05790491848,0.01708763452,0.01832382264,1
improved,0.0,linear_a_raw,8,s3-s5,1,svd+ransac,46,86,9,9,1,0.05790491848,0.01708763452,0.01832382264,1
improved,0.0,linear_a_raw,8,s3-s6,0,svd,46,87,4,4,1,0.8000503752,0.4259051328,0.4237395879,1
improved,0.0,linear_a_raw,8,s3-s6,0,svd+ransac,46,87,4,4,1,0.8000503752,0.4259051328,0.4237395879,1
improved,0.0,linear_a_raw,8,s4-s5,1,svd,57,86,4,4,1,4.589288389,0.5367108243,0.6219882373,0
improved,0.0,linear_a_raw,8,s4-s5,1,svd+ransac,57,86,4,4,1,4.589288389,0.5367108243,0.6219882373,0
improved,0.0,linear_a_raw,8,s4-s6,1,svd,57,87,13,12,1,6.41327494,1.4796005,1.602450857,0
improved,0.0,linear_a_raw,8,s4-s6,1,svd+ransac,57,87,13,12,1,0.03910340936,0.0449054959,0.045027037,1
improved,0.0,linear_a_raw,8,s5-s6,1,svd,86,87,10,10,1,0.2334335636,0.03869239115,0.04247558007,1
improved,0.0,linear_a_raw,8,s5-s6,1,svd+ransac,86,87,10,10,1,0.2334335636,0.03869239115,0.04247558007,1
improved,0.0,linear_a_raw,9,s1-s2,1,svd,54,61,4,4,1,0.1401093278,0.02605487283,0.02792306977,1
improved,0.0,linear_a_raw,9,s1-s2,1,svd+ransac,54,61,4,4,1,0.1401093278,0.02605487283,0.02792306977,1
improved,0.0,linear_a_raw,9,s1-s3,1,svd,54,48,10,10,1,0.6492673582,0.02385507234,0.04200452944,1
improved,0.0,linear_a_raw,9,s1-s3,1,svd+ransac,54,48,10,10,1,0.6492673582,0.02385507234,0.04200452944,1
improved,0.0,linear_a_raw,9,s1-s4,0,svd,54,54,3,3,1,2.078288262,0.4554767552,0.4661352534,0
improved,0.0,linear_a_raw,9,s1-s4,0,svd+ransac,54,54,3,3,1,2.078288262,0.4554767552,0.4661352534,0
improved,0.0,linear_a_raw,9,s1-s5,0,svd,54,84,2,2,0,nan,nan,nan,0
improved,0.0,linear_a_raw,9,s1-s5,0,svd+ransac,54,84,2,2,0,nan,nan,nan,0
improved,0.0,linear_a_raw,9,s1-s6,0,svd,54,92,3,3,1,2.174582642,0.3080162399,0.3538098706,0
improved,0.0,linear_a_raw,9,s1-s6,0,svd+ransac,54,92,3,3,1,2.174582642,0.3080162399,0.3538098706,0
improved,0.0,linear_a_raw,9,s2-s3,1,svd,61,48,9,9,1,0.6612088334,0.0748441036,0.0866557254,1
improved,0.0,linear_a_raw,9,s2-s3,1,svd+ransac,61,48,9,9,1,0.6612088334,0.0748441036,0.0866557254,1
improved,0.0,linear_a_raw,9,s2-s4,1,svd,61,54,8,8,1,0.7714122656,0.03797963018,0.06769707001,1
improved,0.0,linear_a_raw,9,s2-s4,1,svd+ransac,61,54,8,8,1,0.7714122656,0.03797963018,0.06769707001,1
improved,0.0,linear_a_raw,9,s2-s5,1,svd,61,84,3,3,1,0.6781395309,0.07714867598,0.09010554464,1
improved,0.0,linear_a_raw,9,s2-s5,1,svd+ransac,61,84,3,3,1,0.6781395309,0.07714867598,0.09010554464,1
improved,0.0,linear_a_raw,9,s2-s6,0,svd,61,92,7,7,1,2.534776875,0.1247601323,0.1939023014,0
improved,0.0,linear_a_raw,9,s2-s6,0,svd+ransac,61,92,7,7,1,1.172094,0.0310350617,0.07701093313,1
improved,0.0,linear_a_raw,9,s3-s4,1,svd,48,54,9,9,1,0.4487973256,0.03664884872,0.04819544018,1
improved,0.0,linear_a_raw,9,s3-s4,1,svd+ransac,48,54,9,9,1,0.4487973256,0.03664884872,0.04819544018,1
improved,0.0,linear_a_raw,9,s3-s5,1,svd,48,84,6,6,1,0.2742745663,0.009065889527,0.01921747618,1
improved,0.0,linear_a_raw,9,s3-s5,1,svd+ransac,48,84,6,6,1,0.2742745663,0.009065889527,0.01921747618,1
improved,0.0,linear_a_raw,9,s3-s6,0,svd,48,92,4,4,1,0.6192732928,0.01251019494,0.04544635146,1
improved,0.0,linear_a_raw,9,s3-s6,0,svd+ransac,48,92,4,4,1,0.6192732928,0.01251019494,0.04544635146,1
improved,0.0,linear_a_raw,9,s4-s5,1,svd,54,84,6,6,1,0.6487884375,0.1043911604,0.1129000611,1
improved,0.0,linear_a_raw,9,s4-s5,1,svd+ransac,54,84,6,6,1,0.6487884375,0.1043911604,0.1129000611,1
improved,0.0,linear_a_raw,9,s4-s6,1,svd,54,92,10,10,1,0.07933649005,0.04671916459,0.04702668436,1
improved,0.0,linear_a_raw,9,s4-s6,1,svd+ransac,54,92,10,10,1,0.07933649005,0.04671916459,0.04702668436,1
improved,0.0,linear_a_raw,9,s5-s6,1,svd,84,92,14,14,1,0.3505849406,0.02933330351,0.0349624662,1
improved,0.0,linear_a_raw,9,s5-s6,1,svd+ransac,84,92,14,14,1,0.3505849406,0.02933330351,0.0349624662,1
improved,0.0,linear_a_raw,10,s1-s2,1,svd,58,62,5,5,1,0.1779006111,0.02707566043,0.02907863753,1
improved,0.0,linear_a_raw,10,s1-s2,1,svd+ransac,58,62,5,5,1,0.1779006111,0.02707566043,0.02907863753,1
improved,0.0,linear_a_raw,10,s1-s3,1,svd,58,46,8,8,1,1.043792376,0.1225019959,0.1343437027,1
improved,0.0,linear_a_raw,10,s1-s3,1,svd+ransac,58,46,8,8,1,1.043792376,0.1225019959,0.1343437027,1
improved,0.0,linear_a_raw,10,s1-s4,0,svd,58,59,3,3,1,0.9706473201,0.09961911279,0.1239311992,1
improved,0.0,linear_a_raw,10,s1-s4,0,svd+ransac,58,59,3,3,1,0.9706473201,0.09961911279,0.1239311992,1
improved,0.0,linear_a_raw,10,s1-s5,0,svd,58,82,5,5,1,0.2988308351,0.06941580075,0.07286891047,1
improved,0.0,linear_a_raw,10,s1-s5,0,svd+ransac,58,82,5,5,1,0.2988308351,0.06941580075,0.07286891047,1
improved,0.0,linear_a_raw,10,s1-s6,0,svd,58,87,0,0,0,nan,nan,nan,0
improved,0.0,linear_a_raw,10,s1-s6,0,svd+ransac,58,87,0,0,0,nan,nan,nan,0
improved,0.0,linear_a_raw,10,s2-s3,1,svd,62,46,12,12,1,0.1417388753,0.02126925395,0.02305857867,1
improved,0.0,linear_a_raw,10,s2-s3,1,svd+ransac,62,46,12,12,1,0.1417388753,0.02126925395,0.02305857867,1
improved,0.0,linear_a_raw,10,s2-s4,1,svd,62,59,5,5,1,1.183607476,0.02568924148,0.083463671,1
improved,0.0,linear_a_raw,10,s2-s4,1,svd+ransac,62,59,5,5,1,1.183607476,0.02568924148,0.083463671,1
improved,0.0,linear_a_raw,10,s2-s5,1,svd,62,82,6,6,1,0.9012319288,0.07104119401,0.09081983168,1
improved,0.0,linear_a_raw,10,s2-s5,1,svd+ransac,62,82,6,6,1,0.9012319288,0.07104119401,0.09081983168,1
improved,0.0,linear_a_raw,10,s2-s6,0,svd,62,87,4,4,1,1.174804188,0.08061895338,0.1185000792,1
improved,0.0,linear_a_raw,10,s2-s6,0,svd+ransac,62,87,4,4,1,1.174804188,0.08061895338,0.1185000792,1
improved,0.0,linear_a_raw,10,s3-s4,1,svd,46,59,3,3,1,1.039171662,0.1098918582,0.1279519354,1
improved,0.0,linear_a_raw,10,s3-s4,1,svd+ransac,46,59,3,3,1,1.039171662,0.1098918582,0.1279519354,1
improved,0.0,linear_a_raw,10,s3-s5,1,svd,46,82,3,3,1,0.2724951201,0.09101972399,0.09338028196,1
improved,0.0,linear_a_raw,10,s3-s5,1,svd+ransac,46,82,3,3,1,0.2724951201,0.09101972399,0.09338028196,1
improved,0.0,linear_a_raw,10,s3-s6,0,svd,46,87,4,4,1,0.4740544285,0.07103600504,0.07662012136,1
improved,0.0,linear_a_raw,10,s3-s6,0,svd+ransac,46,87,4,4,1,0.4740544285,0.07103600504,0.07662012136,1
improved,0.0,linear_a_raw,10,s4-s5,1,svd,59,82,7,7,1,0.3164800734,0.07703575204,0.08054079605,1
improved,0.0,linear_a_raw,10,s4-s5,1,svd+ransac,59,82,7,7,1,0.3164800734,0.07703575204,0.08054079605,1
improved,0.0,linear_a_raw,10,s4-s6,1,svd,59,87,6,6,1,0.09042057008,0.119174567,0.1195917236,1
improved,0.0,linear_a_raw,10,s4-s6,1,svd+ransac,59,87,6,6,1,0.09042057008,0.119174567,0.1195917236,1
improved,0.0,linear_a_raw,10,s5-s6,1,svd,82,87,12,12,1,0.1045789235,0.01936498977,0.02037860374,1
improved,0.0,linear_a_raw,10,s5-s6,1,svd+ransac,82,87,12,12,1,0.1045789235,0.01936498977,0.02037860374,1
improved,0.0,linear_mid_raw,1,s1-s2,1,svd,60,57,5,5,1,0.3977284671,0.05822704813,0.06405646225,1
improved,0.0,linear_mid_raw,1,s1-s2,1,svd+ransac,60,57,5,5,1,0.3977284671,0.05822704813,0.06405646225,1
improved,0.0,linear_mid_raw,1,s1-s3,1,svd,60,50,10,10,1,0.4784222701,0.0416964732,0.05061708868,1
improved,0.0,linear_mid_raw,1,s1-s3,1,svd+ransac,60,50,10,10,1,0.4784222701,0.0416964732,0.05061708868,1
improved,0.0,linear_mid_raw,1,s1-s4,0,svd,60,49,6,6,1,0.9257040005,0.159694085,0.1693544951,1
improved,0.0,linear_mid_raw,1,s1-s4,0,svd+ransac,60,49,6,6,1,0.9257040005,0.159694085,0.1693544951,1
improved,0.0,linear_mid_raw,1,s1-s5,0,svd,60,83,10,10,1,0.9607762386,0.06801825442,0.09305276616,1
improved,0.0,linear_mid_raw,1,s1-s5,0,svd+ransac,60,83,10,10,1,0.564125807,0.1088646174,0.1144458746,1
improved,0.0,linear_mid_raw,1,s1-s6,0,svd,60,88,3,3,1,7.383349893,0.4864929269,0.6446218222,0
improved,0.0,linear_mid_raw,1,s1-s6,0,svd+ransac,60,88,3,3,1,7.383349893,0.4864929269,0.6446218222,0
improved,0.0,linear_mid_raw,1,s2-s3,1,svd,57,50,10,10,1,0.4843115245,0.05168074427,0.0601318023,1
improved,0.0,linear_mid_raw,1,s2-s3,1,svd+ransac,57,50,10,10,1,0.4843115245,0.05168074427,0.0601318023,1
improved,0.0,linear_mid_raw,1,s2-s4,1,svd,57,49,10,10,1,0.7299740999,0.05659177132,0.07213916929,1
improved,0.0,linear_mid_raw,1,s2-s4,1,svd+ransac,57,49,10,10,1,0.7299740999,0.05659177132,0.07213916929,1
improved,0.0,linear_mid_raw,1,s2-s5,1,svd,57,83,6,6,1,0.7362937449,0.06440044978,0.08203841265,1
improved,0.0,linear_mid_raw,1,s2-s5,1,svd+ransac,57,83,6,6,1,0.7362937449,0.06440044978,0.08203841265,1
improved,0.0,linear_mid_raw,1,s2-s6,0,svd,57,88,4,4,1,2.232568754,0.394179659,0.4181532335,0
improved,0.0,linear_mid_raw,1,s2-s6,0,svd+ransac,57,88,4,4,1,2.232568754,0.394179659,0.4181532335,0
improved,0.0,linear_mid_raw,1,s3-s4,1,svd,50,49,4,4,1,0.2667563952,0.07396935777,0.07504579392,1
improved,0.0,linear_mid_raw,1,s3-s4,1,svd+ransac,50,49,4,4,1,0.2667563952,0.07396935777,0.07504579392,1
improved,0.0,linear_mid_raw,1,s3-s5,1,svd,50,83,1,1,0,nan,nan,nan,0
improved,0.0,linear_mid_raw,1,s3-s5,1,svd+ransac,50,83,1,1,0,nan,nan,nan,0
improved,0.0,linear_mid_raw,1,s3-s6,0,svd,50,88,4,4,1,1.279626799,0.09527919238,0.1267914058,1
improved,0.0,linear_mid_raw,1,s3-s6,0,svd+ransac,50,88,4,4,1,2.690575332,0.2596388233,0.3052836547,0
improved,0.0,linear_mid_raw,1,s4-s5,1,svd,49,83,9,9,1,0.1288918238,0.05785214697,0.05868870012,1
improved,0.0,linear_mid_raw,1,s4-s5,1,svd+ransac,49,83,9,9,1,0.1288918238,0.05785214697,0.05868870012,1
improved,0.0,linear_mid_raw,1,s4-s6,1,svd,49,88,9,9,1,0.1998087108,0.1066919721,0.1077981293,1
improved,0.0,linear_mid_raw,1,s4-s6,1,svd+ransac,49,88,9,9,1,0.1998087108,0.1066919721,0.1077981293,1
improved,0.0,linear_mid_raw,1,s5-s6,1,svd,83,88,9,9,1,0.2863871615,0.04079519574,0.04514465509,1
improved,0.0,linear_mid_raw,1,s5-s6,1,svd+ransac,83,88,9,9,1,0.2863871615,0.04079519574,0.04514465509,1
improved,0.0,linear_mid_raw,2,s1-s2,1,svd,58,60,7,7,1,0.5410198933,0.0706481937,0.07719201907,1
improved,0.0,linear_mid_raw,2,s1-s2,1,svd+ransac,58,60,7,7,1,0.5410198933,0.0706481937,0.07719201907,1
improved,0.0,linear_mid_raw,2,s1-s3,1,svd,58,52,11,11,1,0.5877154795,0.02669508192,0.04585705009,1
improved,0.0,linear_mid_raw,2,s1-s3,1,svd+ransac,58,52,11,11,1,0.5877154795,0.02669508192,0.04585705009,1
improved,0.0,linear_mid_raw,2,s1-s4,0,svd,58,61,4,4,1,1.063416312,0.1685607015,0.1795983028,1
improved,0.0,linear_mid_raw,2,s1-s4,0,svd+ransac,58,61,4,4,1,1.063416312,0.1685607015,0.1795983028,1
improved,0.0,linear_mid_raw,2,s1-s5,0,svd,58,81,1,1,0,nan,nan,nan,0
improved,0.0,linear_mid_raw,2,s1-s5,0,svd+ransac,58,81,1,1,0,nan,nan,nan,0
improved,0.0,linear_mid_raw,2,s1-s6,0,svd,58,90,7,7,1,1.281078108,0.09357773962,0.1218756348,1
improved,0.0,linear_mid_raw,2,s1-s6,0,svd+ransac,58,90,7,7,1,1.281078108,0.09357773962,0.1218756348,1
improved,0.0,linear_mid_raw,2,s2-s3,1,svd,60,52,9,9,1,0.1834082066,0.02395990641,0.02754150823,1
improved,0.0,linear_mid_raw,2,s2-s3,1,svd+ransac,60,52,9,9,1,0.1834082066,0.02395990641,0.02754150823,1
improved,0.0,linear_mid_raw,2,s2-s4,1,svd,60,61,8,8,1,0.6854665306,0.02352632655,0.05149234576,1
improved,0.0,linear_mid_raw,2,s2-s4,1,svd+ransac,60,61,8,8,1,0.6854665306,0.02352632655,0.05149234576,1
improved,0.0,linear_mid_raw,2,s2-s5,1,svd,60,81,10,10,1,0.3576261558,0.03067771248,0.03804322686,1
improved,0.0,linear_mid_raw,2,s2-s5,1,svd+ransac,60,81,10,10,1,0.3576261558,0.03067771248,0.03804322686,1
improved,0.0,linear_mid_raw,2,s2-s6,0,svd,60,90,7,7,1,3.024125142,0.3002053251,0.3631363554,0
improved,0.0,linear_mid_raw,2,s2-s6,0,svd+ransac,60,90,7,7,1,1.162487539,0.09557821064,0.125171556,1
improved,0.0,linear_mid_raw,2,s3-s4,1,svd,52,61,3,3,1,0.9426561249,0.02477361476,0.05995160382,1
improved,0.0,linear_mid_raw,2,s3-s4,1,svd+ransac,52,61,3,3,1,0.9426561249,0.02477361476,0.05995160382,1
improved,0.0,linear_mid_raw,2,s3-s5,1,svd,52,81,3,3,1,0.4008184007,0.0586527961,0.06267523268,1
improved,0.0,linear_mid_raw,2,s3-s5,1,svd+ransac,52,81,3,3,1,0.4008184007,0.0586527961,0.06267523268,1
improved,0.0,linear_mid_raw,2,s3-s6,0,svd,52,90,3,3,1,0.9550146003,0.4725507634,0.4700485809,1
improved,0.0,linear_mid_raw,2,s3-s6,0,svd+ransac,52,90,3,3,1,0.9550146003,0.4725507634,0.4700485809,1
improved,0.0,linear_mid_raw,2,s4-s5,1,svd,61,81,7,7,1,0.2807853202,0.08185138848,0.08394018718,1
improved,0.0,linear_mid_raw,2,s4-s5,1,svd+ransac,61,81,7,7,1,0.2807853202,0.08185138848,0.08394018718,1
improved,0.0,linear_mid_raw,2,s4-s6,1,svd,61,90,12,12,1,0.1906414342,0.03971636967,0.04154525505,1
improved,0.0,linear_mid_raw,2,s4-s6,1,svd+ransac,61,90,12,12,1,0.1906414342,0.03971636967,0.04154525505,1
improved,0.0,linear_mid_raw,2,s5-s6,1,svd,81,90,5,5,1,0.4629809115,0.06995277402,0.07753295828,1
improved,0.0,linear_mid_raw,2,s5-s6,1,svd+ransac,81,90,5,5,1,0.4629809115,0.06995277402,0.07753295828,1
improved,0.0,linear_mid_raw,3,s1-s2,1,svd,58,56,2,2,0,nan,nan,nan,0
improved,0.0,linear_mid_raw,3,s1-s2,1,svd+ransac,58,56,2,2,0,nan,nan,nan,0
improved,0.0,linear_mid_raw,3,s1-s3,1,svd,58,49,8,8,1,0.6849648867,0.03168635704,0.0494630763,1
improved,0.0,linear_mid_raw,3,s1-s3,1,svd+ransac,58,49,8,8,1,0.6849648867,0.03168635704,0.0494630763,1
improved,0.0,linear_mid_raw,3,s1-s4,0,svd,58,52,1,1,0,nan,nan,nan,0
improved,0.0,linear_mid_raw,3,s1-s4,0,svd+ransac,58,52,1,1,0,nan,nan,nan,0
improved,0.0,linear_mid_raw,3,s1-s5,0,svd,58,82,5,5,1,0.4118974568,0.01974877744,0.0373527478,1
improved,0.0,linear_mid_raw,3,s1-s5,0,svd+ransac,58,82,5,5,1,0.4118974568,0.01974877744,0.0373527478,1
improved,0.0,linear_mid_raw,3,s1-s6,0,svd,58,95,4,4,1,1.117595546,0.1794743975,0.1873170521,1
improved,0.0,linear_mid_raw,3,s1-s6,0,svd+ransac,58,95,4,4,1,1.117595546,0.1794743975,0.1873170521,1
improved,0.0,linear_mid_raw,3,s2-s3,1,svd,56,49,9,9,1,0.7219316638,0.02574316724,0.04717648641,1
improved,0.0,linear_mid_raw,3,s2-s3,1,svd+ransac,56,49,9,9,1,0.7219316638,0.02574316724,0.04717648641,1
improved,0.0,linear_mid_raw,3,s2-s4,1,svd,56,52,12,12,1,0.644660493,0.02267669259,0.04493774389,1
improved,0.0,linear_mid_raw,3,s2-s4,1,svd+ransac,56,52,12,12,1,0.644660493,0.02267669259,0.04493774389,1
improved,0.0,linear_mid_raw,3,s2-s5,1,svd,56,82,1,1,0,nan,nan,nan,0
improved,0.0,linear_mid_raw,3,s2-s5,1,svd+ransac,56,82,1,1,0,nan,nan,nan,0
improved,0.0,linear_mid_raw,3,s2-s6,0,svd,56,95,1,1,0,nan,nan,nan,0
improved,0.0,linear_mid_raw,3,s2-s6,0,svd+ransac,56,95,1,1,0,nan,nan,nan,0
improved,0.0,linear_mid_raw,3,s3-s4,1,svd,49,52,1,1,0,nan,nan,nan,0
improved,0.0,linear_mid_raw,3,s3-s4,1,svd+ransac,49,52,1,1,0,nan,nan,nan,0
improved,0.0,linear_mid_raw,3,s3-s5,1,svd,49,82,4,4,1,0.4336390629,0.07905920576,0.08222851745,1
improved,0.0,linear_mid_raw,3,s3-s5,1,svd+ransac,49,82,4,4,1,0.4336390629,0.07905920576,0.08222851745,1
improved,0.0,linear_mid_raw,3,s3-s6,0,svd,49,95,2,2,0,nan,nan,nan,0
improved,0.0,linear_mid_raw,3,s3-s6,0,svd+ransac,49,95,2,2,0,nan,nan,nan,0
improved,0.0,linear_mid_raw,3,s4-s5,1,svd,52,82,8,8,1,0.33914893,0.0666718974,0.07046653351,1
improved,0.0,linear_mid_raw,3,s4-s5,1,svd+ransac,52,82,8,8,1,0.33914893,0.0666718974,0.07046653351,1
improved,0.0,linear_mid_raw,3,s4-s6,1,svd,52,95,7,7,1,0.8753773218,0.1444460358,0.1554627839,1
improved,0.0,linear_mid_raw,3,s4-s6,1,svd+ransac,52,95,7,7,1,0.8753773218,0.1444460358,0.1554627839,1
improved,0.0,linear_mid_raw,3,s5-s6,1,svd,82,95,12,12,1,0.1177159568,0.03364760241,0.03498629217,1
improved,0.0,linear_mid_raw,3,s5-s6,1,svd+ransac,82,95,12,12,1,0.1177159568,0.03364760241,0.03498629217,1
improved,0.0,linear_mid_raw,4,s1-s2,1,svd,57,57,8,8,1,0.3290036461,0.06203705374,0.0649325613,1
improved,0.0,linear_mid_raw,4,s1-s2,1,svd+ransac,57,57,8,8,1,0.3290036461,0.06203705374,0.0649325613,1
improved,0.0,linear_mid_raw,4,s1-s3,1,svd,57,47,9,9,1,0.647092475,0.008761006799,0.03968291094,1
improved,0.0,linear_mid_raw,4,s1-s3,1,svd+ransac,57,47,9,9,1,0.647092475,0.008761006799,0.03968291094,1
improved,0.0,linear_mid_raw,4,s1-s4,0,svd,57,58,5,5,1,0.9033297908,0.1443574228,0.1555706012,1
improved,0.0,linear_mid_raw,4,s1-s4,0,svd+ransac,57,58,5,5,1,0.9033297908,0.1443574228,0.1555706012,1
improved,0.0,linear_mid_raw,4,s1-s5,0,svd,57,81,6,6,1,0.9502391679,0.1053968349,0.1205032609,1
improved,0.0,linear_mid_raw,4,s1-s5,0,svd+ransac,57,81,6,6,1,0.9502391679,0.1053968349,0.1205032609,1
improved,0.0,linear_mid_raw,4,s1-s6,0,svd,57,91,3,3,1,3.00183225,1.12582042,1.135204417,0
improved,0.0,linear_mid_raw,4,s1-s6,0,svd+ransac,57,91,3,3,1,3.00183225,1.12582042,1.135204417,0
improved,0.0,linear_mid_raw,4,s2-s3,1,svd,57,47,14,14,1,0.4567142237,0.03759851084,0.04752590223,1
improved,0.0,linear_mid_raw,4,s2-s3,1,svd+ransac,57,47,14,14,1,0.4567142237,0.03759851084,0.04752590223,1
improved,0.0,linear_mid_raw,4,s2-s4,1,svd,57,58,10,10,1,0.6492024142,0.02129758148,0.04741343626,1
improved,0.0,linear_mid_raw,4,s2-s4,1,svd+ransac,57,58,10,10,1,0.6492024142,0.02129758148,0.04741343626,1
improved,0.0,linear_mid_raw,4,s2-s5,1,svd,57,81,6,6,1,1.204777757,0.1592670486,0.1796851338,1
improved,0.0,linear_mid_raw,4,s2-s5,1,svd+ransac,57,81,6,6,1,1.204777757,0.1592670486,0.1796851338,1
improved,0.0,linear_mid_raw,4,s2-s6,0,svd,57,91,6,6,1,0.8138283355,0.0386034491,0.06382275369,1
improved,0.0,linear_mid_raw,4,s2-s6,0,svd+ransac,57,91,6,6,1,0.8138283355,0.0386034491,0.06382275369,1
improved,0.0,linear_mid_raw,4,s3-s4,1,svd,47,58,7,7,1,0.4394719919,0.02991357971,0.04282268624,1
improved,0.0,linear_mid_raw,4,s3-s4,1,svd+ransac,47,58,7,7,1,0.4394719919,0.02991357971,0.04282268624,1
improved,0.0,linear_mid_raw,4,s3-s5,1,svd,47,81,6,6,1,0.2977311096,0.02847864654,0.03282525646,1
improved,0.0,linear_mid_raw,4,s3-s5,1,svd+ransac,47,81,6,6,1,0.2977311096,0.02847864654,0.03282525646,1
improved,0.0,linear_mid_raw,4,s3-s6,0,svd,47,91,9,9,1,0.3118818332,0.08810694782,0.08905878037,1
improved,0.0,linear_mid_raw,4,s3-s6,0,svd+ransac,47,91,9,9,1,0.3118818332,0.08810694782,0.08905878037,1
improved,0.0,linear_mid_raw,4,s4-s5,1,svd,58,81,6,6,1,0.5527791439,0.1234688739,0.1295104887,1
improved,0.0,linear_mid_raw,4,s4-s5,1,svd+ransac,58,81,6,6,1,0.5527791439,0.1234688739,0.1295104887,1
improved,0.0,linear_mid_raw,4,s4-s6,1,svd,58,91,12,12,1,0.111924112,0.04789013947,0.04841448373,1
improved,0.0,linear_mid_raw,4,s4-s6,1,svd+ransac,58,91,12,12,1,0.111924112,0.04789013947,0.04841448373,1
improved,0.0,linear_mid_raw,4,s5-s6,1,svd,81,91,6,6,1,0.1406334954,0.01632472381,0.01815774299,1
improved,0.0,linear_mid_raw,4,s5-s6,1,svd+ransac,81,91,6,6,1,0.1406334954,0.01632472381,0.01815774299,1
improved,0.0,linear_mid_raw,5,s1-s2,1,svd,55,59,5,5,1,0.5375508798,0.09072556741,0.09544098323,1
improved,0.0,linear_mid_raw,5,s1-s2,1,svd+ransac,55,59,5,5,1,0.5375508798,0.09072556741,0.09544098323,1
improved,0.0,linear_mid_raw,5,s1-s3,1,svd,55,51,9,9,1,0.634941682,0.02363594608,0.04149093321,1
improved,0.0,linear_mid_raw,5,s1-s3,1,svd+ransac,55,51,9,9,1,0.634941682,0.02363594608,0.04149093321,1
improved,0.0,linear_mid_raw,5,s1-s4,0,svd,55,52,10,10,1,0.529165633,0.06868549417,0.07809228292,1
improved,0.0,linear_mid_raw,5,s1-s4,0,svd+ransac,55,52,10,10,1,0.529165633,0.06868549417,0.07809228292,1
improved,0.0,linear_mid_raw,5,s1-s5,0,svd,55,79,0,0,0,nan,nan,nan,0
improved,0.0,linear_mid_raw,5,s1-s5,0,svd+ransac,55,79,0,0,0,nan,nan,nan,0
improved,0.0,linear_mid_raw,5,s1-s6,0,svd,55,90,4,4,1,4.255394101,0.2098980242,0.3265069728,0
improved,0.0,linear_mid_raw,5,s1-s6,0,svd+ransac,55,90,4,4,1,1.918375385,0.1402915322,0.1838882911,1
improved,0.0,linear_mid_raw,5,s2-s3,1,svd,59,51,13,13,1,0.4005823883,0.05493431957,0.06114548114,1
improved,0.0,linear_mid_raw,5,s2-s3,1,svd+ransac,59,51,13,13,1,0.4005823883,0.05493431957,0.06114548114,1
improved,0.0,linear_mid_raw,5,s2-s4,1,svd,59,52,9,9,1,0.7695328977,0.03307086865,0.05653364004,1
improved,0.0,linear_mid_raw,5,s2-s4,1,svd+ransac,59,52,9,9,1,0.7695328977,0.03307086865,0.05653364004,1
improved,0.0,linear_mid_raw,5,s2-s5,1,svd,59,79,5,5,1,0.3741470134,0.03620617482,0.04508726643,1
improved,0.0,linear_mid_raw,5,s2-s5,1,svd+ransac,59,79,5,5,1,0.3741470134,0.03620617482,0.04508726643,1
improved,0.0,linear_mid_raw,5,s2-s6,0,svd,59,90,5,5,1,0.5543881335,0.03314897414,0.04629564201,1
improved,0.0,linear_mid_raw,5,s2-s6,0,svd+ransac,59,90,5,5,1,11.18525942,3.051888931,3.115577542,0
improved,0.0,linear_mid_raw,5,s3-s4,1,svd,51,52,5,5,1,0.6406300573,0.02363162479,0.05283146135,1
improved,0.0,linear_mid_raw,5,s3-s4,1,svd+ransac,51,52,5,5,1,0.6406300573,0.02363162479,0.05283146135,1
improved,0.0,linear_mid_raw,5,s3-s5,1,svd,51,79,1,1,0,nan,nan,nan,0
improved,0.0,linear_mid_raw,5,s3-s5,1,svd+ransac,51,79,1,1,0,nan,nan,nan,0
improved,0.0,linear_mid_raw,5,s3-s6,0,svd,51,90,3,3,1,0.6311973539,0.2713734337,0.2715296055,1
improved,0.0,linear_mid_raw,5,s3-s6,0,svd+ransac,51,90,3,3,1,0.6311973539,0.2713734337,0.2715296055,1
improved,0.0,linear_mid_raw,5,s4-s5,1,svd,52,79,9,9,1,0.1921560859,0.06787685517,0.0698140612,1
improved,0.0,linear_mid_raw,5,s4-s5,1,svd+ransac,52,79,9,9,1,0.1921560859,0.06787685517,0.0698140612,1
improved,0.0,linear_mid_raw,5,s4-s6,1,svd,52,90,13,13,1,0.07601456912,0.05792471882,0.05828623247,1
improved,0.0,linear_mid_raw,5,s4-s6,1,svd+ransac,52,90,13,13,1,0.07601456912,0.05792471882,0.05828623247,1
improved,0.0,linear_mid_raw,5,s5-s6,1,svd,79,90,6,6,1,0.2578697848,0.01475411255,0.02385658078,1
improved,0.0,linear_mid_raw,5,s5-s6,1,svd+ransac,79,90,6,6,1,0.2578697848,0.01475411255,0.02385658078,1
improved,0.0,linear_mid_raw,6,s1-s2,1,svd,56,63,6,6,1,0.2203613685,0.02404546504,0.02977189374,1
improved,0.0,linear_mid_raw,6,s1-s2,1,svd+ransac,56,63,6,6,1,0.2203613685,0.02404546504,0.02977189374,1
improved,0.0,linear_mid_raw,6,s1-s3,1,svd,56,49,9,9,1,1.052645815,0.1148477353,0.1280898475,1
improved,0.0,linear_mid_raw,6,s1-s3,1,svd+ransac,56,49,9,9,1,1.052645815,0.1148477353,0.1280898475,1
improved,0.0,linear_mid_raw,6,s1-s4,0,svd,56,54,1,1,0,nan,nan,nan,0
improved,0.0,linear_mid_raw,6,s1-s4,0,svd+ransac,56,54,1,1,0,nan,nan,nan,0
improved,0.0,linear_mid_raw,6,s1-s5,0,svd,56,82,1,1,0,nan,nan,nan,0
improved,0.0,linear_mid_raw,6,s1-s5,0,svd+ransac,56,82,1,1,0,nan,nan,nan,0
improved,0.0,linear_mid_raw,6,s1-s6,0,svd,56,89,3,3,1,3.014359544,1.129762789,1.13910739,0
improved,0.0,linear_mid_raw,6,s1-s6,0,svd+ransac,56,89,3,3,1,3.014359544,1.129762789,1.13910739,0
improved,0.0,linear_mid_raw,6,s2-s3,1,svd,63,49,9,9,1,2.34010953,0.09480617585,0.1601943861,0
improved,0.0,linear_mid_raw,6,s2-s3,1,svd+ransac,63,49,9,9,1,0.08299925627,0.02112254338,0.02230632889,1
improved,0.0,linear_mid_raw,6,s2-s4,1,svd,63,54,7,7,1,0.7348935473,0.07152457688,0.08462098499,1
improved,0.0,linear_mid_raw,6,s2-s4,1,svd+ransac,63,54,7,7,1,0.7348935473,0.07152457688,0.08462098499,1
improved,0.0,linear_mid_raw,6,s2-s5,1,svd,63,82,7,7,1,0.3060068833,0.0475436436,0.05038704195,1
improved,0.0,linear_mid_raw,6,s2-s5,1,svd+ransac,63,82,7,7,1,0.3060068833,0.0475436436,0.05038704195,1
improved,0.0,linear_mid_raw,6,s2-s6,0,svd,63,89,8,8,1,1.55405898,0.07162934719,0.1215090333,1
improved,0.0,linear_mid_raw,6,s2-s6,0,svd+ransac,63,89,8,8,1,0.4752319972,0.1171991966,0.1217508883,1
improved,0.0,linear_mid_raw,6,s3-s4,1,svd,49,54,4,4,1,1.03250563,0.1144937432,0.129684047,1
improved,0.0,linear_mid_raw,6,s3-s4,1,svd+ransac,49,54,4,4,1,1.03250563,0.1144937432,0.129684047,1
improved,0.0,linear_mid_raw,6,s3-s5,1,svd,49,82,4,4,1,0.361947098,0.05633561362,0.05921677435,1
improved,0.0,linear_mid_raw,6,s3-s5,1,svd+ransac,49,82,4,4,1,0.361947098,0.05633561362,0.05921677435,1
improved,0.0,linear_mid_raw,6,s3-s6,0,svd,49,89,3,3,1,0.1001725164,0.05672378893,0.05668352426,1
improved,0.0,linear_mid_raw,6,s3-s6,0,svd+ransac,49,89,3,3,1,0.1001725164,0.05672378893,0.05668352426,1
improved,0.0,linear_mid_raw,6,s4-s5,1,svd,54,82,7,7,1,0.1365554969,0.05511536927,0.05587959447,1
improved,0.0,linear_mid_raw,6,s4-s5,1,svd+ransac,54,82,7,7,1,0.1365554969,0.05511536927,0.05587959447,1
improved,0.0,linear_mid_raw,6,s4-s6,1,svd,54,89,12,12,1,0.0686121826,0.07272248895,0.07286668002,1
improved,0.0,linear_mid_raw,6,s4-s6,1,svd+ransac,54,89,12,12,1,0.0686121826,0.07272248895,0.07286668002,1
improved,0.0,linear_mid_raw,6,s5-s6,1,svd,82,89,8,8,1,0.3633908927,0.00711122535,0.02325189956,1
improved,0.0,linear_mid_raw,6,s5-s6,1,svd+ransac,82,89,8,8,1,0.3633908927,0.00711122535,0.02325189956,1
improved,0.0,linear_mid_raw,7,s1-s2,1,svd,54,57,8,8,1,0.4781894481,0.07645243957,0.08147460175,1
improved,0.0,linear_mid_raw,7,s1-s2,1,svd+ransac,54,57,8,8,1,0.4781894481,0.07645243957,0.08147460175,1
improved,0.0,linear_mid_raw,7,s1-s3,1,svd,54,45,4,4,1,1.205650455,0.3224115948,0.3323049381,1
improved,0.0,linear_mid_raw,7,s1-s3,1,svd+ransac,54,45,4,4,1,1.205650455,0.3224115948,0.3323049381,1
improved,0.0,linear_mid_raw,7,s1-s4,0,svd,54,51,0,0,0,nan,nan,nan,0
improved,0.0,linear_mid_raw,7,s1-s4,0,svd+ransac,54,51,0,0,0,nan,nan,nan,0
improved,0.0,linear_mid_raw,7,s1-s5,0,svd,54,87,2,2,0,nan,nan,nan,0
improved,0.0,linear_mid_raw,7,s1-s5,0,svd+ransac,54,87,2,2,0,nan,nan,nan,0
improved,0.0,linear_mid_raw,7,s1-s6,0,svd,54,90,3,3,1,2.263102577,0.3415307645,0.3904984232,0
improved,0.0,linear_mid_raw,7,s1-s6,0,svd+ransac,54,90,3,3,1,2.263102577,0.3415307645,0.3904984232,0
improved,0.0,linear_mid_raw,7,s2-s3,1,svd,57,45,11,11,1,0.1676682991,0.01559200241,0.02085010628,1
improved,0.0,linear_mid_raw,7,s2-s3,1,svd+ransac,57,45,11,11,1,0.1676682991,0.01559200241,0.02085010628,1
improved,0.0,linear_mid_raw,7,s2-s4,1,svd,57,51,13,13,1,1.570238634,0.08285779248,0.1212678954,1
improved,0.0,linear_mid_raw,7,s2-s4,1,svd+ransac,57,51,13,13,1,0.5637700355,0.04006843272,0.05253092204,1
improved,0.0,linear_mid_raw,7,s2-s5,1,svd,57,87,2,2,0,nan,nan,nan,0
improved,0.0,linear_mid_raw,7,s2-s5,1,svd+ransac,57,87,2,2,0,nan,nan,nan,0
improved,0.0,linear_mid_raw,7,s2-s6,0,svd,57,90,4,4,1,6.969117866,0.4063867459,0.5527793846,0
improved,0.0,linear_mid_raw,7,s2-s6,0,svd+ransac,57,90,4,4,1,6.607029162,1.273659363,1.351239015,0
improved,0.0,linear_mid_raw,7,s3-s4,1,svd,45,51,6,6,1,0.460880396,0.009059413418,0.03162494503,1
improved,0.0,linear_mid_raw,7,s3-s4,1,svd+ransac,45,51,6,6,1,0.460880396,0.009059413418,0.03162494503,1
improved,0.0,linear_mid_raw,7,s3-s5,1,svd,45,87,1,1,0,nan,nan,nan,0
improved,0.0,linear_mid_raw,7,s3-s5,1,svd+ransac,45,87,1,1,0,nan,nan,nan,0
improved,0.0,linear_mid_raw,7,s3-s6,0,svd,45,90,3,3,1,0.272170718,0.06248048316,0.06674852572,1
improved,0.0,linear_mid_raw,7,s3-s6,0,svd+ransac,45,90,3,3,1,0.272170718,0.06248048316,0.06674852572,1
improved,0.0,linear_mid_raw,7,s4-s5,1,svd,51,87,4,4,1,1.458371364,0.1556265831,0.1854064756,1
improved,0.0,linear_mid_raw,7,s4-s5,1,svd+ransac,51,87,4,4,1,1.458371364,0.1556265831,0.1854064756,1
improved,0.0,linear_mid_raw,7,s4-s6,1,svd,51,90,11,11,1,0.1503508748,0.08002222001,0.08077863517,1
improved,0.0,linear_mid_raw,7,s4-s6,1,svd+ransac,51,90,11,11,1,0.1503508748,0.08002222001,0.08077863517,1
improved,0.0,linear_mid_raw,7,s5-s6,1,svd,87,90,10,10,1,0.2730414239,0.03796530108,0.04222907097,1
improved,0.0,linear_mid_raw,7,s5-s6,1,svd+ransac,87,90,10,10,1,0.2730414239,0.03796530108,0.04222907097,1
improved,0.0,linear_mid_raw,8,s1-s2,1,svd,57,63,6,6,1,0.3730559473,0.07112571998,0.07374887881,1
improved,0.0,linear_mid_raw,8,s1-s2,1,svd+ransac,57,63,6,6,1,0.3730559473,0.07112571998,0.07374887881,1
improved,0.0,linear_mid_raw,8,s1-s3,1,svd,57,45,9,9,1,0.5335695177,0.03118872081,0.04228392061,1
improved,0.0,linear_mid_raw,8,s1-s3,1,svd+ransac,57,45,9,9,1,0.5335695177,0.03118872081,0.04228392061,1
improved,0.0,linear_mid_raw,8,s1-s4,0,svd,57,55,1,1,0,nan,nan,nan,0
improved,0.0,linear_mid_raw,8,s1-s4,0,svd+ransac,57,55,1,1,0,nan,nan,nan,0
improved,0.0,linear_mid_raw,8,s1-s5,0,svd,57,86,8,8,1,0.590843905,0.09498057759,0.1016658143,1
improved,0.0,linear_mid_raw,8,s1-s5,0,svd+ransac,57,86,8,8,1,0.590843905,0.09498057759,0.1016658143,1
improved,0.0,linear_mid_raw,8,s1-s6,0,svd,57,87,0,0,0,nan,nan,nan,0
improved,0.0,linear_mid_raw,8,s1-s6,0,svd+ransac,57,87,0,0,0,nan,nan,nan,0
improved,0.0,linear_mid_raw,8,s2-s3,1,svd,63,45,7,7,1,2.104279608,0.2409429159,0.2646712167,0
improved,0.0,linear_mid_raw,8,s2-s3,1,svd+ransac,63,45,7,7,1,2.048261908,0.2413184189,0.2626457207,0
improved,0.0,linear_mid_raw,8,s2-s4,1,svd,63,55,2,2,0,nan,nan,nan,0
improved,0.0,linear_mid_raw,8,s2-s4,1,svd+ransac,63,55,2,2,0,nan,nan,nan,0
improved,0.0,linear_mid_raw,8,s2-s5,1,svd,63,86,1,1,0,nan,nan,nan,0
improved,0.0,linear_mid_raw,8,s2-s5,1,svd+ransac,63,86,1,1,0,nan,nan,nan,0
improved,0.0,linear_mid_raw,8,s2-s6,0,svd,63,87,0,0,0,nan,nan,nan,0
improved,0.0,linear_mid_raw,8,s2-s6,0,svd+ransac,63,87,0,0,0,nan,nan,nan,0
improved,0.0,linear_mid_raw,8,s3-s4,1,svd,45,55,7,7,1,0.4818621883,0.03169303099,0.04145040251,1
improved,0.0,linear_mid_raw,8,s3-s4,1,svd+ransac,45,55,7,7,1,0.4818621883,0.03169303099,0.04145040251,1
improved,0.0,linear_mid_raw,8,s3-s5,1,svd,45,86,2,2,0,nan,nan,nan,0
improved,0.0,linear_mid_raw,8,s3-s5,1,svd+ransac,45,86,2,2,0,nan,nan,nan,0
improved,0.0,linear_mid_raw,8,s3-s6,0,svd,45,87,0,0,0,nan,nan,nan,0
improved,0.0,linear_mid_raw,8,s3-s6,0,svd+ransac,45,87,0,0,0,nan,nan,nan,0
improved,0.0,linear_mid_raw,8,s4-s5,1,svd,55,86,8,8,1,0.177437764,0.061099217,0.0622381386,1
improved,0.0,linear_mid_raw,8,s4-s5,1,svd+ransac,55,86,8,8,1,0.177437764,0.061099217,0.0622381386,1
improved,0.0,linear_mid_raw,8,s4-s6,1,svd,55,87,14,14,1,0.1069766625,0.06744953514,0.06763643129,1
improved,0.0,linear_mid_raw,8,s4-s6,1,svd+ransac,55,87,14,14,1,0.1069766625,0.06744953514,0.06763643129,1
improved,0.0,linear_mid_raw,8,s5-s6,1,svd,86,87,10,10,1,0.1097806749,0.01484889987,0.01804343434,1
improved,0.0,linear_mid_raw,8,s5-s6,1,svd+ransac,86,87,10,10,1,0.1097806749,0.01484889987,0.01804343434,1
improved,0.0,linear_mid_raw,9,s1-s2,1,svd,56,62,5,5,1,0.2373128686,0.06903549624,0.0701739237,1
improved,0.0,linear_mid_raw,9,s1-s2,1,svd+ransac,56,62,5,5,1,0.2373128686,0.06903549624,0.0701739237,1
improved,0.0,linear_mid_raw,9,s1-s3,1,svd,56,47,9,9,1,0.650136067,0.02739855596,0.04701959754,1
improved,0.0,linear_mid_raw,9,s1-s3,1,svd+ransac,56,47,9,9,1,0.650136067,0.02739855596,0.04701959754,1
improved,0.0,linear_mid_raw,9,s1-s4,0,svd,56,57,4,4,1,1.093786474,0.2197541098,0.2289266831,1
improved,0.0,linear_mid_raw,9,s1-s4,0,svd+ransac,56,57,4,4,1,1.093786474,0.2197541098,0.2289266831,1
improved,0.0,linear_mid_raw,9,s1-s5,0,svd,56,83,2,2,0,nan,nan,nan,0
improved,0.0,linear_mid_raw,9,s1-s5,0,svd+ransac,56,83,2,2,0,nan,nan,nan,0
improved,0.0,linear_mid_raw,9,s1-s6,0,svd,56,93,1,1,0,nan,nan,nan,0
improved,0.0,linear_mid_raw,9,s1-s6,0,svd+ransac,56,93,1,1,0,nan,nan,nan,0
improved,0.0,linear_mid_raw,9,s2-s3,1,svd,62,47,10,10,1,0.5933896065,0.06314015902,0.07410491171,1
improved,0.0,linear_mid_raw,9,s2-s3,1,svd+ransac,62,47,10,10,1,0.5933896065,0.06314015902,0.07410491171,1
improved,0.0,linear_mid_raw,9,s2-s4,1,svd,62,57,8,8,1,0.7664499907,0.03960936797,0.06431878192,1
improved,0.0,linear_mid_raw,9,s2-s4,1,svd+ransac,62,57,8,8,1,0.7664499907,0.03960936797,0.06431878192,1
improved,0.0,linear_mid_raw,9,s2-s5,1,svd,62,83,4,4,1,0.6333047553,0.05067180456,0.06510026767,1
improved,0.0,linear_mid_raw,9,s2-s5,1,svd+ransac,62,83,4,4,1,0.6333047553,0.05067180456,0.06510026767,1
improved,0.0,linear_mid_raw,9,s2-s6,0,svd,62,93,5,5,1,2.674702744,0.1502850784,0.2122625214,0
improved,0.0,linear_mid_raw,9,s2-s6,0,svd+ransac,62,93,5,5,1,1.076835998,0.07903825684,0.1037687789,1
improved,0.0,linear_mid_raw,9,s3-s4,1,svd,47,57,7,7,1,0.4442947064,0.01007806862,0.0300676001,1
improved,0.0,linear_mid_raw,9,s3-s4,1,svd+ransac,47,57,7,7,1,0.4442947064,0.01007806862,0.0300676001,1
improved,0.0,linear_mid_raw,9,s3-s5,1,svd,47,83,8,8,1,0.3423168936,0.04907533843,0.05273539189,1
improved,0.0,linear_mid_raw,9,s3-s5,1,svd+ransac,47,83,8,8,1,0.3423168936,0.04907533843,0.05273539189,1
improved,0.0,linear_mid_raw,9,s3-s6,0,svd,47,93,6,6,1,0.6919072315,0.03512661758,0.05745841386,1
improved,0.0,linear_mid_raw,9,s3-s6,0,svd+ransac,47,93,6,6,1,0.6919072315,0.03512661758,0.05745841386,1
improved,0.0,linear_mid_raw,9,s4-s5,1,svd,57,83,6,6,1,0.4991574019,0.08387866073,0.09022509845,1
improved,0.0,linear_mid_raw,9,s4-s5,1,svd+ransac,57,83,6,6,1,0.4991574019,0.08387866073,0.09022509845,1
improved,0.0,linear_mid_raw,9,s4-s6,1,svd,57,93,10,10,1,0.2325619935,0.1126643539,0.1139413184,1
improved,0.0,linear_mid_raw,9,s4-s6,1,svd+ransac,57,93,10,10,1,0.2325619935,0.1126643539,0.1139413184,1
improved,0.0,linear_mid_raw,9,s5-s6,1,svd,83,93,15,15,1,0.3488149854,0.02629877774,0.03259847917,1
improved,0.0,linear_mid_raw,9,s5-s6,1,svd+ransac,83,93,15,15,1,0.3488149854,0.02629877774,0.03259847917,1
improved,0.0,linear_mid_raw,10,s1-s2,1,svd,57,62,9,9,1,0.3746445419,0.01748779155,0.02714657661,1
improved,0.0,linear_mid_raw,10,s1-s2,1,svd+ransac,57,62,9,9,1,0.3746445419,0.01748779155,0.02714657661,1
improved,0.0,linear_mid_raw,10,s1-s3,1,svd,57,44,10,10,1,0.4914053426,0.06541447263,0.07213122187,1
improved,0.0,linear_mid_raw,10,s1-s3,1,svd+ransac,57,44,10,10,1,0.4914053426,0.06541447263,0.07213122187,1
improved,0.0,linear_mid_raw,10,s1-s4,0,svd,57,55,7,7,1,1.012650303,0.1756731636,0.1850649039,1
improved,0.0,linear_mid_raw,10,s1-s4,0,svd+ransac,57,55,7,7,1,1.012650303,0.1756731636,0.1850649039,1
improved,0.0,linear_mid_raw,10,s1-s5,0,svd,57,82,6,6,1,0.2981891275,0.05175112043,0.05731795074,1
improved,0.0,linear_mid_raw,10,s1-s5,0,svd+ransac,57,82,6,6,1,0.2981891275,0.05175112043,0.05731795074,1
improved,0.0,linear_mid_raw,10,s1-s6,0,svd,57,86,3,3,1,2.081537046,0.7355601242,0.7407028081,0
improved,0.0,linear_mid_raw,10,s1-s6,0,svd+ransac,57,86,3,3,1,2.081537046,0.7355601242,0.7407028081,0
improved,0.0,linear_mid_raw,10,s2-s3,1,svd,62,44,12,12,1,0.3664795438,0.04054136654,0.04642039692,1
improved,0.0,linear_mid_raw,10,s2-s3,1,svd+ransac,62,44,12,12,1,0.3664795438,0.04054136654,0.04642039692,1
improved,0.0,linear_mid_raw,10,s2-s4,1,svd,62,55,4,4,1,1.35942873,0.1418025643,0.1637799917,1
improved,0.0,linear_mid_raw,10,s2-s4,1,svd+ransac,62,55,4,4,1,1.35942873,0.1418025643,0.1637799917,1
improved,0.0,linear_mid_raw,10,s2-s5,1,svd,62,82,4,4,1,1.695272418,0.05512276815,0.1160463337,1
improved,0.0,linear_mid_raw,10,s2-s5,1,svd+ransac,62,82,4,4,1,1.695272418,0.05512276815,0.1160463337,1
improved,0.0,linear_mid_raw,10,s2-s6,0,svd,62,86,2,2,0,nan,nan,nan,0
improved,0.0,linear_mid_raw,10,s2-s6,0,svd+ransac,62,86,2,2,0,nan,nan,nan,0
improved,0.0,linear_mid_raw,10,s3-s4,1,svd,44,55,9,9,1,0.487230553,0.03299617028,0.04658785865,1
improved,0.0,linear_mid_raw,10,s3-s4,1,svd+ransac,44,55,9,9,1,0.487230553,0.03299617028,0.04658785865,1
improved,0.0,linear_mid_raw,10,s3-s5,1,svd,44,82,5,5,1,0.3844324956,0.0359776101,0.0475442187,1
improved,0.0,linear_mid_raw,10,s3-s5,1,svd+ransac,44,82,5,5,1,0.3844324956,0.0359776101,0.0475442187,1
improved,0.0,linear_mid_raw,10,s3-s6,0,svd,44,86,1,1,0,nan,nan,nan,0
improved,0.0,linear_mid_raw,10,s3-s6,0,svd+ransac,44,86,1,1,0,nan,nan,nan,0
improved,0.0,linear_mid_raw,10,s4-s5,1,svd,55,82,8,8,1,0.3088965249,0.07369087745,0.07709596517,1
improved,0.0,linear_mid_raw,10,s4-s5,1,svd+ransac,55,82,8,8,1,0.3088965249,0.07369087745,0.07709596517,1
improved,0.0,linear_mid_raw,10,s4-s6,1,svd,55,86,11,11,1,0.1749006226,0.05998109978,0.06075451363,1
improved,0.0,linear_mid_raw,10,s4-s6,1,svd+ransac,55,86,11,11,1,0.1749006226,0.05998109978,0.06075451363,1
improved,0.0,linear_mid_raw,10,s5-s6,1,svd,82,86,3,3,1,0.9706583244,0.2732444891,0.2740478209,1
improved,0.0,linear_mid_raw,10,s5-s6,1,svd+ransac,82,86,3,3,1,0.9706583244,0.2732444891,0.2740478209,1
improved,0.0,physical_raw,1,s1-s2,1,svd,55,57,3,3,1,0.4008412667,0.05955890243,0.06382001276,1
improved,0.0,physical_raw,1,s1-s2,1,svd+ransac,55,57,3,3,1,0.4008412667,0.05955890243,0.06382001276,1
improved,0.0,physical_raw,1,s1-s3,1,svd,55,49,10,10,1,0.4788580426,0.04086229065,0.04982326876,1
improved,0.0,physical_raw,1,s1-s3,1,svd+ransac,55,49,10,10,1,0.4788580426,0.04086229065,0.04982326876,1
improved,0.0,physical_raw,1,s1-s4,0,svd,55,51,7,7,1,0.8210465711,0.1230828704,0.1330877015,1
improved,0.0,physical_raw,1,s1-s4,0,svd+ransac,55,51,7,7,1,0.8210465711,0.1230828704,0.1330877015,1
improved,0.0,physical_raw,1,s1-s5,0,svd,55,82,10,10,1,0.9625584401,0.06761670783,0.09273107521,1
improved,0.0,physical_raw,1,s1-s5,0,svd+ransac,55,82,10,10,1,0.5658657743,0.1085361724,0.1142123774,1
improved,0.0,physical_raw,1,s1-s6,0,svd,55,85,3,3,1,6.654837258,0.5414608368,0.6680492027,0
improved,0.0,physical_raw,1,s1-s6,0,svd+ransac,55,85,3,3,1,6.654837258,0.5414608368,0.6680492027,0
improved,0.0,physical_raw,1,s2-s3,1,svd,57,49,6,6,1,0.9003002742,0.0683453527,0.08901990331,1
improved,0.0,physical_raw,1,s2-s3,1,svd+ransac,57,49,6,6,1,0.9003002742,0.0683453527,0.08901990331,1
improved,0.0,physical_raw,1,s2-s4,1,svd,57,51,7,7,1,0.4756422469,0.02900205522,0.04370868775,1
improved,0.0,physical_raw,1,s2-s4,1,svd+ransac,57,51,7,7,1,0.4756422469,0.02900205522,0.04370868775,1
improved,0.0,physical_raw,1,s2-s5,1,svd,57,82,8,8,1,0.735065034,0.0578572296,0.07411962327,1
improved,0.0,physical_raw,1,s2-s5,1,svd+ransac,57,82,8,8,1,0.735065034,0.0578572296,0.07411962327,1
improved,0.0,physical_raw,1,s2-s6,0,svd,57,85,6,6,1,0.8289643032,0.04270662832,0.07867319222,1
improved,0.0,physical_raw,1,s2-s6,0,svd+ransac,57,85,6,6,1,0.8289643032,0.04270662832,0.07867319222,1
improved,0.0,physical_raw,1,s3-s4,1,svd,49,51,8,8,1,0.5479191846,0.02093947239,0.04130958576,1
improved,0.0,physical_raw,1,s3-s4,1,svd+ransac,49,51,8,8,1,0.5479191846,0.02093947239,0.04130958576,1
improved,0.0,physical_raw,1,s3-s5,1,svd,49,82,3,3,1,0.9389199222,0.1444498309,0.1554041735,1
improved,0.0,physical_raw,1,s3-s5,1,svd+ransac,49,82,3,3,1,0.9389199222,0.1444498309,0.1554041735,1
improved,0.0,physical_raw,1,s3-s6,0,svd,49,85,4,4,1,1.285946354,0.09027874223,0.1203468127,1
improved,0.0,physical_raw,1,s3-s6,0,svd+ransac,49,85,4,4,1,2.700298388,0.2566589102,0.3018082544,0
improved,0.0,physical_raw,1,s4-s5,1,svd,51,82,8,8,1,0.146688247,0.06733232256,0.06835971815,1
improved,0.0,physical_raw,1,s4-s5,1,svd+ransac,51,82,8,8,1,0.146688247,0.06733232256,0.06835971815,1
improved,0.0,physical_raw,1,s4-s6,1,svd,51,85,12,12,1,0.05287306529,0.0501793853,0.05022150842,1
improved,0.0,physical_raw,1,s4-s6,1,svd+ransac,51,85,12,12,1,0.05287306529,0.0501793853,0.05022150842,1
improved,0.0,physical_raw,1,s5-s6,1,svd,82,85,10,10,1,0.293086978,0.03159787388,0.03892719245,1
improved,0.0,physical_raw,1,s5-s6,1,svd+ransac,82,85,10,10,1,0.293086978,0.03159787388,0.03892719245,1
improved,0.0,physical_raw,2,s1-s2,1,svd,56,61,4,4,1,0.480594752,0.05310069241,0.06101372109,1
improved,0.0,physical_raw,2,s1-s2,1,svd+ransac,56,61,4,4,1,0.480594752,0.05310069241,0.06101372109,1
improved,0.0,physical_raw,2,s1-s3,1,svd,56,49,9,9,1,0.5802821769,0.02180907422,0.03878810271,1
improved,0.0,physical_raw,2,s1-s3,1,svd+ransac,56,49,9,9,1,0.5802821769,0.02180907422,0.03878810271,1
improved,0.0,physical_raw,2,s1-s4,0,svd,56,56,4,4,1,1.060314518,0.1617923943,0.174296284,1
improved,0.0,physical_raw,2,s1-s4,0,svd+ransac,56,56,4,4,1,1.060314518,0.1617923943,0.174296284,1
improved,0.0,physical_raw,2,s1-s5,0,svd,56,82,6,6,1,0.7251165452,0.1916021368,0.1947071961,1
improved,0.0,physical_raw,2,s1-s5,0,svd+ransac,56,82,6,6,1,0.7251165452,0.1916021368,0.1947071961,1
improved,0.0,physical_raw,2,s1-s6,0,svd,56,89,8,8,1,1.241932707,0.106921434,0.1340858832,1
improved,0.0,physical_raw,2,s1-s6,0,svd+ransac,56,89,8,8,1,1.241932707,0.106921434,0.1340858832,1
improved,0.0,physical_raw,2,s2-s3,1,svd,61,49,10,10,1,0.1852782779,0.02211818841,0.02633805934,1
improved,0.0,physical_raw,2,s2-s3,1,svd+ransac,61,49,10,10,1,0.1852782779,0.02211818841,0.02633805934,1
improved,0.0,physical_raw,2,s2-s4,1,svd,61,56,5,5,1,0.3177814165,0.007283006083,0.02261262435,1
improved,0.0,physical_raw,2,s2-s4,1,svd+ransac,61,56,5,5,1,0.3177814165,0.007283006083,0.02261262435,1
improved,0.0,physical_raw,2,s2-s5,1,svd,61,82,6,6,1,0.8130580306,0.05919251819,0.07770771008,1
improved,0.0,physical_raw,2,s2-s5,1,svd+ransac,61,82,6,6,1,0.8130580306,0.05919251819,0.07770771008,1
improved,0.0,physical_raw,2,s2-s6,0,svd,61,89,5,5,1,0.2141739299,0.06296903219,0.06522549254,1
improved,0.0,physical_raw,2,s2-s6,0,svd+ransac,61,89,5,5,1,0.2141739299,0.06296903219,0.06522549254,1
improved,0.0,physical_raw,2,s3-s4,1,svd,49,56,4,4,1,0.9206769769,0.08883601182,0.1021734539,1
improved,0.0,physical_raw,2,s3-s4,1,svd+ransac,49,56,4,4,1,0.9206769769,0.08883601182,0.1021734539,1
improved,0.0,physical_raw,2,s3-s5,1,svd,49,82,2,2,0,nan,nan,nan,0
improved,0.0,physical_raw,2,s3-s5,1,svd+ransac,49,82,2,2,0,nan,nan,nan,0
improved,0.0,physical_raw,2,s3-s6,0,svd,49,89,5,5,1,2.580526002,0.1192629338,0.1802450542,0
improved,0.0,physical_raw,2,s3-s6,0,svd+ransac,49,89,5,5,1,2.580526002,0.1192629338,0.1802450542,0
improved,0.0,physical_raw,2,s4-s5,1,svd,56,82,7,7,1,0.5222524389,0.08894774087,0.09565639373,1
improved,0.0,physical_raw,2,s4-s5,1,svd+ransac,56,82,7,7,1,0.5222524389,0.08894774087,0.09565639373,1
improved,0.0,physical_raw,2,s4-s6,1,svd,56,89,11,11,1,0.1442302093,0.04714749391,0.04797820137,1
improved,0.0,physical_raw,2,s4-s6,1,svd+ransac,56,89,11,11,1,0.1442302093,0.04714749391,0.04797820137,1
improved,0.0,physical_raw,2,s5-s6,1,svd,82,89,1,1,0,nan,nan,nan,0
improved,0.0,physical_raw,2,s5-s6,1,svd+ransac,82,89,1,1,0,nan,nan,nan,0
improved,0.0,physical_raw,3,s1-s2,1,svd,56,56,6,6,1,0.5074886315,0.05121254361,0.06079572386,1
improved,0.0,physical_raw,3,s1-s2,1,svd+ransac,56,56,6,6,1,0.5074886315,0.05121254361,0.06079572386,1
improved,0.0,physical_raw,3,s1-s3,1,svd,56,49,8,8,1,0.6731888825,0.02933119735,0.04732105843,1
improved,0.0,physical_raw,3,s1-s3,1,svd+ransac,56,49,8,8,1,0.2931888705,0.01030624881,0.0198406936,1
improved,0.0,physical_raw,3,s1-s4,0,svd,56,51,6,6,1,0.7725568656,0.1373482579,0.1458017177,1
improved,0.0,physical_raw,3,s1-s4,0,svd+ransac,56,51,6,6,1,0.7725568656,0.1373482579,0.1458017177,1
improved,0.0,physical_raw,3,s1-s5,0,svd,56,82,4,4,1,0.4533137173,0.07066303794,0.0796536514,1
improved,0.0,physical_raw,3,s1-s5,0,svd+ransac,56,82,4,4,1,0.4533137173,0.07066303794,0.0796536514,1
improved,0.0,physical_raw,3,s1-s6,0,svd,56,91,3,3,1,0.9990718031,0.08752324365,0.1030854354,1
improved,0.0,physical_raw,3,s1-s6,0,svd+ransac,56,91,3,3,1,0.9990718031,0.08752324365,0.1030854354,1
improved,0.0,physical_raw,3,s2-s3,1,svd,56,49,10,10,1,0.7503695717,0.03400476342,0.05403655721,1
improved,0.0,physical_raw,3,s2-s3,1,svd+ransac,56,49,10,10,1,0.7503695717,0.03400476342,0.05403655721,1
improved,0.0,physical_raw,3,s2-s4,1,svd,56,51,11,11,1,0.4491255479,0.02370925157,0.0410247256,1
improved,0.0,physical_raw,3,s2-s4,1,svd+ransac,56,51,11,11,1,0.4491255479,0.02370925157,0.0410247256,1
improved,0.0,physical_raw,3,s2-s5,1,svd,56,82,2,2,0,nan,nan,nan,0
improved,0.0,physical_raw,3,s2-s5,1,svd+ransac,56,82,2,2,0,nan,nan,nan,0
improved,0.0,physical_raw,3,s2-s6,0,svd,56,91,5,5,1,0.8174874328,0.08289567458,0.0976641697,1
improved,0.0,physical_raw,3,s2-s6,0,svd+ransac,56,91,5,5,1,1.241180847,0.09310880971,0.1208130505,1
improved,0.0,physical_raw,3,s3-s4,1,svd,49,51,7,7,1,0.4466485585,0.01807156495,0.03155819604,1
improved,0.0,physical_raw,3,s3-s4,1,svd+ransac,49,51,7,7,1,0.4466485585,0.01807156495,0.03155819604,1
improved,0.0,physical_raw,3,s3-s5,1,svd,49,82,8,8,1,0.832130748,0.1727973308,0.1778115577,1
improved,0.0,physical_raw,3,s3-s5,1,svd+ransac,49,82,8,8,1,0.832130748,0.1727973308,0.1778115577,1
improved,0.0,physical_raw,3,s3-s6,0,svd,49,91,1,1,0,nan,nan,nan,0
improved,0.0,physical_raw,3,s3-s6,0,svd+ransac,49,91,1,1,0,nan,nan,nan,0
improved,0.0,physical_raw,3,s4-s5,1,svd,51,82,9,9,1,0.2811476207,0.05733495943,0.06048776549,1
improved,0.0,physical_raw,3,s4-s5,1,svd+ransac,51,82,9,9,1,0.2811476207,0.05733495943,0.06048776549,1
improved,0.0,physical_raw,3,s4-s6,1,svd,51,91,14,14,1,0.1737015076,0.1136815925,0.1144956395,1
improved,0.0,physical_raw,3,s4-s6,1,svd+ransac,51,91,14,14,1,0.1737015076,0.1136815925,0.1144956395,1
improved,0.0,physical_raw,3,s5-s6,1,svd,82,91,13,13,1,0.03739114366,0.02196022163,0.02174234546,1
improved,0.0,physical_raw,3,s5-s6,1,svd+ransac,82,91,13,13,1,0.03739114366,0.02196022163,0.02174234546,1
improved,0.0,physical_raw,4,s1-s2,1,svd,59,62,7,7,1,0.4254146073,0.06130307244,0.06689828089,1
improved,0.0,physical_raw,4,s1-s2,1,svd+ransac,59,62,7,7,1,0.4254146073,0.06130307244,0.06689828089,1
improved,0.0,physical_raw,4,s1-s3,1,svd,59,48,8,8,1,0.6459462018,0.0352356638,0.05282467994,1
improved,0.0,physical_raw,4,s1-s3,1,svd+ransac,59,48,8,8,1,0.6459462018,0.0352356638,0.05282467994,1
improved,0.0,physical_raw,4,s1-s4,0,svd,59,55,5,5,1,0.9702084311,0.1667012853,0.1770244531,1
improved,0.0,physical_raw,4,s1-s4,0,svd+ransac,59,55,5,5,1,0.9702084311,0.1667012853,0.1770244531,1
improved,0.0,physical_raw,4,s1-s5,0,svd,59,79,6,6,1,0.9525054794,0.1067439591,0.1207903987,1
improved,0.0,physical_raw,4,s1-s5,0,svd+ransac,59,79,6,6,1,0.9525054794,0.1067439591,0.1207903987,1
improved,0.0,physical_raw,4,s1-s6,0,svd,59,92,5,5,1,0.9261916472,0.2117073723,0.2174518986,1
improved,0.0,physical_raw,4,s1-s6,0,svd+ransac,59,92,5,5,1,0.9261916472,0.2117073723,0.2174518986,1
improved,0.0,physical_raw,4,s2-s3,1,svd,62,48,8,8,1,0.5290392276,0.107724939,0.114496073,1
improved,0.0,physical_raw,4,s2-s3,1,svd+ransac,62,48,8,8,1,0.5290392276,0.107724939,0.114496073,1
improved,0.0,physical_raw,4,s2-s4,1,svd,62,55,8,8,1,0.5517134799,0.05977234523,0.07015427026,1
improved,0.0,physical_raw,4,s2-s4,1,svd+ransac,62,55,8,8,1,0.5517134799,0.05977234523,0.07015427026,1
improved,0.0,physical_raw,4,s2-s5,1,svd,62,79,4,4,1,0.6979036157,0.02942610876,0.05097323364,1
improved,0.0,physical_raw,4,s2-s5,1,svd+ransac,62,79,4,4,1,0.6979036157,0.02942610876,0.05097323364,1
improved,0.0,physical_raw,4,s2-s6,0,svd,62,92,2,2,0,nan,nan,nan,0
improved,0.0,physical_raw,4,s2-s6,0,svd+ransac,62,92,2,2,0,nan,nan,nan,0
improved,0.0,physical_raw,4,s3-s4,1,svd,48,55,8,8,1,0.3018199714,0.01680306834,0.02380755388,1
improved,0.0,physical_raw,4,s3-s4,1,svd+ransac,48,55,8,8,1,0.3018199714,0.01680306834,0.02380755388,1
improved,0.0,physical_raw,4,s3-s5,1,svd,48,79,9,9,1,0.2379337274,0.02210553814,0.029224287,1
improved,0.0,physical_raw,4,s3-s5,1,svd+ransac,48,79,9,9,1,0.2379337274,0.02210553814,0.029224287,1
improved,0.0,physical_raw,4,s3-s6,0,svd,48,92,7,7,1,0.2638645247,0.08182405963,0.08259734746,1
improved,0.0,physical_raw,4,s3-s6,0,svd+ransac,48,92,7,7,1,0.2638645247,0.08182405963,0.08259734746,1
improved,0.0,physical_raw,4,s4-s5,1,svd,55,79,9,9,1,0.2947922616,0.08706715302,0.08988954718,1
improved,0.0,physical_raw,4,s4-s5,1,svd+ransac,55,79,9,9,1,0.2947922616,0.08706715302,0.08988954718,1
improved,0.0,physical_raw,4,s4-s6,1,svd,55,92,13,13,1,0.1048443924,0.06560793514,0.06608076551,1
improved,0.0,physical_raw,4,s4-s6,1,svd+ransac,55,92,13,13,1,0.1048443924,0.06560793514,0.06608076551,1
improved,0.0,physical_raw,4,s5-s6,1,svd,79,92,11,11,1,0.2390655491,0.03269880809,0.03729455208,1
improved,0.0,physical_raw,4,s5-s6,1,svd+ransac,79,92,11,11,1,0.2390655491,0.03269880809,0.03729455208,1
improved,0.0,physical_raw,5,s1-s2,1,svd,53,59,3,3,1,0.4273538743,0.06560635423,0.07116094144,1
improved,0.0,physical_raw,5,s1-s2,1,svd+ransac,53,59,3,3,1,0.4273538743,0.06560635423,0.07116094144,1
improved,0.0,physical_raw,5,s1-s3,1,svd,53,49,9,9,1,0.6406696851,0.02394740491,0.04180246398,1
improved,0.0,physical_raw,5,s1-s3,1,svd+ransac,53,49,9,9,1,0.6406696851,0.02394740491,0.04180246398,1
improved,0.0,physical_raw,5,s1-s4,0,svd,53,53,1,1,0,nan,nan,nan,0
improved,0.0,physical_raw,5,s1-s4,0,svd+ransac,53,53,1,1,0,nan,nan,nan,0
improved,0.0,physical_raw,5,s1-s5,0,svd,53,79,3,3,1,0.3889029566,0.06869540372,0.07515506068,1
improved,0.0,physical_raw,5,s1-s5,0,svd+ransac,53,79,3,3,1,0.3889029566,0.06869540372,0.07515506068,1
improved,0.0,physical_raw,5,s1-s6,0,svd,53,89,5,5,1,1.113239275,0.09629477162,0.1207295625,1
improved,0.0,physical_raw,5,s1-s6,0,svd+ransac,53,89,5,5,1,1.113239275,0.09629477162,0.1207295625,1
improved,0.0,physical_raw,5,s2-s3,1,svd,59,49,12,12,1,0.3780307551,0.04652127215,0.05278266979,1
improved,0.0,physical_raw,5,s2-s3,1,svd+ransac,59,49,12,12,1,0.3780307551,0.04652127215,0.05278266979,1
improved,0.0,physical_raw,5,s2-s4,1,svd,59,53,8,8,1,0.7217275882,0.04838459608,0.07188530214,1
improved,0.0,physical_raw,5,s2-s4,1,svd+ransac,59,53,8,8,1,0.7217275882,0.04838459608,0.07188530214,1
improved,0.0,physical_raw,5,s2-s5,1,svd,59,79,8,8,1,0.6664447612,0.06185811942,0.0767209268,1
improved,0.0,physical_raw,5,s2-s5,1,svd+ransac,59,79,8,8,1,0.6664447612,0.06185811942,0.0767209268,1
improved,0.0,physical_raw,5,s2-s6,0,svd,59,89,7,7,1,1.686609265,0.1156851193,0.1562844109,1
improved,0.0,physical_raw,5,s2-s6,0,svd+ransac,59,89,7,7,1,0.5248033649,0.1182091257,0.124851032,1
improved,0.0,physical_raw,5,s3-s4,1,svd,49,53,6,6,1,1.045608547,0.1198319984,0.135884748,1
improved,0.0,physical_raw,5,s3-s4,1,svd+ransac,49,53,6,6,1,1.045608547,0.1198319984,0.135884748,1
improved,0.0,physical_raw,5,s3-s5,1,svd,49,79,1,1,0,nan,nan,nan,0
improved,0.0,physical_raw,5,s3-s5,1,svd+ransac,49,79,1,1,0,nan,nan,nan,0
improved,0.0,physical_raw,5,s3-s6,0,svd,49,89,7,7,1,0.417999086,0.1080068056,0.1096593124,1
improved,0.0,physical_raw,5,s3-s6,0,svd+ransac,49,89,7,7,1,0.417999086,0.1080068056,0.1096593124,1
improved,0.0,physical_raw,5,s4-s5,1,svd,53,79,7,7,1,0.1983763988,0.07163657829,0.07325590511,1
improved,0.0,physical_raw,5,s4-s5,1,svd+ransac,53,79,7,7,1,0.1983763988,0.07163657829,0.07325590511,1
improved,0.0,physical_raw,5,s4-s6,1,svd,53,89,13,13,1,0.147529819,0.03003453793,0.03136878093,1
improved,0.0,physical_raw,5,s4-s6,1,svd+ransac,53,89,13,13,1,0.147529819,0.03003453793,0.03136878093,1
improved,0.0,physical_raw,5,s5-s6,1,svd,79,89,7,7,1,0.4372039989,0.03667355037,0.04552656867,1
improved,0.0,physical_raw,5,s5-s6,1,svd+ransac,79,89,7,7,1,0.4372039989,0.03667355037,0.04552656867,1
improved,0.0,physical_raw,6,s1-s2,1,svd,53,62,5,5,1,0.4259515725,0.006614744834,0.02686435062,1
improved,0.0,physical_raw,6,s1-s2,1,svd+ransac,53,62,5,5,1,0.4259515725,0.006614744834,0.02686435062,1
improved,0.0,physical_raw,6,s1-s3,1,svd,53,50,8,8,1,0.8654954385,0.03913685029,0.06099767613,1
improved,0.0,physical_raw,6,s1-s3,1,svd+ransac,53,50,8,8,1,0.8654954385,0.03913685029,0.06099767613,1
improved,0.0,physical_raw,6,s1-s4,0,svd,53,53,6,6,1,0.6666728458,0.1006489254,0.1066582737,1
improved,0.0,physical_raw,6,s1-s4,0,svd+ransac,53,53,6,6,1,0.6666728458,0.1006489254,0.1066582737,1
improved,0.0,physical_raw,6,s1-s5,0,svd,53,82,9,9,1,1.056668785,0.07277199117,0.09449959313,1
improved,0.0,physical_raw,6,s1-s5,0,svd+ransac,53,82,9,9,1,0.8820726159,0.1431877478,0.1515995359,1
improved,0.0,physical_raw,6,s1-s6,0,svd,53,88,0,0,0,nan,nan,nan,0
improved,0.0,physical_raw,6,s1-s6,0,svd+ransac,53,88,0,0,0,nan,nan,nan,0
improved,0.0,physical_raw,6,s2-s3,1,svd,62,50,8,8,1,9.214979415,1.202485051,1.293913627,0
improved,0.0,physical_raw,6,s2-s3,1,svd+ransac,62,50,8,8,1,0.7358788783,0.1116910867,0.1183041686,1
improved,0.0,physical_raw,6,s2-s4,1,svd,62,53,9,9,1,0.6630057658,0.04927979439,0.06626538705,1
improved,0.0,physical_raw,6,s2-s4,1,svd+ransac,62,53,9,9,1,0.6630057658,0.04927979439,0.06626538705,1
improved,0.0,physical_raw,6,s2-s5,1,svd,62,82,4,4,1,0.6277891297,0.05756834501,0.07196127681,1
improved,0.0,physical_raw,6,s2-s5,1,svd+ransac,62,82,4,4,1,0.6277891297,0.05756834501,0.07196127681,1
improved,0.0,physical_raw,6,s2-s6,0,svd,62,88,4,4,1,3.386546328,0.3216734737,0.3911567035,0
improved,0.0,physical_raw,6,s2-s6,0,svd+ransac,62,88,4,4,1,7.51554087,1.368271028,1.473751162,0
improved,0.0,physical_raw,6,s3-s4,1,svd,50,53,4,4,1,0.9342429414,0.1046592771,0.1197133437,1
improved,0.0,physical_raw,6,s3-s4,1,svd+ransac,50,53,4,4,1,0.9342429414,0.1046592771,0.1197133437,1
improved,0.0,physical_raw,6,s3-s5,1,svd,50,82,4,4,1,0.3647269586,0.05304823878,0.05621070524,1
improved,0.0,physical_raw,6,s3-s5,1,svd+ransac,50,82,4,4,1,0.3647269586,0.05304823878,0.05621070524,1
improved,0.0,physical_raw,6,s3-s6,0,svd,50,88,0,0,0,nan,nan,nan,0
improved,0.0,physical_raw,6,s3-s6,0,svd+ransac,50,88,0,0,0,nan,nan,nan,0
improved,0.0,physical_raw,6,s4-s5,1,svd,53,82,8,8,1,0.09063976296,0.04962788523,0.05001883714,1
improved,0.0,physical_raw,6,s4-s5,1,svd+ransac,53,82,8,8,1,0.09063976296,0.04962788523,0.05001883714,1
improved,0.0,physical_raw,6,s4-s6,1,svd,53,88,14,14,1,0.07707965834,0.05501470304,0.0551760393,1
improved,0.0,physical_raw,6,s4-s6,1,svd+ransac,53,88,14,14,1,0.07707965834,0.05501470304,0.0551760393,1
improved,0.0,physical_raw,6,s5-s6,1,svd,82,88,10,10,1,0.2594810233,0.03816000307,0.042369782,1
improved,0.0,physical_raw,6,s5-s6,1,svd+ransac,82,88,10,10,1,0.2594810233,0.03816000307,0.042369782,1
improved,0.0,physical_raw,7,s1-s2,1,svd,54,58,8,8,1,0.3593604946,0.07451658132,0.07790982558,1
improved,0.0,physical_raw,7,s1-s2,1,svd+ransac,54,58,8,8,1,0.3593604946,0.07451658132,0.07790982558,1
improved,0.0,physical_raw,7,s1-s3,1,svd,54,44,6,6,1,0.7878000334,0.04453597953,0.06123266901,1
improved,0.0,physical_raw,7,s1-s3,1,svd+ransac,54,44,6,6,1,0.7878000334,0.04453597953,0.06123266901,1
improved,0.0,physical_raw,7,s1-s4,0,svd,54,52,5,5,1,0.7445443931,0.06516133053,0.07933245799,1
improved,0.0,physical_raw,7,s1-s4,0,svd+ransac,54,52,5,5,1,0.7445443931,0.06516133053,0.07933245799,1
improved,0.0,physical_raw,7,s1-s5,0,svd,54,86,2,2,0,nan,nan,nan,0
improved,0.0,physical_raw,7,s1-s5,0,svd+ransac,54,86,2,2,0,nan,nan,nan,0
improved,0.0,physical_raw,7,s1-s6,0,svd,54,85,0,0,0,nan,nan,nan,0
improved,0.0,physical_raw,7,s1-s6,0,svd+ransac,54,85,0,0,0,nan,nan,nan,0
improved,0.0,physical_raw,7,s2-s3,1,svd,58,44,8,8,1,0.06204620935,0.03488660843,0.03573464862,1
improved,0.0,physical_raw,7,s2-s3,1,svd+ransac,58,44,8,8,1,0.06204620935,0.03488660843,0.03573464862,1
improved,0.0,physical_raw,7,s2-s4,1,svd,58,52,6,6,1,0.7713904708,0.0651407644,0.08180883954,1
improved,0.0,physical_raw,7,s2-s4,1,svd+ransac,58,52,6,6,1,0.7713904708,0.0651407644,0.08180883954,1
improved,0.0,physical_raw,7,s2-s5,1,svd,58,86,3,3,1,3.250075698,0.6621117707,0.7024006616,0
improved,0.0,physical_raw,7,s2-s5,1,svd+ransac,58,86,3,3,1,3.250075698,0.6621117707,0.7024006616,0
improved,0.0,physical_raw,7,s2-s6,0,svd,58,85,5,5,1,6.749932474,1.218332907,1.314716185,0
improved,0.0,physical_raw,7,s2-s6,0,svd+ransac,58,85,5,5,1,1.355119997,0.1605005129,0.1848593862,1
improved,0.0,physical_raw,7,s3-s4,1,svd,44,52,3,3,1,0.5483420959,0.0279294798,0.04682091454,1
improved,0.0,physical_raw,7,s3-s4,1,svd+ransac,44,52,3,3,1,0.5483420959,0.0279294798,0.04682091454,1
improved,0.0,physical_raw,7,s3-s5,1,svd,44,86,3,3,1,0.5974938285,0.08488073368,0.09418492993,1
improved,0.0,physical_raw,7,s3-s5,1,svd+ransac,44,86,3,3,1,0.5974938285,0.08488073368,0.09418492993,1
improved,0.0,physical_raw,7,s3-s6,0,svd,44,85,0,0,0,nan,nan,nan,0
improved,0.0,physical_raw,7,s3-s6,0,svd+ransac,44,85,0,0,0,nan,nan,nan,0
improved,0.0,physical_raw,7,s4-s5,1,svd,52,86,5,5,1,1.101690286,0.1046807834,0.1292876663,1
improved,0.0,physical_raw,7,s4-s5,1,svd+ransac,52,86,5,5,1,1.101690286,0.1046807834,0.1292876663,1
improved,0.0,physical_raw,7,s4-s6,1,svd,52,85,14,14,1,0.2471700724,0.06600397912,0.06814565143,1
improved,0.0,physical_raw,7,s4-s6,1,svd+ransac,52,85,14,14,1,0.2471700724,0.06600397912,0.06814565143,1
improved,0.0,physical_raw,7,s5-s6,1,svd,86,85,8,8,1,0.5045772684,0.02593106438,0.03855192303,1
improved,0.0,physical_raw,7,s5-s6,1,svd+ransac,86,85,8,8,1,0.5045772684,0.02593106438,0.03855192303,1
improved,0.0,physical_raw,8,s1-s2,1,svd,57,60,8,8,1,0.2850156548,0.06105454323,0.06272696947,1
improved,0.0,physical_raw,8,s1-s2,1,svd+ransac,57,60,8,8,1,0.2850156548,0.06105454323,0.06272696947,1
improved,0.0,physical_raw,8,s1-s3,1,svd,57,45,9,9,1,0.5331714319,0.03076960176,0.0418811734,1
improved,0.0,physical_raw,8,s1-s3,1,svd+ransac,57,45,9,9,1,0.5331714319,0.03076960176,0.0418811734,1
improved,0.0,physical_raw,8,s1-s4,0,svd,57,56,5,5,1,0.9590625955,0.1463068103,0.158520219,1
improved,0.0,physical_raw,8,s1-s4,0,svd+ransac,57,56,5,5,1,0.9590625955,0.1463068103,0.158520219,1
improved,0.0,physical_raw,8,s1-s5,0,svd,57,86,5,5,1,0.7854642116,0.1531984194,0.1596653375,1
improved,0.0,physical_raw,8,s1-s5,0,svd+ransac,57,86,5,5,1,0.7854642116,0.1531984194,0.1596653375,1
improved,0.0,physical_raw,8,s1-s6,0,svd,57,86,0,0,0,nan,nan,nan,0
improved,0.0,physical_raw,8,s1-s6,0,svd+ransac,57,86,0,0,0,nan,nan,nan,0
improved,0.0,physical_raw,8,s2-s3,1,svd,60,45,11,11,1,2.337115094,0.1015247604,0.1671749982,0
improved,0.0,physical_raw,8,s2-s3,1,svd+ransac,60,45,11,11,1,0.5469116222,0.04253373156,0.05336786742,1
improved,0.0,physical_raw,8,s2-s4,1,svd,60,56,9,9,1,0.5427193015,0.02564959021,0.04621582586,1
improved,0.0,physical_raw,8,s2-s4,1,svd+ransac,60,56,9,9,1,0.5427193015,0.02564959021,0.04621582586,1
improved,0.0,physical_raw,8,s2-s5,1,svd,60,86,2,2,0,nan,nan,nan,0
improved,0.0,physical_raw,8,s2-s5,1,svd+ransac,60,86,2,2,0,nan,nan,nan,0
improved,0.0,physical_raw,8,s2-s6,0,svd,60,86,6,6,1,0.8192102604,0.04063385741,0.06951180114,1
improved,0.0,physical_raw,8,s2-s6,0,svd+ransac,60,86,6,6,1,0.8192102604,0.04063385741,0.06951180114,1
improved,0.0,physical_raw,8,s3-s4,1,svd,45,56,3,3,1,1.05618954,0.127936631,0.1434543116,1
improved,0.0,physical_raw,8,s3-s4,1,svd+ransac,45,56,3,3,1,1.05618954,0.127936631,0.1434543116,1
improved,0.0,physical_raw,8,s3-s5,1,svd,45,86,2,2,0,nan,nan,nan,0
improved,0.0,physical_raw,8,s3-s5,1,svd+ransac,45,86,2,2,0,nan,nan,nan,0
improved,0.0,physical_raw,8,s3-s6,0,svd,45,86,3,3,1,0.818400371,0.4204518937,0.4184558381,1
improved,0.0,physical_raw,8,s3-s6,0,svd+ransac,45,86,3,3,1,0.818400371,0.4204518937,0.4184558381,1
improved,0.0,physical_raw,8,s4-s5,1,svd,56,86,4,4,1,0.7527418452,0.1256737905,0.1356004509,1
improved,0.0,physical_raw,8,s4-s5,1,svd+ransac,56,86,4,4,1,0.7527418452,0.1256737905,0.1356004509,1
improved,0.0,physical_raw,8,s4-s6,1,svd,56,86,14,14,1,0.05285649794,0.0482146134,0.04834978155,1
improved,0.0,physical_raw,8,s4-s6,1,svd+ransac,56,86,14,14,1,0.05285649794,0.0482146134,0.04834978155,1
improved,0.0,physical_raw,8,s5-s6,1,svd,86,86,8,8,1,0.2638135953,0.01885236457,0.02607148541,1
improved,0.0,physical_raw,8,s5-s6,1,svd+ransac,86,86,8,8,1,0.2638135953,0.01885236457,0.02607148541,1
improved,0.0,physical_raw,9,s1-s2,1,svd,52,62,11,11,1,0.2104397086,0.0315890148,0.03396726602,1
improved,0.0,physical_raw,9,s1-s2,1,svd+ransac,52,62,11,11,1,0.2104397086,0.0315890148,0.03396726602,1
improved,0.0,physical_raw,9,s1-s3,1,svd,52,47,10,10,1,0.6513158102,0.02478696355,0.04332883114,1
improved,0.0,physical_raw,9,s1-s3,1,svd+ransac,52,47,10,10,1,0.6513158102,0.02478696355,0.04332883114,1
improved,0.0,physical_raw,9,s1-s4,0,svd,52,55,5,5,1,1.050042041,0.2146962518,0.2231853481,1
improved,0.0,physical_raw,9,s1-s4,0,svd+ransac,52,55,5,5,1,1.050042041,0.2146962518,0.2231853481,1
improved,0.0,physical_raw,9,s1-s5,0,svd,52,83,5,5,1,0.7730374732,0.200674079,0.2037162734,1
improved,0.0,physical_raw,9,s1-s5,0,svd+ransac,52,83,5,5,1,0.7730374732,0.200674079,0.2037162734,1
improved,0.0,physical_raw,9,s1-s6,0,svd,52,93,0,0,0,nan,nan,nan,0
improved,0.0,physical_raw,9,s1-s6,0,svd+ransac,52,93,0,0,0,nan,nan,nan,0
improved,0.0,physical_raw,9,s2-s3,1,svd,62,47,12,12,1,0.5659501039,0.04456845395,0.05663492733,1
improved,0.0,physical_raw,9,s2-s3,1,svd+ransac,62,47,12,12,1,0.5659501039,0.04456845395,0.05663492733,1
improved,0.0,physical_raw,9,s2-s4,1,svd,62,55,8,8,1,0.6786323666,0.03516895328,0.05894022158,1
improved,0.0,physical_raw,9,s2-s4,1,svd+ransac,62,55,8,8,1,0.6786323666,0.03516895328,0.05894022158,1
improved,0.0,physical_raw,9,s2-s5,1,svd,62,83,8,8,1,0.7446340616,0.05594570172,0.07355188239,1
improved,0.0,physical_raw,9,s2-s5,1,svd+ransac,62,83,8,8,1,0.7446340616,0.05594570172,0.07355188239,1
improved,0.0,physical_raw,9,s2-s6,0,svd,62,93,6,6,1,2.428710209,0.1938194955,0.2488213031,0
improved,0.0,physical_raw,9,s2-s6,0,svd+ransac,62,93,6,6,1,1.164410543,0.06941914598,0.1035460672,1
improved,0.0,physical_raw,9,s3-s4,1,svd,47,55,11,11,1,0.5113868011,0.02577159947,0.04079610241,1
improved,0.0,physical_raw,9,s3-s4,1,svd+ransac,47,55,11,11,1,0.5113868011,0.02577159947,0.04079610241,1
improved,0.0,physical_raw,9,s3-s5,1,svd,47,83,6,6,1,0.3446824454,0.05791434572,0.06550980001,1
improved,0.0,physical_raw,9,s3-s5,1,svd+ransac,47,83,6,6,1,0.3446824454,0.05791434572,0.06550980001,1
improved,0.0,physical_raw,9,s3-s6,0,svd,47,93,4,4,1,0.5463481438,0.02255359909,0.04655404604,1
improved,0.0,physical_raw,9,s3-s6,0,svd+ransac,47,93,4,4,1,0.5463481438,0.02255359909,0.04655404604,1
improved,0.0,physical_raw,9,s4-s5,1,svd,55,83,7,7,1,0.3915694498,0.07329648576,0.07756206084,1
improved,0.0,physical_raw,9,s4-s5,1,svd+ransac,55,83,7,7,1,0.3915694498,0.07329648576,0.07756206084,1
improved,0.0,physical_raw,9,s4-s6,1,svd,55,93,9,9,1,0.1785472356,0.02815894655,0.03122308563,1
improved,0.0,physical_raw,9,s4-s6,1,svd+ransac,55,93,9,9,1,0.1785472356,0.02815894655,0.03122308563,1
improved,0.0,physical_raw,9,s5-s6,1,svd,83,93,13,13,1,0.4693199599,0.02940200957,0.0395397085,1
improved,0.0,physical_raw,9,s5-s6,1,svd+ransac,83,93,13,13,1,0.4693199599,0.02940200957,0.0395397085,1
improved,0.0,physical_raw,10,s1-s2,1,svd,57,62,4,4,1,0.170613449,0.02377312888,0.02620083465,1
improved,0.0,physical_raw,10,s1-s2,1,svd+ransac,57,62,4,4,1,0.170613449,0.02377312888,0.02620083465,1
improved,0.0,physical_raw,10,s1-s3,1,svd,57,46,9,9,1,0.9538738063,0.1041144755,0.1166424777,1
improved,0.0,physical_raw,10,s1-s3,1,svd+ransac,57,46,9,9,1,0.9538738063,0.1041144755,0.1166424777,1
improved,0.0,physical_raw,10,s1-s4,0,svd,57,56,8,8,1,0.8038709532,0.09413583351,0.1069910825,1
improved,0.0,physical_raw,10,s1-s4,0,svd+ransac,57,56,8,8,1,0.8038709532,0.09413583351,0.1069910825,1
improved,0.0,physical_raw,10,s1-s5,0,svd,57,81,8,8,1,1.208603621,0.1395770688,0.1553896727,1
improved,0.0,physical_raw,10,s1-s5,0,svd+ransac,57,81,8,8,1,1.315948121,0.3180434851,0.325161282,1
improved,0.0,physical_raw,10,s1-s6,0,svd,57,87,3,3,1,2.088403747,0.7384280495,0.7435847783,0
improved,0.0,physical_raw,10,s1-s6,0,svd+ransac,57,87,3,3,1,2.088403747,0.7384280495,0.7435847783,0
improved,0.0,physical_raw,10,s2-s3,1,svd,62,46,13,13,1,0.3864840528,0.04197780819,0.04818521306,1
improved,0.0,physical_raw,10,s2-s3,1,svd+ransac,62,46,13,13,1,0.3864840528,0.04197780819,0.04818521306,1
improved,0.0,physical_raw,10,s2-s4,1,svd,62,56,9,9,1,0.4098958137,0.01170542358,0.02902409627,1
improved,0.0,physical_raw,10,s2-s4,1,svd+ransac,62,56,9,9,1,0.4098958137,0.01170542358,0.02902409627,1
improved,0.0,physical_raw,10,s2-s5,1,svd,62,81,7,7,1,0.5242674947,0.112276866,0.1176520136,1
improved,0.0,physical_raw,10,s2-s5,1,svd+ransac,62,81,7,7,1,0.5242674947,0.112276866,0.1176520136,1
improved,0.0,physical_raw,10,s2-s6,0,svd,62,87,2,2,0,nan,nan,nan,0
improved,0.0,physical_raw,10,s2-s6,0,svd+ransac,62,87,2,2,0,nan,nan,nan,0
improved,0.0,physical_raw,10,s3-s4,1,svd,46,56,8,8,1,0.5491016747,0.02180893128,0.04175474012,1
improved,0.0,physical_raw,10,s3-s4,1,svd+ransac,46,56,8,8,1,0.5491016747,0.02180893128,0.04175474012,1
improved,0.0,physical_raw,10,s3-s5,1,svd,46,81,10,10,1,0.2856128179,0.04770828788,0.05011620999,1
improved,0.0,physical_raw,10,s3-s5,1,svd+ransac,46,81,10,10,1,0.2856128179,0.04770828788,0.05011620999,1
improved,0.0,physical_raw,10,s3-s6,0,svd,46,87,4,4,1,0.6321053211,0.1218589947,0.1264611494,1
improved,0.0,physical_raw,10,s3-s6,0,svd+ransac,46,87,4,4,1,18.98360926,6.544045218,6.546061483,0
improved,0.0,physical_raw,10,s4-s5,1,svd,56,81,8,8,1,0.2572995365,0.05506326706,0.0587794513,1
improved,0.0,physical_raw,10,s4-s5,1,svd+ransac,56,81,8,8,1,0.2572995365,0.05506326706,0.0587794513,1
improved,0.0,physical_raw,10,s4-s6,1,svd,56,87,9,9,1,0.3065218337,0.08216517027,0.08478105068,1
improved,0.0,physical_raw,10,s4-s6,1,svd+ransac,56,87,9,9,1,0.3065218337,0.08216517027,0.08478105068,1
improved,0.0,physical_raw,10,s5-s6,1,svd,81,87,10,10,1,0.08853940534,0.01317294973,0.01432350209,1
improved,0.0,physical_raw,10,s5-s6,1,svd+ransac,81,87,10,10,1,0.08853940534,0.01317294973,0.01432350209,1
improved,0.0,linear_matched,1,s1-s2,1,svd,57,58,6,6,1,0.5028714158,0.05346451351,0.06235005257,1
improved,0.0,linear_matched,1,s1-s2,1,svd+ransac,57,58,6,6,1,0.5028714158,0.05346451351,0.06235005257,1
improved,0.0,linear_matched,1,s1-s3,1,svd,57,49,9,9,1,0.6432625859,0.02674591167,0.04914679267,1
improved,0.0,linear_matched,1,s1-s3,1,svd+ransac,57,49,9,9,1,0.6432625859,0.02674591167,0.04914679267,1
improved,0.0,linear_matched,1,s1-s4,0,svd,57,51,4,4,1,0.8957692472,0.1854221272,0.1926747,1
improved,0.0,linear_matched,1,s1-s4,0,svd+ransac,57,51,4,4,1,0.8957692472,0.1854221272,0.1926747,1
improved,0.0,linear_matched,1,s1-s5,0,svd,57,82,9,9,1,1.171259698,0.08910603527,0.1160436818,1
improved,0.0,linear_matched,1,s1-s5,0,svd+ransac,57,82,9,9,1,0.4759060362,0.1002123015,0.1043744794,1
improved,0.0,linear_matched,1,s1-s6,0,svd,57,88,6,6,1,0.8731944423,0.07635725766,0.09912373679,1
improved,0.0,linear_matched,1,s1-s6,0,svd+ransac,57,88,6,6,1,0.3232839493,0.0844806558,0.08782997544,1
improved,0.0,linear_matched,1,s2-s3,1,svd,58,49,11,11,1,0.3902473372,0.05176428363,0.05789647121,1
improved,0.0,linear_matched,1,s2-s3,1,svd+ransac,58,49,11,11,1,0.3902473372,0.05176428363,0.05789647121,1
improved,0.0,linear_matched,1,s2-s4,1,svd,58,51,7,7,1,1.31203269,0.1352541443,0.1548541157,1
improved,0.0,linear_matched,1,s2-s4,1,svd+ransac,58,51,7,7,1,1.31203269,0.1352541443,0.1548541157,1
improved,0.0,linear_matched,1,s2-s5,1,svd,58,82,1,1,0,nan,nan,nan,0
improved,0.0,linear_matched,1,s2-s5,1,svd+ransac,58,82,1,1,0,nan,nan,nan,0
improved,0.0,linear_matched,1,s2-s6,0,svd,58,88,5,5,1,13.08613343,3.148106028,3.238866218,0
improved,0.0,linear_matched,1,s2-s6,0,svd+ransac,58,88,5,5,1,30.36005209,8.419723378,8.578932347,0
improved,0.0,linear_matched,1,s3-s4,1,svd,49,51,7,7,1,0.5229223132,0.01174028456,0.03350061681,1
improved,0.0,linear_matched,1,s3-s4,1,svd+ransac,49,51,7,7,1,0.5229223132,0.01174028456,0.03350061681,1
improved,0.0,linear_matched,1,s3-s5,1,svd,49,82,2,2,0,nan,nan,nan,0
improved,0.0,linear_matched,1,s3-s5,1,svd+ransac,49,82,2,2,0,nan,nan,nan,0
improved,0.0,linear_matched,1,s3-s6,0,svd,49,88,0,0,0,nan,nan,nan,0
improved,0.0,linear_matched,1,s3-s6,0,svd+ransac,49,88,0,0,0,nan,nan,nan,0
improved,0.0,linear_matched,1,s4-s5,1,svd,51,82,8,8,1,0.1537101124,0.06726722488,0.06846279079,1
improved,0.0,linear_matched,1,s4-s5,1,svd+ransac,51,82,8,8,1,0.1537101124,0.06726722488,0.06846279079,1
improved,0.0,linear_matched,1,s4-s6,1,svd,51,88,10,10,1,0.201840036,0.09644981893,0.09763364675,1
improved,0.0,linear_matched,1,s4-s6,1,svd+ransac,51,88,10,10,1,0.201840036,0.09644981893,0.09763364675,1
improved,0.0,linear_matched,1,s5-s6,1,svd,82,88,11,11,1,0.2494608619,0.02483500482,0.03072308996,1
improved,0.0,linear_matched,1,s5-s6,1,svd+ransac,82,88,11,11,1,0.2494608619,0.02483500482,0.03072308996,1
improved,0.0,linear_matched,2,s1-s2,1,svd,57,61,4,4,1,0.2534788271,0.07349894435,0.0744920228,1
improved,0.0,linear_matched,2,s1-s2,1,svd+ransac,57,61,4,4,1,0.2534788271,0.07349894435,0.0744920228,1
improved,0.0,linear_matched,2,s1-s3,1,svd,57,51,9,9,1,0.5796313305,0.02146925134,0.03887297202,1
improved,0.0,linear_matched,2,s1-s3,1,svd+ransac,57,51,9,9,1,0.5796313305,0.02146925134,0.03887297202,1
improved,0.0,linear_matched,2,s1-s4,0,svd,57,58,6,6,1,0.9634389714,0.1713135894,0.180418004,1
improved,0.0,linear_matched,2,s1-s4,0,svd+ransac,57,58,6,6,1,0.9634389714,0.1713135894,0.180418004,1
improved,0.0,linear_matched,2,s1-s5,0,svd,57,80,6,6,1,0.7245955665,0.1911877514,0.1943517478,1
improved,0.0,linear_matched,2,s1-s5,0,svd+ransac,57,80,6,6,1,0.7245955665,0.1911877514,0.1943517478,1
improved,0.0,linear_matched,2,s1-s6,0,svd,57,89,6,6,1,1.427047539,0.09180577555,0.1279052669,1
improved,0.0,linear_matched,2,s1-s6,0,svd+ransac,57,89,6,6,1,1.427047539,0.09180577555,0.1279052669,1
improved,0.0,linear_matched,2,s2-s3,1,svd,61,51,9,9,1,0.2250212502,0.01027686297,0.01896153385,1
improved,0.0,linear_matched,2,s2-s3,1,svd+ransac,61,51,9,9,1,0.2250212502,0.01027686297,0.01896153385,1
improved,0.0,linear_matched,2,s2-s4,1,svd,61,58,8,8,1,0.5933188464,0.02404088862,0.04443182085,1
improved,0.0,linear_matched,2,s2-s4,1,svd+ransac,61,58,8,8,1,0.5933188464,0.02404088862,0.04443182085,1
improved,0.0,linear_matched,2,s2-s5,1,svd,61,80,1,1,0,nan,nan,nan,0
improved,0.0,linear_matched,2,s2-s5,1,svd+ransac,61,80,1,1,0,nan,nan,nan,0
improved,0.0,linear_matched,2,s2-s6,0,svd,61,89,7,7,1,0.8930433612,0.05380348404,0.08186074473,1
improved,0.0,linear_matched,2,s2-s6,0,svd+ransac,61,89,7,7,1,0.8930433612,0.05380348404,0.08186074473,1
improved,0.0,linear_matched,2,s3-s4,1,svd,51,58,7,7,1,0.6950135981,0.05725260142,0.07042011565,1
improved,0.0,linear_matched,2,s3-s4,1,svd+ransac,51,58,7,7,1,0.6950135981,0.05725260142,0.07042011565,1
improved,0.0,linear_matched,2,s3-s5,1,svd,51,80,11,11,1,0.08929877434,0.04283911174,0.04405178111,1
improved,0.0,linear_matched,2,s3-s5,1,svd+ransac,51,80,11,11,1,0.225973622,0.02456787105,0.02853388945,1
improved,0.0,linear_matched,2,s3-s6,0,svd,51,89,4,4,1,4.580870769,0.144896072,0.2814421071,0
improved,0.0,linear_matched,2,s3-s6,0,svd+ransac,51,89,4,4,1,4.580870769,0.144896072,0.2814421071,0
improved,0.0,linear_matched,2,s4-s5,1,svd,58,80,6,6,1,0.4500758309,0.08975698151,0.09478839433,1
improved,0.0,linear_matched,2,s4-s5,1,svd+ransac,58,80,6,6,1,0.4500758309,0.08975698151,0.09478839433,1
improved,0.0,linear_matched,2,s4-s6,1,svd,58,89,13,13,1,0.08335253938,0.07057308226,0.07085190691,1
improved,0.0,linear_matched,2,s4-s6,1,svd+ransac,58,89,13,13,1,0.08335253938,0.07057308226,0.07085190691,1
improved,0.0,linear_matched,2,s5-s6,1,svd,80,89,5,5,1,0.802536569,0.04721192196,0.07146906286,1
improved,0.0,linear_matched,2,s5-s6,1,svd+ransac,80,89,5,5,1,0.802536569,0.04721192196,0.07146906286,1
improved,0.0,linear_matched,3,s1-s2,1,svd,58,57,7,7,1,0.4949525435,0.05377041838,0.06212767508,1
improved,0.0,linear_matched,3,s1-s2,1,svd+ransac,58,57,7,7,1,0.4949525435,0.05377041838,0.06212767508,1
improved,0.0,linear_matched,3,s1-s3,1,svd,58,48,8,8,1,0.6790016515,0.03441857411,0.05066555187,1
improved,0.0,linear_matched,3,s1-s3,1,svd+ransac,58,48,8,8,1,0.6790016515,0.03441857411,0.05066555187,1
improved,0.0,linear_matched,3,s1-s4,0,svd,58,51,4,4,1,1.084900369,0.2213061251,0.2306152573,1
improved,0.0,linear_matched,3,s1-s4,0,svd+ransac,58,51,4,4,1,1.084900369,0.2213061251,0.2306152573,1
improved,0.0,linear_matched,3,s1-s5,0,svd,58,82,3,3,1,0.9368112428,0.2631494782,0.2700980616,1
improved,0.0,linear_matched,3,s1-s5,0,svd+ransac,58,82,3,3,1,0.9368112428,0.2631494782,0.2700980616,1
improved,0.0,linear_matched,3,s1-s6,0,svd,58,94,4,4,1,1.116914495,0.177401976,0.1852919184,1
improved,0.0,linear_matched,3,s1-s6,0,svd+ransac,58,94,4,4,1,1.116914495,0.177401976,0.1852919184,1
improved,0.0,linear_matched,3,s2-s3,1,svd,57,48,6,6,1,0.8522743369,0.09866304421,0.1123225625,1
improved,0.0,linear_matched,3,s2-s3,1,svd+ransac,57,48,6,6,1,0.8522743369,0.09866304421,0.1123225625,1
improved,0.0,linear_matched,3,s2-s4,1,svd,57,51,10,10,1,0.6484740679,0.02598338416,0.04942773969,1
improved,0.0,linear_matched,3,s2-s4,1,svd+ransac,57,51,10,10,1,0.6484740679,0.02598338416,0.04942773969,1
improved,0.0,linear_matched,3,s2-s5,1,svd,57,82,3,3,1,0.7781215981,0.1210977914,0.1359990916,1
improved,0.0,linear_matched,3,s2-s5,1,svd+ransac,57,82,3,3,1,0.7781215981,0.1210977914,0.1359990916,1
improved,0.0,linear_matched,3,s2-s6,0,svd,57,94,1,1,0,nan,nan,nan,0
improved,0.0,linear_matched,3,s2-s6,0,svd+ransac,57,94,1,1,0,nan,nan,nan,0
improved,0.0,linear_matched,3,s3-s4,1,svd,48,51,5,5,1,0.4141602201,0.02139835523,0.03863514908,1
improved,0.0,linear_matched,3,s3-s4,1,svd+ransac,48,51,5,5,1,0.4141602201,0.02139835523,0.03863514908,1
improved,0.0,linear_matched,3,s3-s5,1,svd,48,82,6,6,1,0.1594624387,0.04993779342,0.0502046735,1
improved,0.0,linear_matched,3,s3-s5,1,svd+ransac,48,82,6,6,1,0.1594624387,0.04993779342,0.0502046735,1
improved,0.0,linear_matched,3,s3-s6,0,svd,48,94,4,4,1,4.54891019,0.1430769635,0.2777177653,0
improved,0.0,linear_matched,3,s3-s6,0,svd+ransac,48,94,4,4,1,4.54891019,0.1430769635,0.2777177653,0
improved,0.0,linear_matched,3,s4-s5,1,svd,51,82,9,9,1,0.2341328545,0.05839561182,0.06052052641,1
improved,0.0,linear_matched,3,s4-s5,1,svd+ransac,51,82,9,9,1,0.2341328545,0.05839561182,0.06052052641,1
improved,0.0,linear_matched,3,s4-s6,1,svd,51,94,9,9,1,0.2725831253,0.08705309604,0.08912640163,1
improved,0.0,linear_matched,3,s4-s6,1,svd+ransac,51,94,9,9,1,0.2725831253,0.08705309604,0.08912640163,1
improved,0.0,linear_matched,3,s5-s6,1,svd,82,94,13,13,1,0.1267585076,0.03509462128,0.03644615984,1
improved,0.0,linear_matched,3,s5-s6,1,svd+ransac,82,94,13,13,1,0.1267585076,0.03509462128,0.03644615984,1
improved,0.0,linear_matched,4,s1-s2,1,svd,58,60,7,7,1,0.3746646656,0.05742967366,0.06115997375,1
improved,0.0,linear_matched,4,s1-s2,1,svd+ransac,58,60,7,7,1,0.3746646656,0.05742967366,0.06115997375,1
improved,0.0,linear_matched,4,s1-s3,1,svd,58,47,9,9,1,0.6495912112,0.01617992636,0.03909899289,1
improved,0.0,linear_matched,4,s1-s3,1,svd+ransac,58,47,9,9,1,0.6495912112,0.01617992636,0.03909899289,1
improved,0.0,linear_matched,4,s1-s4,0,svd,58,57,5,5,1,1.091704858,0.2212797826,0.2304299393,1
improved,0.0,linear_matched,4,s1-s4,0,svd+ransac,58,57,5,5,1,1.091704858,0.2212797826,0.2304299393,1
improved,0.0,linear_matched,4,s1-s5,0,svd,58,81,1,1,0,nan,nan,nan,0
improved,0.0,linear_matched,4,s1-s5,0,svd+ransac,58,81,1,1,0,nan,nan,nan,0
improved,0.0,linear_matched,4,s1-s6,0,svd,58,90,4,4,1,0.9756975395,0.1891317496,0.1948180683,1
improved,0.0,linear_matched,4,s1-s6,0,svd+ransac,58,90,4,4,1,0.9756975395,0.1891317496,0.1948180683,1
improved,0.0,linear_matched,4,s2-s3,1,svd,60,47,9,9,1,0.4974481274,0.1018951168,0.1082455029,1
improved,0.0,linear_matched,4,s2-s3,1,svd+ransac,60,47,9,9,1,0.4974481274,0.1018951168,0.1082455029,1
improved,0.0,linear_matched,4,s2-s4,1,svd,60,57,10,10,1,0.5111592777,0.020438371,0.03871644311,1
improved,0.0,linear_matched,4,s2-s4,1,svd+ransac,60,57,10,10,1,0.5111592777,0.020438371,0.03871644311,1
improved,0.0,linear_matched,4,s2-s5,1,svd,60,81,6,6,1,1.231938969,0.1685382263,0.1894743413,1
improved,0.0,linear_matched,4,s2-s5,1,svd+ransac,60,81,6,6,1,1.231938969,0.1685382263,0.1894743413,1
improved,0.0,linear_matched,4,s2-s6,0,svd,60,90,7,7,1,0.8076607647,0.03676288393,0.06331161941,1
improved,0.0,linear_matched,4,s2-s6,0,svd+ransac,60,90,7,7,1,0.8076607647,0.03676288393,0.06331161941,1
improved,0.0,linear_matched,4,s3-s4,1,svd,47,57,10,10,1,0.3342849102,0.03238305498,0.0387160562,1
improved,0.0,linear_matched,4,s3-s4,1,svd+ransac,47,57,10,10,1,0.3342849102,0.03238305498,0.0387160562,1
improved,0.0,linear_matched,4,s3-s5,1,svd,47,81,9,9,1,0.06794256937,0.0387725934,0.03949918347,1
improved,0.0,linear_matched,4,s3-s5,1,svd+ransac,47,81,9,9,1,0.06794256937,0.0387725934,0.03949918347,1
improved,0.0,linear_matched,4,s3-s6,0,svd,47,90,7,7,1,0.3356342946,0.0963404206,0.09725232583,1
improved,0.0,linear_matched,4,s3-s6,0,svd+ransac,47,90,7,7,1,0.3356342946,0.0963404206,0.09725232583,1
improved,0.0,linear_matched,4,s4-s5,1,svd,57,81,7,7,1,0.4972678133,0.1176242378,0.122324952,1
improved,0.0,linear_matched,4,s4-s5,1,svd+ransac,57,81,7,7,1,0.4972678133,0.1176242378,0.122324952,1
improved,0.0,linear_matched,4,s4-s6,1,svd,57,90,15,15,1,0.1299726948,0.04137416303,0.04231447209,1
improved,0.0,linear_matched,4,s4-s6,1,svd+ransac,57,90,15,15,1,0.1299726948,0.04137416303,0.04231447209,1
improved,0.0,linear_matched,4,s5-s6,1,svd,81,90,13,13,1,0.3775869456,0.03006473479,0.03742513985,1
improved,0.0,linear_matched,4,s5-s6,1,svd+ransac,81,90,13,13,1,0.3775869456,0.03006473479,0.03742513985,1
improved,0.0,linear_matched,5,s1-s2,1,svd,55,60,8,8,1,0.3773754635,0.06184809968,0.06536467779,1
improved,0.0,linear_matched,5,s1-s2,1,svd+ransac,55,60,8,8,1,0.3773754635,0.06184809968,0.06536467779,1
improved,0.0,linear_matched,5,s1-s3,1,svd,55,51,9,9,1,0.6427537858,0.02472507319,0.04227311615,1
improved,0.0,linear_matched,5,s1-s3,1,svd+ransac,55,51,9,9,1,0.6427537858,0.02472507319,0.04227311615,1
improved,0.0,linear_matched,5,s1-s4,0,svd,55,55,5,5,1,0.7349118169,0.03627130983,0.05600870671,1
improved,0.0,linear_matched,5,s1-s4,0,svd+ransac,55,55,5,5,1,0.7349118169,0.03627130983,0.05600870671,1
improved,0.0,linear_matched,5,s1-s5,0,svd,55,78,4,4,1,0.8326888714,0.152969144,0.1599524368,1
improved,0.0,linear_matched,5,s1-s5,0,svd+ransac,55,78,4,4,1,0.8326888714,0.152969144,0.1599524368,1
improved,0.0,linear_matched,5,s1-s6,0,svd,55,90,4,4,1,3.674600331,0.1999179358,0.2914143418,0
improved,0.0,linear_matched,5,s1-s6,0,svd+ransac,55,90,4,4,1,3.674600331,0.1999179358,0.2914143418,0
improved,0.0,linear_matched,5,s2-s3,1,svd,60,51,10,10,1,0.4905060525,0.06773052299,0.0758615399,1
improved,0.0,linear_matched,5,s2-s3,1,svd+ransac,60,51,10,10,1,0.4905060525,0.06773052299,0.0758615399,1
improved,0.0,linear_matched,5,s2-s4,1,svd,60,55,8,8,1,0.6781820852,0.0419044766,0.06065507611,1
improved,0.0,linear_matched,5,s2-s4,1,svd+ransac,60,55,8,8,1,0.6781820852,0.0419044766,0.06065507611,1
improved,0.0,linear_matched,5,s2-s5,1,svd,60,78,5,5,1,0.7478418822,0.06210470618,0.07965956261,1
improved,0.0,linear_matched,5,s2-s5,1,svd+ransac,60,78,5,5,1,0.7478418822,0.06210470618,0.07965956261,1
improved,0.0,linear_matched,5,s2-s6,0,svd,60,90,8,8,1,0.3435170341,0.04833431892,0.05377744885,1
improved,0.0,linear_matched,5,s2-s6,0,svd+ransac,60,90,8,8,1,0.526666992,0.09762708282,0.1052555194,1
improved,0.0,linear_matched,5,s3-s4,1,svd,51,55,2,2,0,nan,nan,nan,0
improved,0.0,linear_matched,5,s3-s4,1,svd+ransac,51,55,2,2,0,nan,nan,nan,0
improved,0.0,linear_matched,5,s3-s5,1,svd,51,78,2,2,0,nan,nan,nan,0
improved,0.0,linear_matched,5,s3-s5,1,svd+ransac,51,78,2,2,0,nan,nan,nan,0
improved,0.0,linear_matched,5,s3-s6,0,svd,51,90,4,4,1,0.6431883577,0.1078452409,0.11391422,1
improved,0.0,linear_matched,5,s3-s6,0,svd+ransac,51,90,4,4,1,0.6431883577,0.1078452409,0.11391422,1
improved,0.0,linear_matched,5,s4-s5,1,svd,55,78,10,10,1,0.1741604923,0.06371190987,0.06558833622,1
improved,0.0,linear_matched,5,s4-s5,1,svd+ransac,55,78,10,10,1,0.1741604923,0.06371190987,0.06558833622,1
improved,0.0,linear_matched,5,s4-s6,1,svd,55,90,12,12,1,0.1003129892,0.0549022322,0.05521865315,1
improved,0.0,linear_matched,5,s4-s6,1,svd+ransac,55,90,12,12,1,0.1003129892,0.0549022322,0.05521865315,1
improved,0.0,linear_matched,5,s5-s6,1,svd,78,90,8,8,1,0.3697375409,0.02950833857,0.03937540962,1
improved,0.0,linear_matched,5,s5-s6,1,svd+ransac,78,90,8,8,1,0.3697375409,0.02950833857,0.03937540962,1
improved,0.0,linear_matched,6,s1-s2,1,svd,55,62,7,7,1,0.3140115534,0.0571646993,0.06009127465,1
improved,0.0,linear_matched,6,s1-s2,1,svd+ransac,55,62,7,7,1,0.3140115534,0.0571646993,0.06009127465,1
improved,0.0,linear_matched,6,s1-s3,1,svd,55,49,8,8,1,1.067250791,0.1202576484,0.1331176271,1
improved,0.0,linear_matched,6,s1-s3,1,svd+ransac,55,49,8,8,1,1.067250791,0.1202576484,0.1331176271,1
improved,0.0,linear_matched,6,s1-s4,0,svd,55,55,3,3,1,1.018880996,0.1009278705,0.1156577,1
improved,0.0,linear_matched,6,s1-s4,0,svd+ransac,55,55,3,3,1,1.018880996,0.1009278705,0.1156577,1
improved,0.0,linear_matched,6,s1-s5,0,svd,55,82,6,6,1,0.71461209,0.1060428319,0.1126918582,1
improved,0.0,linear_matched,6,s1-s5,0,svd+ransac,55,82,6,6,1,0.71461209,0.1060428319,0.1126918582,1
improved,0.0,linear_matched,6,s1-s6,0,svd,55,89,0,0,0,nan,nan,nan,0
improved,0.0,linear_matched,6,s1-s6,0,svd+ransac,55,89,0,0,0,nan,nan,nan,0
improved,0.0,linear_matched,6,s2-s3,1,svd,62,49,9,9,1,4.227783334,0.3972778871,0.4668699233,0
improved,0.0,linear_matched,6,s2-s3,1,svd+ransac,62,49,9,9,1,0.2433197939,0.01486025622,0.02168043253,1
improved,0.0,linear_matched,6,s2-s4,1,svd,62,55,7,7,1,0.7390878821,0.04777449489,0.06645624501,1
improved,0.0,linear_matched,6,s2-s4,1,svd+ransac,62,55,7,7,1,0.7390878821,0.04777449489,0.06645624501,1
improved,0.0,linear_matched,6,s2-s5,1,svd,62,82,6,6,1,0.5282932574,0.03990630919,0.05292277905,1
improved,0.0,linear_matched,6,s2-s5,1,svd+ransac,62,82,6,6,1,0.5282932574,0.03990630919,0.05292277905,1
improved,0.0,linear_matched,6,s2-s6,0,svd,62,89,3,3,1,3.715602668,0.4917819069,0.5564181625,0
improved,0.0,linear_matched,6,s2-s6,0,svd+ransac,62,89,3,3,1,3.715602668,0.4917819069,0.5564181625,0
improved,0.0,linear_matched,6,s3-s4,1,svd,49,55,5,5,1,1.045049796,0.1174915532,0.1337986589,1
improved,0.0,linear_matched,6,s3-s4,1,svd+ransac,49,55,5,5,1,1.045049796,0.1174915532,0.1337986589,1
improved,0.0,linear_matched,6,s3-s5,1,svd,49,82,6,6,1,0.08449457741,0.0188458845,0.01964433243,1
improved,0.0,linear_matched,6,s3-s5,1,svd+ransac,49,82,6,6,1,0.08449457741,0.0188458845,0.01964433243,1
improved,0.0,linear_matched,6,s3-s6,0,svd,49,89,1,1,0,nan,nan,nan,0
improved,0.0,linear_matched,6,s3-s6,0,svd+ransac,49,89,1,1,0,nan,nan,nan,0
improved,0.0,linear_matched,6,s4-s5,1,svd,55,82,9,9,1,0.1361416786,0.05089050938,0.05162748066,1
improved,0.0,linear_matched,6,s4-s5,1,svd+ransac,55,82,9,9,1,0.1361416786,0.05089050938,0.05162748066,1
improved,0.0,linear_matched,6,s4-s6,1,svd,55,89,14,14,1,0.08207643079,0.05150700621,0.05166578271,1
improved,0.0,linear_matched,6,s4-s6,1,svd+ransac,55,89,14,14,1,0.08207643079,0.05150700621,0.05166578271,1
improved,0.0,linear_matched,6,s5-s6,1,svd,82,89,8,8,1,0.2636693165,0.01358588401,0.0216415866,1
improved,0.0,linear_matched,6,s5-s6,1,svd+ransac,82,89,8,8,1,0.2636693165,0.01358588401,0.0216415866,1
improved,0.0,linear_matched,7,s1-s2,1,svd,54,58,4,4,1,0.61116537,0.1522745152,0.1598969345,1
improved,0.0,linear_matched,7,s1-s2,1,svd+ransac,54,58,4,4,1,0.61116537,0.1522745152,0.1598969345,1
improved,0.0,linear_matched,7,s1-s3,1,svd,54,46,6,6,1,0.7874175922,0.04174956603,0.05934875906,1
improved,0.0,linear_matched,7,s1-s3,1,svd+ransac,54,46,6,6,1,0.7874175922,0.04174956603,0.05934875906,1
improved,0.0,linear_matched,7,s1-s4,0,svd,54,53,1,1,0,nan,nan,nan,0
improved,0.0,linear_matched,7,s1-s4,0,svd+ransac,54,53,1,1,0,nan,nan,nan,0
improved,0.0,linear_matched,7,s1-s5,0,svd,54,88,2,2,0,nan,nan,nan,0
improved,0.0,linear_matched,7,s1-s5,0,svd+ransac,54,88,2,2,0,nan,nan,nan,0
improved,0.0,linear_matched,7,s1-s6,0,svd,54,89,3,3,1,2.272782815,0.3441976402,0.3915053758,0
improved,0.0,linear_matched,7,s1-s6,0,svd+ransac,54,89,3,3,1,2.272782815,0.3441976402,0.3915053758,0
improved,0.0,linear_matched,7,s2-s3,1,svd,58,46,3,3,1,0.3345079163,0.02799266166,0.03494359367,1
improved,0.0,linear_matched,7,s2-s3,1,svd+ransac,58,46,3,3,1,0.3345079163,0.02799266166,0.03494359367,1
improved,0.0,linear_matched,7,s2-s4,1,svd,58,53,8,8,1,0.7263520835,0.05272617059,0.06963550937,1
improved,0.0,linear_matched,7,s2-s4,1,svd+ransac,58,53,8,8,1,0.7263520835,0.05272617059,0.06963550937,1
improved,0.0,linear_matched,7,s2-s5,1,svd,58,88,9,9,1,0.6738587539,0.06758455674,0.07866150222,1
improved,0.0,linear_matched,7,s2-s5,1,svd+ransac,58,88,9,9,1,0.6738587539,0.06758455674,0.07866150222,1
improved,0.0,linear_matched,7,s2-s6,0,svd,58,89,3,3,1,27.84028208,7.739407598,7.891030848,0
improved,0.0,linear_matched,7,s2-s6,0,svd+ransac,58,89,3,3,1,27.84028208,7.739407598,7.891030848,0
improved,0.0,linear_matched,7,s3-s4,1,svd,46,53,5,5,1,0.6053375422,0.02567521503,0.04166464509,1
improved,0.0,linear_matched,7,s3-s4,1,svd+ransac,46,53,5,5,1,0.6053375422,0.02567521503,0.04166464509,1
improved,0.0,linear_matched,7,s3-s5,1,svd,46,88,1,1,0,nan,nan,nan,0
improved,0.0,linear_matched,7,s3-s5,1,svd+ransac,46,88,1,1,0,nan,nan,nan,0
improved,0.0,linear_matched,7,s3-s6,0,svd,46,89,6,6,1,0.6327420035,0.1063630157,0.1139043999,1
improved,0.0,linear_matched,7,s3-s6,0,svd+ransac,46,89,6,6,1,0.6327420035,0.1063630157,0.1139043999,1
improved,0.0,linear_matched,7,s4-s5,1,svd,53,88,2,2,0,nan,nan,nan,0
improved,0.0,linear_matched,7,s4-s5,1,svd+ransac,53,88,2,2,0,nan,nan,nan,0
improved,0.0,linear_matched,7,s4-s6,1,svd,53,89,8,8,1,0.3171247895,0.1069346799,0.109190857,1
improved,0.0,linear_matched,7,s4-s6,1,svd+ransac,53,89,8,8,1,0.3171247895,0.1069346799,0.109190857,1
improved,0.0,linear_matched,7,s5-s6,1,svd,88,89,11,11,1,0.2964024852,0.03683241061,0.04154357122,1
improved,0.0,linear_matched,7,s5-s6,1,svd+ransac,88,89,11,11,1,0.2964024852,0.03683241061,0.04154357122,1
improved,0.0,linear_matched,8,s1-s2,1,svd,58,62,8,8,1,0.2958935996,0.06563055556,0.06717827969,1
improved,0.0,linear_matched,8,s1-s2,1,svd+ransac,58,62,8,8,1,0.2958935996,0.06563055556,0.06717827969,1
improved,0.0,linear_matched,8,s1-s3,1,svd,58,48,9,9,1,0.5311351579,0.03496960637,0.04593364958,1
improved,0.0,linear_matched,8,s1-s3,1,svd+ransac,58,48,9,9,1,0.5311351579,0.03496960637,0.04593364958,1
improved,0.0,linear_matched,8,s1-s4,0,svd,58,54,5,5,1,1.049457175,0.2118402944,0.2208941804,1
improved,0.0,linear_matched,8,s1-s4,0,svd+ransac,58,54,5,5,1,1.049457175,0.2118402944,0.2208941804,1
improved,0.0,linear_matched,8,s1-s5,0,svd,58,86,5,5,1,0.7855081751,0.1539365538,0.1604392664,1
improved,0.0,linear_matched,8,s1-s5,0,svd+ransac,58,86,5,5,1,0.7855081751,0.1539365538,0.1604392664,1
improved,0.0,linear_matched,8,s1-s6,0,svd,58,85,0,0,0,nan,nan,nan,0
improved,0.0,linear_matched,8,s1-s6,0,svd+ransac,58,85,0,0,0,nan,nan,nan,0
improved,0.0,linear_matched,8,s2-s3,1,svd,62,48,8,8,1,0.6079479571,0.06531886574,0.07834218389,1
improved,0.0,linear_matched,8,s2-s3,1,svd+ransac,62,48,8,8,1,0.4024263422,0.01639343806,0.03734347897,1
improved,0.0,linear_matched,8,s2-s4,1,svd,62,54,6,6,1,0.6997847589,0.07662861474,0.09163518345,1
improved,0.0,linear_matched,8,s2-s4,1,svd+ransac,62,54,6,6,1,0.6997847589,0.07662861474,0.09163518345,1
improved,0.0,linear_matched,8,s2-s5,1,svd,62,86,1,1,0,nan,nan,nan,0
improved,0.0,linear_matched,8,s2-s5,1,svd+ransac,62,86,1,1,0,nan,nan,nan,0
improved,0.0,linear_matched,8,s2-s6,0,svd,62,85,2,2,0,nan,nan,nan,0
improved,0.0,linear_matched,8,s2-s6,0,svd+ransac,62,85,2,2,0,nan,nan,nan,0
improved,0.0,linear_matched,8,s3-s4,1,svd,48,54,6,6,1,0.7524594927,0.1015075679,0.1103619844,1
improved,0.0,linear_matched,8,s3-s4,1,svd+ransac,48,54,6,6,1,0.7524594927,0.1015075679,0.1103619844,1
improved,0.0,linear_matched,8,s3-s5,1,svd,48,86,2,2,0,nan,nan,nan,0
improved,0.0,linear_matched,8,s3-s5,1,svd+ransac,48,86,2,2,0,nan,nan,nan,0
improved,0.0,linear_matched,8,s3-s6,0,svd,48,85,4,4,1,0.4672557488,0.160817326,0.167729288,1
improved,0.0,linear_matched,8,s3-s6,0,svd+ransac,48,85,4,4,1,2.096553168,0.1103492238,0.1842277494,0
improved,0.0,linear_matched,8,s4-s5,1,svd,54,86,6,6,1,0.2850360207,0.07397411841,0.07639876908,1
improved,0.0,linear_matched,8,s4-s5,1,svd+ransac,54,86,6,6,1,0.2850360207,0.07397411841,0.07639876908,1
improved,0.0,linear_matched,8,s4-s6,1,svd,54,85,13,13,1,0.106865699,0.06686621744,0.06710183671,1
improved,0.0,linear_matched,8,s4-s6,1,svd+ransac,54,85,13,13,1,0.106865699,0.06686621744,0.06710183671,1
improved,0.0,linear_matched,8,s5-s6,1,svd,86,85,1,1,0,nan,nan,nan,0
improved,0.0,linear_matched,8,s5-s6,1,svd+ransac,86,85,1,1,0,nan,nan,nan,0
improved,0.0,linear_matched,9,s1-s2,1,svd,55,62,9,9,1,0.2281686561,0.03968819318,0.0418106821,1
improved,0.0,linear_matched,9,s1-s2,1,svd+ransac,55,62,9,9,1,0.2281686561,0.03968819318,0.0418106821,1
improved,0.0,linear_matched,9,s1-s3,1,svd,55,47,10,10,1,0.6512698302,0.01916502912,0.04024959537,1
improved,0.0,linear_matched,9,s1-s3,1,svd+ransac,55,47,10,10,1,0.6512698302,0.01916502912,0.04024959537,1
improved,0.0,linear_matched,9,s1-s4,0,svd,55,56,1,1,0,nan,nan,nan,0
improved,0.0,linear_matched,9,s1-s4,0,svd+ransac,55,56,1,1,0,nan,nan,nan,0
improved,0.0,linear_matched,9,s1-s5,0,svd,55,83,2,2,0,nan,nan,nan,0
improved,0.0,linear_matched,9,s1-s5,0,svd+ransac,55,83,2,2,0,nan,nan,nan,0
improved,0.0,linear_matched,9,s1-s6,0,svd,55,94,4,4,1,1.163631263,0.09163157701,0.1279626657,1
improved,0.0,linear_matched,9,s1-s6,0,svd+ransac,55,94,4,4,1,1.163631263,0.09163157701,0.1279626657,1
improved,0.0,linear_matched,9,s2-s3,1,svd,62,47,11,11,1,0.5553184445,0.044095283,0.05704046186,1
improved,0.0,linear_matched,9,s2-s3,1,svd+ransac,62,47,11,11,1,0.5553184445,0.044095283,0.05704046186,1
improved,0.0,linear_matched,9,s2-s4,1,svd,62,56,6,6,1,0.861280353,0.08718586367,0.1080859559,1
improved,0.0,linear_matched,9,s2-s4,1,svd+ransac,62,56,6,6,1,0.861280353,0.08718586367,0.1080859559,1
improved,0.0,linear_matched,9,s2-s5,1,svd,62,83,3,3,1,0.6871653473,0.07785790236,0.09112340962,1
improved,0.0,linear_matched,9,s2-s5,1,svd+ransac,62,83,3,3,1,0.6871653473,0.07785790236,0.09112340962,1
improved,0.0,linear_matched,9,s2-s6,0,svd,62,94,4,4,1,6.216265186,0.2289851448,0.4033589999,0
improved,0.0,linear_matched,9,s2-s6,0,svd+ransac,62,94,4,4,1,6.660854958,0.2377438841,0.4292013568,0
improved,0.0,linear_matched,9,s3-s4,1,svd,47,56,8,8,1,0.4491963869,0.03001653008,0.04288150563,1
improved,0.0,linear_matched,9,s3-s4,1,svd+ransac,47,56,8,8,1,0.4491963869,0.03001653008,0.04288150563,1
improved,0.0,linear_matched,9,s3-s5,1,svd,47,83,7,7,1,0.2834932506,0.01710368512,0.02487014046,1
improved,0.0,linear_matched,9,s3-s5,1,svd+ransac,47,83,7,7,1,0.2834932506,0.01710368512,0.02487014046,1
improved,0.0,linear_matched,9,s3-s6,0,svd,47,94,4,4,1,0.62451297,0.0116124132,0.04567445852,1
improved,0.0,linear_matched,9,s3-s6,0,svd+ransac,47,94,4,4,1,0.62451297,0.0116124132,0.04567445852,1
improved,0.0,linear_matched,9,s4-s5,1,svd,56,83,6,6,1,0.5027636669,0.08117057615,0.08783721386,1
improved,0.0,linear_matched,9,s4-s5,1,svd+ransac,56,83,6,6,1,0.5027636669,0.08117057615,0.08783721386,1
improved,0.0,linear_matched,9,s4-s6,1,svd,56,94,11,11,1,0.1845597497,0.07023903723,0.07157240666,1
improved,0.0,linear_matched,9,s4-s6,1,svd+ransac,56,94,11,11,1,0.1845597497,0.07023903723,0.07157240666,1
improved,0.0,linear_matched,9,s5-s6,1,svd,83,94,10,10,1,0.4548823029,0.07533655833,0.07791391622,1
improved,0.0,linear_matched,9,s5-s6,1,svd+ransac,83,94,10,10,1,0.4548823029,0.07533655833,0.07791391622,1
improved,0.0,linear_matched,10,s1-s2,1,svd,56,62,5,5,1,0.1786520771,0.02709763793,0.02941266333,1
improved,0.0,linear_matched,10,s1-s2,1,svd+ransac,56,62,5,5,1,0.1786520771,0.02709763793,0.02941266333,1
improved,0.0,linear_matched,10,s1-s3,1,svd,56,45,10,10,1,0.4905071909,0.06333446314,0.07033509427,1
improved,0.0,linear_matched,10,s1-s3,1,svd+ransac,56,45,10,10,1,0.4905071909,0.06333446314,0.07033509427,1
improved,0.0,linear_matched,10,s1-s4,0,svd,56,56,4,4,1,0.3837368396,0.1185445276,0.1199471767,1
improved,0.0,linear_matched,10,s1-s4,0,svd+ransac,56,56,4,4,1,0.3837368396,0.1185445276,0.1199471767,1
improved,0.0,linear_matched,10,s1-s5,0,svd,56,83,6,6,1,0.2969274463,0.05251000196,0.05803392174,1
improved,0.0,linear_matched,10,s1-s5,0,svd+ransac,56,83,6,6,1,0.2969274463,0.05251000196,0.05803392174,1
improved,0.0,linear_matched,10,s1-s6,0,svd,56,85,3,3,1,1.075118965,0.1183529416,0.1336258398,1
improved,0.0,linear_matched,10,s1-s6,0,svd+ransac,56,85,3,3,1,1.075118965,0.1183529416,0.1336258398,1
improved,0.0,linear_matched,10,s2-s3,1,svd,62,45,11,11,1,0.2280091677,0.02852438926,0.03191013545,1
improved,0.0,linear_matched,10,s2-s3,1,svd+ransac,62,45,11,11,1,0.2280091677,0.02852438926,0.03191013545,1
improved,0.0,linear_matched,10,s2-s4,1,svd,62,56,10,10,1,0.6951149945,0.01837119493,0.05134768386,1
improved,0.0,linear_matched,10,s2-s4,1,svd+ransac,62,56,10,10,1,0.6951149945,0.01837119493,0.05134768386,1
improved,0.0,linear_matched,10,s2-s5,1,svd,62,83,7,7,1,1.053363345,0.0689797978,0.09350707062,1
improved,0.0,linear_matched,10,s2-s5,1,svd+ransac,62,83,7,7,1,1.053363345,0.0689797978,0.09350707062,1
improved,0.0,linear_matched,10,s2-s6,0,svd,62,85,5,5,1,3.126921353,0.5575872289,0.6027587564,0
improved,0.0,linear_matched,10,s2-s6,0,svd+ransac,62,85,5,5,1,3.720703586,0.6959256748,0.7484960757,0
improved,0.0,linear_matched,10,s3-s4,1,svd,45,56,3,3,1,0.819726387,0.03032218006,0.0539732415,1
improved,0.0,linear_matched,10,s3-s4,1,svd+ransac,45,56,3,3,1,0.819726387,0.03032218006,0.0539732415,1
improved,0.0,linear_matched,10,s3-s5,1,svd,45,83,3,3,1,0.2708735382,0.09221072647,0.09459710988,1
improved,0.0,linear_matched,10,s3-s5,1,svd+ransac,45,83,3,3,1,0.2708735382,0.09221072647,0.09459710988,1
improved,0.0,linear_matched,10,s3-s6,0,svd,45,85,3,3,1,0.6238430578,0.2617650209,0.2609338748,1
improved,0.0,linear_matched,10,s3-s6,0,svd+ransac,45,85,3,3,1,0.6238430578,0.2617650209,0.2609338748,1
improved,0.0,linear_matched,10,s4-s5,1,svd,56,83,8,8,1,0.2485189331,0.05295003917,0.05683760623,1
improved,0.0,linear_matched,10,s4-s5,1,svd+ransac,56,83,8,8,1,0.2485189331,0.05295003917,0.05683760623,1
improved,0.0,linear_matched,10,s4-s6,1,svd,56,85,11,11,1,0.1763430077,0.06476398328,0.06525145148,1
improved,0.0,linear_matched,10,s4-s6,1,svd+ransac,56,85,11,11,1,0.1763430077,0.06476398328,0.06525145148,1
improved,0.0,linear_matched,10,s5-s6,1,svd,83,85,7,7,1,0.1097485523,0.01766356412,0.02011953916,1
improved,0.0,linear_matched,10,s5-s6,1,svd+ransac,83,85,7,7,1,0.1097485523,0.01766356412,0.02011953916,1
improved,0.0,physical_matched,1,s1-s2,1,svd,57,56,6,6,1,0.5064188606,0.05300396253,0.06101082851,1
improved,0.0,physical_matched,1,s1-s2,1,svd+ransac,57,56,6,6,1,0.5064188606,0.05300396253,0.06101082851,1
improved,0.0,physical_matched,1,s1-s3,1,svd,57,49,10,10,1,0.479978032,0.04559049581,0.05403379047,1
improved,0.0,physical_matched,1,s1-s3,1,svd+ransac,57,49,10,10,1,0.479978032,0.04559049581,0.05403379047,1
improved,0.0,physical_matched,1,s1-s4,0,svd,57,52,1,1,0,nan,nan,nan,0
improved,0.0,physical_matched,1,s1-s4,0,svd+ransac,57,52,1,1,0,nan,nan,nan,0
improved,0.0,physical_matched,1,s1-s5,0,svd,57,83,1,1,0,nan,nan,nan,0
improved,0.0,physical_matched,1,s1-s5,0,svd+ransac,57,83,1,1,0,nan,nan,nan,0
improved,0.0,physical_matched,1,s1-s6,0,svd,57,86,7,7,1,1.219304633,0.06779714469,0.1219139995,1
improved,0.0,physical_matched,1,s1-s6,0,svd+ransac,57,86,7,7,1,1.219304633,0.06779714469,0.1219139995,1
improved,0.0,physical_matched,1,s2-s3,1,svd,56,49,10,10,1,0.6754447453,0.03900313911,0.05332760796,1
improved,0.0,physical_matched,1,s2-s3,1,svd+ransac,56,49,10,10,1,0.6754447453,0.03900313911,0.05332760796,1
improved,0.0,physical_matched,1,s2-s4,1,svd,56,52,9,9,1,0.6939014287,0.05259706796,0.06836768416,1
improved,0.0,physical_matched,1,s2-s4,1,svd+ransac,56,52,9,9,1,0.6939014287,0.05259706796,0.06836768416,1
improved,0.0,physical_matched,1,s2-s5,1,svd,56,83,5,5,1,0.6486315522,0.02318530059,0.04716467287,1
improved,0.0,physical_matched,1,s2-s5,1,svd+ransac,56,83,5,5,1,0.6486315522,0.02318530059,0.04716467287,1
improved,0.0,physical_matched,1,s2-s6,0,svd,56,86,5,5,1,0.7655746265,0.0744645021,0.09432716824,1
improved,0.0,physical_matched,1,s2-s6,0,svd+ransac,56,86,5,5,1,0.7655746265,0.0744645021,0.09432716824,1
improved,0.0,physical_matched,1,s3-s4,1,svd,49,52,7,7,1,0.4974184646,0.02801902878,0.04591885456,1
improved,0.0,physical_matched,1,s3-s4,1,svd+ransac,49,52,7,7,1,0.4974184646,0.02801902878,0.04591885456,1
improved,0.0,physical_matched,1,s3-s5,1,svd,49,83,4,4,1,0.9595079589,0.1478870956,0.158543461,1
improved,0.0,physical_matched,1,s3-s5,1,svd+ransac,49,83,4,4,1,0.9595079589,0.1478870956,0.158543461,1
improved,0.0,physical_matched,1,s3-s6,0,svd,49,86,4,4,1,1.280244236,0.09090866057,0.1199095539,1
improved,0.0,physical_matched,1,s3-s6,0,svd+ransac,49,86,4,4,1,2.69792383,0.2579876703,0.3025166073,0
improved,0.0,physical_matched,1,s4-s5,1,svd,52,83,8,8,1,0.1945609695,0.07232680176,0.07392858506,1
improved,0.0,physical_matched,1,s4-s5,1,svd+ransac,52,83,8,8,1,0.1945609695,0.07232680176,0.07392858506,1
improved,0.0,physical_matched,1,s4-s6,1,svd,52,86,11,11,1,0.1461272505,0.05412577298,0.054698702,1
improved,0.0,physical_matched,1,s4-s6,1,svd+ransac,52,86,11,11,1,0.1461272505,0.05412577298,0.054698702,1
improved,0.0,physical_matched,1,s5-s6,1,svd,83,86,9,9,1,0.2059218937,0.01390195768,0.02066730357,1
improved,0.0,physical_matched,1,s5-s6,1,svd+ransac,83,86,9,9,1,0.2059218937,0.01390195768,0.02066730357,1
improved,0.0,physical_matched,2,s1-s2,1,svd,57,60,3,3,1,0.5152652534,0.04965331127,0.05827742195,1
improved,0.0,physical_matched,2,s1-s2,1,svd+ransac,57,60,3,3,1,0.5152652534,0.04965331127,0.05827742195,1
improved,0.0,physical_matched,2,s1-s3,1,svd,57,49,9,9,1,0.5802689586,0.02137089691,0.03877319372,1
improved,0.0,physical_matched,2,s1-s3,1,svd+ransac,57,49,9,9,1,0.5802689586,0.02137089691,0.03877319372,1
improved,0.0,physical_matched,2,s1-s4,0,svd,57,57,5,5,1,0.9717176856,0.1690820442,0.1784496137,1
improved,0.0,physical_matched,2,s1-s4,0,svd+ransac,57,57,5,5,1,0.9717176856,0.1690820442,0.1784496137,1
improved,0.0,physical_matched,2,s1-s5,0,svd,57,81,1,1,0,nan,nan,nan,0
improved,0.0,physical_matched,2,s1-s5,0,svd+ransac,57,81,1,1,0,nan,nan,nan,0
improved,0.0,physical_matched,2,s1-s6,0,svd,57,88,7,7,1,1.339322817,0.1082650895,0.1400319827,1
improved,0.0,physical_matched,2,s1-s6,0,svd+ransac,57,88,7,7,1,1.339322817,0.1082650895,0.1400319827,1
improved,0.0,physical_matched,2,s2-s3,1,svd,60,49,10,10,1,0.1885185339,0.02355128588,0.02791866523,1
improved,0.0,physical_matched,2,s2-s3,1,svd+ransac,60,49,10,10,1,0.1885185339,0.02355128588,0.02791866523,1
improved,0.0,physical_matched,2,s2-s4,1,svd,60,57,9,9,1,0.5005496196,0.02754360616,0.04166958145,1
improved,0.0,physical_matched,2,s2-s4,1,svd+ransac,60,57,9,9,1,0.5005496196,0.02754360616,0.04166958145,1
improved,0.0,physical_matched,2,s2-s5,1,svd,60,81,6,6,1,0.6619156516,0.03651849256,0.05492356967,1
improved,0.0,physical_matched,2,s2-s5,1,svd+ransac,60,81,6,6,1,0.6619156516,0.03651849256,0.05492356967,1
improved,0.0,physical_matched,2,s2-s6,0,svd,60,88,7,7,1,1.180452038,0.0842897541,0.1169524023,1
improved,0.0,physical_matched,2,s2-s6,0,svd+ransac,60,88,7,7,1,1.180452038,0.0842897541,0.1169524023,1
improved,0.0,physical_matched,2,s3-s4,1,svd,49,57,6,6,1,0.416525811,0.02779422873,0.0380109807,1
improved,0.0,physical_matched,2,s3-s4,1,svd+ransac,49,57,6,6,1,0.416525811,0.02779422873,0.0380109807,1
improved,0.0,physical_matched,2,s3-s5,1,svd,49,81,4,4,1,0.5040103265,0.085453398,0.0903603211,1
improved,0.0,physical_matched,2,s3-s5,1,svd+ransac,49,81,4,4,1,0.5040103265,0.085453398,0.0903603211,1
improved,0.0,physical_matched,2,s3-s6,0,svd,49,88,5,5,1,2.563221749,0.1165898041,0.1767404718,0
improved,0.0,physical_matched,2,s3-s6,0,svd+ransac,49,88,5,5,1,2.563221749,0.1165898041,0.1767404718,0
improved,0.0,physical_matched,2,s4-s5,1,svd,57,81,9,9,1,0.312297072,0.06787597699,0.07102350961,1
improved,0.0,physical_matched,2,s4-s5,1,svd+ransac,57,81,9,9,1,0.312297072,0.06787597699,0.07102350961,1
improved,0.0,physical_matched,2,s4-s6,1,svd,57,88,16,16,1,0.08189646596,0.06152212278,0.06173384054,1
improved,0.0,physical_matched,2,s4-s6,1,svd+ransac,57,88,16,16,1,0.08189646596,0.06152212278,0.06173384054,1
improved,0.0,physical_matched,2,s5-s6,1,svd,81,88,12,12,1,0.4622713759,0.04859475841,0.05632256639,1
improved,0.0,physical_matched,2,s5-s6,1,svd+ransac,81,88,12,12,1,0.4622713759,0.04859475841,0.05632256639,1
improved,0.0,physical_matched,3,s1-s2,1,svd,57,55,7,7,1,0.4636467268,0.06133639754,0.06811685489,1
improved,0.0,physical_matched,3,s1-s2,1,svd+ransac,57,55,7,7,1,0.4636467268,0.06133639754,0.06811685489,1
improved,0.0,physical_matched,3,s1-s3,1,svd,57,47,7,7,1,0.5984552749,0.02298161994,0.04155546005,1
improved,0.0,physical_matched,3,s1-s3,1,svd+ransac,57,47,7,7,1,0.2880376729,0.006040808988,0.01915242773,1
improved,0.0,physical_matched,3,s1-s4,0,svd,57,52,5,5,1,0.7865791203,0.1267943449,0.1363576062,1
improved,0.0,physical_matched,3,s1-s4,0,svd+ransac,57,52,5,5,1,0.7865791203,0.1267943449,0.1363576062,1
improved,0.0,physical_matched,3,s1-s5,0,svd,57,83,2,2,0,nan,nan,nan,0
improved,0.0,physical_matched,3,s1-s5,0,svd+ransac,57,83,2,2,0,nan,nan,nan,0
improved,0.0,physical_matched,3,s1-s6,0,svd,57,95,3,3,1,0.9920660047,0.08407582565,0.1008564842,1
improved,0.0,physical_matched,3,s1-s6,0,svd+ransac,57,95,3,3,1,0.9920660047,0.08407582565,0.1008564842,1
improved,0.0,physical_matched,3,s2-s3,1,svd,55,47,10,10,1,0.7166598278,0.03218039923,0.05077637387,1
improved,0.0,physical_matched,3,s2-s3,1,svd+ransac,55,47,10,10,1,0.7166598278,0.03218039923,0.05077637387,1
improved,0.0,physical_matched,3,s2-s4,1,svd,55,52,8,8,1,0.7195149459,0.06406425233,0.08091212433,1
improved,0.0,physical_matched,3,s2-s4,1,svd+ransac,55,52,8,8,1,0.7195149459,0.06406425233,0.08091212433,1
improved,0.0,physical_matched,3,s2-s5,1,svd,55,83,4,4,1,0.8958169013,0.09192577547,0.1099094452,1
improved,0.0,physical_matched,3,s2-s5,1,svd+ransac,55,83,4,4,1,0.8958169013,0.09192577547,0.1099094452,1
improved,0.0,physical_matched,3,s2-s6,0,svd,55,95,7,7,1,0.8805706146,0.06104767723,0.08191354418,1
improved,0.0,physical_matched,3,s2-s6,0,svd+ransac,55,95,7,7,1,0.8805706146,0.06104767723,0.08191354418,1
improved,0.0,physical_matched,3,s3-s4,1,svd,47,52,3,3,1,3.370014451,0.2440064148,0.3176337389,0
improved,0.0,physical_matched,3,s3-s4,1,svd+ransac,47,52,3,3,1,3.370014451,0.2440064148,0.3176337389,0
improved,0.0,physical_matched,3,s3-s5,1,svd,47,83,7,7,1,0.8113782721,0.1714562378,0.1759599697,1
improved,0.0,physical_matched,3,s3-s5,1,svd+ransac,47,83,7,7,1,0.8113782721,0.1714562378,0.1759599697,1
improved,0.0,physical_matched,3,s3-s6,0,svd,47,95,4,4,1,4.556521911,0.1299887168,0.2747886358,0
improved,0.0,physical_matched,3,s3-s6,0,svd+ransac,47,95,4,4,1,4.556521911,0.1299887168,0.2747886358,0
improved,0.0,physical_matched,3,s4-s5,1,svd,52,83,6,6,1,0.4728286989,0.08837970266,0.09399927539,1
improved,0.0,physical_matched,3,s4-s5,1,svd+ransac,52,83,6,6,1,0.4728286989,0.08837970266,0.09399927539,1
improved,0.0,physical_matched,3,s4-s6,1,svd,52,95,9,9,1,0.3897712749,0.06688076113,0.07170618688,1
improved,0.0,physical_matched,3,s4-s6,1,svd+ransac,52,95,9,9,1,0.3897712749,0.06688076113,0.07170618688,1
improved,0.0,physical_matched,3,s5-s6,1,svd,83,95,12,12,1,0.1279279665,0.03987346866,0.04139568485,1
improved,0.0,physical_matched,3,s5-s6,1,svd+ransac,83,95,12,12,1,0.1279279665,0.03987346866,0.04139568485,1
improved,0.0,physical_matched,4,s1-s2,1,svd,57,60,8,8,1,0.2760304823,0.06401203521,0.06583708845,1
improved,0.0,physical_matched,4,s1-s2,1,svd+ransac,57,60,8,8,1,0.2760304823,0.06401203521,0.06583708845,1
improved,0.0,physical_matched,4,s1-s3,1,svd,57,48,11,11,1,0.3058024647,0.1210780605,0.1240240647,1
improved,0.0,physical_matched,4,s1-s3,1,svd+ransac,57,48,11,11,1,0.3058024647,0.1210780605,0.1240240647,1
improved,0.0,physical_matched,4,s1-s4,0,svd,57,55,1,1,0,nan,nan,nan,0
improved,0.0,physical_matched,4,s1-s4,0,svd+ransac,57,55,1,1,0,nan,nan,nan,0
improved,0.0,physical_matched,4,s1-s5,0,svd,57,80,2,2,0,nan,nan,nan,0
improved,0.0,physical_matched,4,s1-s5,0,svd+ransac,57,80,2,2,0,nan,nan,nan,0
improved,0.0,physical_matched,4,s1-s6,0,svd,57,90,4,4,1,4.008098967,0.2088997536,0.31885964,0
improved,0.0,physical_matched,4,s1-s6,0,svd+ransac,57,90,4,4,1,1.923929876,0.1400938966,0.1866678028,1
improved,0.0,physical_matched,4,s2-s3,1,svd,60,48,12,12,1,0.5588508455,0.06473602373,0.07444436261,1
improved,0.0,physical_matched,4,s2-s3,1,svd+ransac,60,48,12,12,1,0.5588508455,0.06473602373,0.07444436261,1
improved,0.0,physical_matched,4,s2-s4,1,svd,60,55,9,9,1,0.3416870116,0.02079722341,0.03416631801,1
improved,0.0,physical_matched,4,s2-s4,1,svd+ransac,60,55,9,9,1,0.3416870116,0.02079722341,0.03416631801,1
improved,0.0,physical_matched,4,s2-s5,1,svd,60,80,8,8,1,0.6662710158,0.05651398131,0.07124314245,1
improved,0.0,physical_matched,4,s2-s5,1,svd+ransac,60,80,8,8,1,0.6662710158,0.05651398131,0.07124314245,1
improved,0.0,physical_matched,4,s2-s6,0,svd,60,90,2,2,0,nan,nan,nan,0
improved,0.0,physical_matched,4,s2-s6,0,svd+ransac,60,90,2,2,0,nan,nan,nan,0
improved,0.0,physical_matched,4,s3-s4,1,svd,48,55,8,8,1,0.3017960968,0.02142087645,0.02781624023,1
improved,0.0,physical_matched,4,s3-s4,1,svd+ransac,48,55,8,8,1,0.3017960968,0.02142087645,0.02781624023,1
improved,0.0,physical_matched,4,s3-s5,1,svd,48,80,8,8,1,0.1708829698,0.01621432879,0.02171930856,1
improved,0.0,physical_matched,4,s3-s5,1,svd+ransac,48,80,8,8,1,0.1708829698,0.01621432879,0.02171930856,1
improved,0.0,physical_matched,4,s3-s6,0,svd,48,90,9,9,1,0.3231481039,0.1098598933,0.1103566902,1
improved,0.0,physical_matched,4,s3-s6,0,svd+ransac,48,90,9,9,1,0.3231481039,0.1098598933,0.1103566902,1
improved,0.0,physical_matched,4,s4-s5,1,svd,55,80,11,11,1,0.2404642456,0.0666401894,0.06915429804,1
improved,0.0,physical_matched,4,s4-s5,1,svd+ransac,55,80,11,11,1,0.2404642456,0.0666401894,0.06915429804,1
improved,0.0,physical_matched,4,s4-s6,1,svd,55,90,13,13,1,0.1130303003,0.04142208916,0.04174762932,1
improved,0.0,physical_matched,4,s4-s6,1,svd+ransac,55,90,13,13,1,0.1130303003,0.04142208916,0.04174762932,1
improved,0.0,physical_matched,4,s5-s6,1,svd,80,90,9,9,1,0.3767654803,0.02539315019,0.03462902727,1
improved,0.0,physical_matched,4,s5-s6,1,svd+ransac,80,90,9,9,1,0.3767654803,0.02539315019,0.03462902727,1
improved,0.0,physical_matched,5,s1-s2,1,svd,54,58,8,8,1,0.2374207367,0.06615112746,0.06740752535,1
improved,0.0,physical_matched,5,s1-s2,1,svd+ransac,54,58,8,8,1,0.2374207367,0.06615112746,0.06740752535,1
improved,0.0,physical_matched,5,s1-s3,1,svd,54,51,9,9,1,0.641148885,0.02206279801,0.04082851454,1
improved,0.0,physical_matched,5,s1-s3,1,svd+ransac,54,51,9,9,1,0.641148885,0.02206279801,0.04082851454,1
improved,0.0,physical_matched,5,s1-s4,0,svd,54,53,1,1,0,nan,nan,nan,0
improved,0.0,physical_matched,5,s1-s4,0,svd+ransac,54,53,1,1,0,nan,nan,nan,0
improved,0.0,physical_matched,5,s1-s5,0,svd,54,80,3,3,1,0.3926454906,0.07115418656,0.0777857946,1
improved,0.0,physical_matched,5,s1-s5,0,svd+ransac,54,80,3,3,1,0.3926454906,0.07115418656,0.0777857946,1
improved,0.0,physical_matched,5,s1-s6,0,svd,54,89,5,5,1,0.9481197247,0.09387241369,0.1092780439,1
improved,0.0,physical_matched,5,s1-s6,0,svd+ransac,54,89,5,5,1,0.820848136,0.02778034415,0.05838994539,1
improved,0.0,physical_matched,5,s2-s3,1,svd,58,51,10,10,1,0.4711363172,0.04070905429,0.05069502999,1
improved,0.0,physical_matched,5,s2-s3,1,svd+ransac,58,51,10,10,1,0.4711363172,0.04070905429,0.05069502999,1
improved,0.0,physical_matched,5,s2-s4,1,svd,58,53,10,10,1,0.6810028525,0.03372235292,0.05622693091,1
improved,0.0,physical_matched,5,s2-s4,1,svd+ransac,58,53,10,10,1,0.6810028525,0.03372235292,0.05622693091,1
improved,0.0,physical_matched,5,s2-s5,1,svd,58,80,6,6,1,0.4585846616,0.05566044467,0.0645973958,1
improved,0.0,physical_matched,5,s2-s5,1,svd+ransac,58,80,6,6,1,0.4585846616,0.05566044467,0.0645973958,1
improved,0.0,physical_matched,5,s2-s6,0,svd,58,89,6,6,1,0.5026695606,0.022648239,0.03807751985,1
improved,0.0,physical_matched,5,s2-s6,0,svd+ransac,58,89,6,6,1,0.4575879901,0.05233012939,0.0605222707,1
improved,0.0,physical_matched,5,s3-s4,1,svd,51,53,6,6,1,0.7319119422,0.03979412086,0.05739327307,1
improved,0.0,physical_matched,5,s3-s4,1,svd+ransac,51,53,6,6,1,0.7319119422,0.03979412086,0.05739327307,1
improved,0.0,physical_matched,5,s3-s5,1,svd,51,80,7,7,1,0.09073502895,0.04636241758,0.04610679048,1
improved,0.0,physical_matched,5,s3-s5,1,svd+ransac,51,80,7,7,1,0.09073502895,0.04636241758,0.04610679048,1
improved,0.0,physical_matched,5,s3-s6,0,svd,51,89,5,5,1,0.5323353471,0.1331180577,0.1364620812,1
improved,0.0,physical_matched,5,s3-s6,0,svd+ransac,51,89,5,5,1,0.5323353471,0.1331180577,0.1364620812,1
improved,0.0,physical_matched,5,s4-s5,1,svd,53,80,7,7,1,0.2350066719,0.0848334735,0.08735053042,1
improved,0.0,physical_matched,5,s4-s5,1,svd+ransac,53,80,7,7,1,0.2350066719,0.0848334735,0.08735053042,1
improved,0.0,physical_matched,5,s4-s6,1,svd,53,89,12,12,1,0.147268848,0.03785211295,0.03927164722,1
improved,0.0,physical_matched,5,s4-s6,1,svd+ransac,53,89,12,12,1,0.147268848,0.03785211295,0.03927164722,1
improved,0.0,physical_matched,5,s5-s6,1,svd,80,89,5,5,1,0.5725964091,0.06767131726,0.07771268194,1
improved,0.0,physical_matched,5,s5-s6,1,svd+ransac,80,89,5,5,1,0.5725964091,0.06767131726,0.07771268194,1
improved,0.0,physical_matched,6,s1-s2,1,svd,54,62,7,7,1,0.3458004307,0.05819077771,0.06143959756,1
improved,0.0,physical_matched,6,s1-s2,1,svd+ransac,54,62,7,7,1,0.3458004307,0.05819077771,0.06143959756,1
improved,0.0,physical_matched,6,s1-s3,1,svd,54,51,7,7,1,1.017266478,0.09267788995,0.1078650843,1
improved,0.0,physical_matched,6,s1-s3,1,svd+ransac,54,51,7,7,1,1.017266478,0.09267788995,0.1078650843,1
improved,0.0,physical_matched,6,s1-s4,0,svd,54,52,5,5,1,0.9681014186,0.1644606345,0.1750802274,1
improved,0.0,physical_matched,6,s1-s4,0,svd+ransac,54,52,5,5,1,0.9681014186,0.1644606345,0.1750802274,1
improved,0.0,physical_matched,6,s1-s5,0,svd,54,81,6,6,1,0.9374068188,0.1146166676,0.1263108945,1
improved,0.0,physical_matched,6,s1-s5,0,svd+ransac,54,81,6,6,1,0.9374068188,0.1146166676,0.1263108945,1
improved,0.0,physical_matched,6,s1-s6,0,svd,54,87,0,0,0,nan,nan,nan,0
improved,0.0,physical_matched,6,s1-s6,0,svd+ransac,54,87,0,0,0,nan,nan,nan,0
improved,0.0,physical_matched,6,s2-s3,1,svd,62,51,8,8,1,4.232633506,0.3603846904,0.4362681141,0
improved,0.0,physical_matched,6,s2-s3,1,svd+ransac,62,51,8,8,1,0.3182237114,0.02468593316,0.03157991975,1
improved,0.0,physical_matched,6,s2-s4,1,svd,62,52,8,8,1,0.5890591319,0.04183039895,0.0560972626,1
improved,0.0,physical_matched,6,s2-s4,1,svd+ransac,62,52,8,8,1,0.5890591319,0.04183039895,0.0560972626,1
improved,0.0,physical_matched,6,s2-s5,1,svd,62,81,4,4,1,0.5913941107,0.06649182815,0.07772125214,1
improved,0.0,physical_matched,6,s2-s5,1,svd+ransac,62,81,4,4,1,0.5913941107,0.06649182815,0.07772125214,1
improved,0.0,physical_matched,6,s2-s6,0,svd,62,87,7,7,1,1.573186106,0.1504937607,0.1835110882,1
improved,0.0,physical_matched,6,s2-s6,0,svd+ransac,62,87,7,7,1,1.153398514,0.08215243869,0.1160089059,1
improved,0.0,physical_matched,6,s3-s4,1,svd,51,52,4,4,1,1.134532117,0.13874125,0.1530904158,1
improved,0.0,physical_matched,6,s3-s4,1,svd+ransac,51,52,4,4,1,1.134532117,0.13874125,0.1530904158,1
improved,0.0,physical_matched,6,s3-s5,1,svd,51,81,2,2,0,nan,nan,nan,0
improved,0.0,physical_matched,6,s3-s5,1,svd+ransac,51,81,2,2,0,nan,nan,nan,0
improved,0.0,physical_matched,6,s3-s6,0,svd,51,87,0,0,0,nan,nan,nan,0
improved,0.0,physical_matched,6,s3-s6,0,svd+ransac,51,87,0,0,0,nan,nan,nan,0
improved,0.0,physical_matched,6,s4-s5,1,svd,52,81,10,10,1,0.09967885511,0.04698576925,0.04748278585,1
improved,0.0,physical_matched,6,s4-s5,1,svd+ransac,52,81,10,10,1,0.09967885511,0.04698576925,0.04748278585,1
improved,0.0,physical_matched,6,s4-s6,1,svd,52,87,15,15,1,0.07568003053,0.0567198992,0.05690159814,1
improved,0.0,physical_matched,6,s4-s6,1,svd+ransac,52,87,15,15,1,0.07568003053,0.0567198992,0.05690159814,1
improved,0.0,physical_matched,6,s5-s6,1,svd,81,87,10,10,1,0.2696761676,0.03389999151,0.03925790383,1
improved,0.0,physical_matched,6,s5-s6,1,svd+ransac,81,87,10,10,1,0.2696761676,0.03389999151,0.03925790383,1
improved,0.0,physical_matched,7,s1-s2,1,svd,54,58,6,6,1,0.3539283335,0.07280981178,0.07651801074,1
improved,0.0,physical_matched,7,s1-s2,1,svd+ransac,54,58,6,6,1,0.3539283335,0.07280981178,0.07651801074,1
improved,0.0,physical_matched,7,s1-s3,1,svd,54,45,7,7,1,0.7701427002,0.04020180525,0.05770317454,1
improved,0.0,physical_matched,7,s1-s3,1,svd+ransac,54,45,7,7,1,0.7701427002,0.04020180525,0.05770317454,1
improved,0.0,physical_matched,7,s1-s4,0,svd,54,51,5,5,1,0.7475153348,0.06588391873,0.08039938445,1
improved,0.0,physical_matched,7,s1-s4,0,svd+ransac,54,51,5,5,1,0.7475153348,0.06588391873,0.08039938445,1
improved,0.0,physical_matched,7,s1-s5,0,svd,54,88,1,1,0,nan,nan,nan,0
improved,0.0,physical_matched,7,s1-s5,0,svd+ransac,54,88,1,1,0,nan,nan,nan,0
improved,0.0,physical_matched,7,s1-s6,0,svd,54,89,0,0,0,nan,nan,nan,0
improved,0.0,physical_matched,7,s1-s6,0,svd+ransac,54,89,0,0,0,nan,nan,nan,0
improved,0.0,physical_matched,7,s2-s3,1,svd,58,45,4,4,1,0.1206470484,0.01799667701,0.01977087468,1
improved,0.0,physical_matched,7,s2-s3,1,svd+ransac,58,45,4,4,1,0.1206470484,0.01799667701,0.01977087468,1
improved,0.0,physical_matched,7,s2-s4,1,svd,58,51,4,4,1,0.9612210011,0.1262173415,0.1428964634,1
improved,0.0,physical_matched,7,s2-s4,1,svd+ransac,58,51,4,4,1,0.9612210011,0.1262173415,0.1428964634,1
improved,0.0,physical_matched,7,s2-s5,1,svd,58,88,1,1,0,nan,nan,nan,0
improved,0.0,physical_matched,7,s2-s5,1,svd+ransac,58,88,1,1,0,nan,nan,nan,0
improved,0.0,physical_matched,7,s2-s6,0,svd,58,89,8,8,1,1.03116216,0.1258397191,0.1423943418,1
improved,0.0,physical_matched,7,s2-s6,0,svd+ransac,58,89,8,8,1,3.114807452,0.5710203148,0.6168912284,0
improved,0.0,physical_matched,7,s3-s4,1,svd,45,51,5,5,1,0.4073173901,0.02640403506,0.03458263167,1
improved,0.0,physical_matched,7,s3-s4,1,svd+ransac,45,51,5,5,1,0.4073173901,0.02640403506,0.03458263167,1
improved,0.0,physical_matched,7,s3-s5,1,svd,45,88,9,9,1,0.2358463932,0.06078883113,0.06174948708,1
improved,0.0,physical_matched,7,s3-s5,1,svd+ransac,45,88,9,9,1,0.2358463932,0.06078883113,0.06174948708,1
improved,0.0,physical_matched,7,s3-s6,0,svd,45,89,3,3,1,0.272170718,0.06248048316,0.06674852572,1
improved,0.0,physical_matched,7,s3-s6,0,svd+ransac,45,89,3,3,1,0.272170718,0.06248048316,0.06674852572,1
improved,0.0,physical_matched,7,s4-s5,1,svd,51,88,3,3,1,1.321589407,0.1880776613,0.2097062885,1
improved,0.0,physical_matched,7,s4-s5,1,svd+ransac,51,88,3,3,1,1.321589407,0.1880776613,0.2097062885,1
improved,0.0,physical_matched,7,s4-s6,1,svd,51,89,10,10,1,0.292931258,0.1107400792,0.1126897481,1
improved,0.0,physical_matched,7,s4-s6,1,svd+ransac,51,89,10,10,1,0.292931258,0.1107400792,0.1126897481,1
improved,0.0,physical_matched,7,s5-s6,1,svd,88,89,9,9,1,0.5090475136,0.01746810234,0.03485295471,1
improved,0.0,physical_matched,7,s5-s6,1,svd+ransac,88,89,9,9,1,0.5090475136,0.01746810234,0.03485295471,1
improved,0.0,physical_matched,8,s1-s2,1,svd,58,62,8,8,1,0.269833855,0.0692200081,0.070283276,1
improved,0.0,physical_matched,8,s1-s2,1,svd+ransac,58,62,8,8,1,0.269833855,0.0692200081,0.070283276,1
improved,0.0,physical_matched,8,s1-s3,1,svd,58,46,9,9,1,0.5333673099,0.03250921102,0.04320928783,1
improved,0.0,physical_matched,8,s1-s3,1,svd+ransac,58,46,9,9,1,0.5333673099,0.03250921102,0.04320928783,1
improved,0.0,physical_matched,8,s1-s4,0,svd,58,57,3,3,1,0.9649883889,0.1050332041,0.1206273577,1
improved,0.0,physical_matched,8,s1-s4,0,svd+ransac,58,57,3,3,1,0.9649883889,0.1050332041,0.1206273577,1
improved,0.0,physical_matched,8,s1-s5,0,svd,58,86,7,7,1,0.6663285519,0.1095737728,0.1161618683,1
improved,0.0,physical_matched,8,s1-s5,0,svd+ransac,58,86,7,7,1,0.6663285519,0.1095737728,0.1161618683,1
improved,0.0,physical_matched,8,s1-s6,0,svd,58,87,7,7,1,1.154145341,0.1048222147,0.1270386781,1
improved,0.0,physical_matched,8,s1-s6,0,svd+ransac,58,87,7,7,1,1.154145341,0.1048222147,0.1270386781,1
improved,0.0,physical_matched,8,s2-s3,1,svd,62,46,9,9,1,0.5855176702,0.04647161356,0.05713657329,1
improved,0.0,physical_matched,8,s2-s3,1,svd+ransac,62,46,9,9,1,0.5855176702,0.04647161356,0.05713657329,1
improved,0.0,physical_matched,8,s2-s4,1,svd,62,57,8,8,1,1.010474536,0.1075768307,0.1255216692,1
improved,0.0,physical_matched,8,s2-s4,1,svd+ransac,62,57,8,8,1,1.010474536,0.1075768307,0.1255216692,1
improved,0.0,physical_matched,8,s2-s5,1,svd,62,86,16,16,1,0.2042194356,0.05771417302,0.06023923187,1
improved,0.0,physical_matched,8,s2-s5,1,svd+ransac,62,86,16,16,1,0.06586703068,0.01097038406,0.01219224348,1
improved,0.0,physical_matched,8,s2-s6,0,svd,62,87,1,1,0,nan,nan,nan,0
improved,0.0,physical_matched,8,s2-s6,0,svd+ransac,62,87,1,1,0,nan,nan,nan,0
improved,0.0,physical_matched,8,s3-s4,1,svd,46,57,6,6,1,0.5149836564,0.01655420494,0.03430959557,1
improved,0.0,physical_matched,8,s3-s4,1,svd+ransac,46,57,6,6,1,0.5149836564,0.01655420494,0.03430959557,1
improved,0.0,physical_matched,8,s3-s5,1,svd,46,86,1,1,0,nan,nan,nan,0
improved,0.0,physical_matched,8,s3-s5,1,svd+ransac,46,86,1,1,0,nan,nan,nan,0
improved,0.0,physical_matched,8,s3-s6,0,svd,46,87,8,8,1,0.3449471119,0.1244773646,0.1249518927,1
improved,0.0,physical_matched,8,s3-s6,0,svd+ransac,46,87,8,8,1,0.5692436895,0.1445432353,0.1501806887,1
improved,0.0,physical_matched,8,s4-s5,1,svd,57,86,6,6,1,0.2718466057,0.08318289685,0.08523811061,1
improved,0.0,physical_matched,8,s4-s5,1,svd+ransac,57,86,6,6,1,0.2718466057,0.08318289685,0.08523811061,1
improved,0.0,physical_matched,8,s4-s6,1,svd,57,87,15,15,1,0.06825269658,0.06205584791,0.06228296235,1
improved,0.0,physical_matched,8,s4-s6,1,svd+ransac,57,87,15,15,1,0.06825269658,0.06205584791,0.06228296235,1
improved,0.0,physical_matched,8,s5-s6,1,svd,86,87,10,10,1,0.1010694904,0.01389596437,0.01675735812,1
improved,0.0,physical_matched,8,s5-s6,1,svd+ransac,86,87,10,10,1,0.1010694904,0.01389596437,0.01675735812,1
improved,0.0,physical_matched,9,s1-s2,1,svd,55,61,8,8,1,0.2359153982,0.03403228907,0.03679514314,1
improved,0.0,physical_matched,9,s1-s2,1,svd+ransac,55,61,8,8,1,0.2359153982,0.03403228907,0.03679514314,1
improved,0.0,physical_matched,9,s1-s3,1,svd,55,47,10,10,1,0.65179309,0.02329161651,0.04196740096,1
improved,0.0,physical_matched,9,s1-s3,1,svd+ransac,55,47,10,10,1,0.65179309,0.02329161651,0.04196740096,1
improved,0.0,physical_matched,9,s1-s4,0,svd,55,53,4,4,1,0.3587755212,0.05768183577,0.06323278246,1
improved,0.0,physical_matched,9,s1-s4,0,svd+ransac,55,53,4,4,1,0.3587755212,0.05768183577,0.06323278246,1
improved,0.0,physical_matched,9,s1-s5,0,svd,55,83,2,2,0,nan,nan,nan,0
improved,0.0,physical_matched,9,s1-s5,0,svd+ransac,55,83,2,2,0,nan,nan,nan,0
improved,0.0,physical_matched,9,s1-s6,0,svd,55,92,4,4,1,1.159005002,0.09318713039,0.1285448032,1
improved,0.0,physical_matched,9,s1-s6,0,svd+ransac,55,92,4,4,1,1.159005002,0.09318713039,0.1285448032,1
improved,0.0,physical_matched,9,s2-s3,1,svd,61,47,12,12,1,0.5515352687,0.03705271668,0.05024797769,1
improved,0.0,physical_matched,9,s2-s3,1,svd+ransac,61,47,12,12,1,0.5515352687,0.03705271668,0.05024797769,1
improved,0.0,physical_matched,9,s2-s4,1,svd,61,53,8,8,1,0.7718553939,0.0569847758,0.08011041515,1
improved,0.0,physical_matched,9,s2-s4,1,svd+ransac,61,53,8,8,1,0.7718553939,0.0569847758,0.08011041515,1
improved,0.0,physical_matched,9,s2-s5,1,svd,61,83,1,1,0,nan,nan,nan,0
improved,0.0,physical_matched,9,s2-s5,1,svd+ransac,61,83,1,1,0,nan,nan,nan,0
improved,0.0,physical_matched,9,s2-s6,0,svd,61,92,2,2,0,nan,nan,nan,0
improved,0.0,physical_matched,9,s2-s6,0,svd+ransac,61,92,2,2,0,nan,nan,nan,0
improved,0.0,physical_matched,9,s3-s4,1,svd,47,53,9,9,1,0.4885811056,0.01871893145,0.03520508841,1
improved,0.0,physical_matched,9,s3-s4,1,svd+ransac,47,53,9,9,1,0.4885811056,0.01871893145,0.03520508841,1
improved,0.0,physical_matched,9,s3-s5,1,svd,47,83,5,5,1,0.2750503573,0.00980651515,0.01959280764,1
improved,0.0,physical_matched,9,s3-s5,1,svd+ransac,47,83,5,5,1,0.2750503573,0.00980651515,0.01959280764,1
improved,0.0,physical_matched,9,s3-s6,0,svd,47,92,4,4,1,0.6204273793,0.01252120699,0.04515183976,1
improved,0.0,physical_matched,9,s3-s6,0,svd+ransac,47,92,4,4,1,0.6204273793,0.01252120699,0.04515183976,1
improved,0.0,physical_matched,9,s4-s5,1,svd,53,83,7,7,1,0.3826200596,0.0687295411,0.07325117017,1
improved,0.0,physical_matched,9,s4-s5,1,svd+ransac,53,83,7,7,1,0.3826200596,0.0687295411,0.07325117017,1
improved,0.0,physical_matched,9,s4-s6,1,svd,53,92,12,12,1,0.1337158723,0.08525571,0.08585257445,1
improved,0.0,physical_matched,9,s4-s6,1,svd+ransac,53,92,12,12,1,0.1337158723,0.08525571,0.08585257445,1
improved,0.0,physical_matched,9,s5-s6,1,svd,83,92,11,11,1,0.3760304942,0.04029937819,0.04729822448,1
improved,0.0,physical_matched,9,s5-s6,1,svd+ransac,83,92,11,11,1,0.3760304942,0.04029937819,0.04729822448,1
improved,0.0,physical_matched,10,s1-s2,1,svd,56,65,6,6,1,0.1885409875,0.0220428301,0.02756492747,1
improved,0.0,physical_matched,10,s1-s2,1,svd+ransac,56,65,6,6,1,0.1885409875,0.0220428301,0.02756492747,1
improved,0.0,physical_matched,10,s1-s3,1,svd,56,45,8,8,1,1.043328053,0.1227871805,0.1345191815,1
improved,0.0,physical_matched,10,s1-s3,1,svd+ransac,56,45,8,8,1,1.043328053,0.1227871805,0.1345191815,1
improved,0.0,physical_matched,10,s1-s4,0,svd,56,56,3,3,1,0.6883137341,0.2181461461,0.2237745373,1
improved,0.0,physical_matched,10,s1-s4,0,svd+ransac,56,56,3,3,1,0.6883137341,0.2181461461,0.2237745373,1
improved,0.0,physical_matched,10,s1-s5,0,svd,56,82,6,6,1,0.2959193358,0.05232176834,0.05771681972,1
improved,0.0,physical_matched,10,s1-s5,0,svd+ransac,56,82,6,6,1,0.2959193358,0.05232176834,0.05771681972,1
improved,0.0,physical_matched,10,s1-s6,0,svd,56,87,0,0,0,nan,nan,nan,0
improved,0.0,physical_matched,10,s1-s6,0,svd+ransac,56,87,0,0,0,nan,nan,nan,0
improved,0.0,physical_matched,10,s2-s3,1,svd,65,45,8,8,1,0.5579652089,0.07088573209,0.07816349685,1
improved,0.0,physical_matched,10,s2-s3,1,svd+ransac,65,45,8,8,1,0.5579652089,0.07088573209,0.07816349685,1
improved,0.0,physical_matched,10,s2-s4,1,svd,65,56,3,3,1,1.209847455,0.02884523634,0.08619197524,1
improved,0.0,physical_matched,10,s2-s4,1,svd+ransac,65,56,3,3,1,1.209847455,0.02884523634,0.08619197524,1
improved,0.0,physical_matched,10,s2-s5,1,svd,65,82,6,6,1,0.4866285655,0.03272131916,0.04387290029,1
improved,0.0,physical_matched,10,s2-s5,1,svd+ransac,65,82,6,6,1,0.4866285655,0.03272131916,0.04387290029,1
improved,0.0,physical_matched,10,s2-s6,0,svd,65,87,2,2,0,nan,nan,nan,0
improved,0.0,physical_matched,10,s2-s6,0,svd+ransac,65,87,2,2,0,nan,nan,nan,0
improved,0.0,physical_matched,10,s3-s4,1,svd,45,56,3,3,1,1.341536958,0.1304975641,0.154922863,1
improved,0.0,physical_matched,10,s3-s4,1,svd+ransac,45,56,3,3,1,1.341536958,0.1304975641,0.154922863,1
improved,0.0,physical_matched,10,s3-s5,1,svd,45,82,4,4,1,0.3105547546,0.0867638123,0.09058041635,1
improved,0.0,physical_matched,10,s3-s5,1,svd+ransac,45,82,4,4,1,0.3105547546,0.0867638123,0.09058041635,1
improved,0.0,physical_matched,10,s3-s6,0,svd,45,87,4,4,1,0.6312437867,0.1207211707,0.1254326906,1
improved,0.0,physical_matched,10,s3-s6,0,svd+ransac,45,87,4,4,1,1.09342386,0.5670690608,0.5636038058,0
improved,0.0,physical_matched,10,s4-s5,1,svd,56,82,8,8,1,0.2908683626,0.06591070627,0.069154872,1
improved,0.0,physical_matched,10,s4-s5,1,svd+ransac,56,82,8,8,1,0.2908683626,0.06591070627,0.069154872,1
improved,0.0,physical_matched,10,s4-s6,1,svd,56,87,9,9,1,0.268137869,0.07752881472,0.07943207738,1
improved,0.0,physical_matched,10,s4-s6,1,svd+ransac,56,87,9,9,1,0.268137869,0.07752881472,0.07943207738,1
improved,0.0,physical_matched,10,s5-s6,1,svd,82,87,6,6,1,1.545910598,0.1434513811,0.1757219231,1
improved,0.0,physical_matched,10,s5-s6,1,svd+ransac,82,87,6,6,1,1.545910598,0.1434513811,0.1757219231,1
