profile,merge,version,seed,pair,official,solver,n_src_kp,n_tgt_kp,n_matches,n_correct,transform_ok,rot_err_deg,trans_err_m,e_p_m,success
baseline,0.0,step_raw,1,s1-s2,1,svd,298,329,4,0,1,13.34195376,21.95226203,21.9685995,0
baseline,0.0,step_raw,1,s1-s2,1,svd+ransac,298,329,4,0,1,13.34195376,21.95226203,21.9685995,0
baseline,0.0,step_raw,1,s1-s3,1,svd,298,273,0,0,0,nan,nan,nan,0
baseline,0.0,step_raw,1,s1-s3,1,svd+ransac,298,273,0,0,0,nan,nan,nan,0
baseline,0.0,step_raw,1,s1-s4,0,svd,298,260,0,0,0,nan,nan,nan,0
baseline,0.0,step_raw,1,s1-s4,0,svd+ransac,298,260,0,0,0,nan,nan,nan,0
baseline,0.0,step_raw,1,s1-s5,0,svd,298,288,0,0,0,nan,nan,nan,0
baseline,0.0,step_raw,1,s1-s5,0,svd+ransac,298,288,0,0,0,nan,nan,nan,0
baseline,0.0,step_raw,1,s1-s6,0,svd,298,350,0,0,0,nan,nan,nan,0
baseline,0.0,step_raw,1,s1-s6,0,svd+ransac,298,350,0,0,0,nan,nan,nan,0
baseline,0.0,step_raw,1,s2-s3,1,svd,329,273,8,7,1,0.09083585103,0.02496346013,0.02640905759,1
baseline,0.0,step_raw,1,s2-s3,1,svd+ransac,329,273,8,7,1,0.09083585103,0.02496346013,0.02640905759,1
baseline,0.0,step_raw,1,s2-s4,1,svd,329,260,0,0,0,nan,nan,nan,0
baseline,0.0,step_raw,1,s2-s4,1,svd+ransac,329,260,0,0,0,nan,nan,nan,0
baseline,0.0,step_raw,1,s2-s5,1,svd,329,288,0,0,0,nan,nan,nan,0
baseline,0.0,step_raw,1,s2-s5,1,svd+ransac,329,288,0,0,0,nan,nan,nan,0
baseline,0.0,step_raw,1,s2-s6,0,svd,329,350,0,0,0,nan,nan,nan,0
baseline,0.0,step_raw,1,s2-s6,0,svd+ransac,329,350,0,0,0,nan,nan,nan,0
baseline,0.0,step_raw,1,s3-s4,1,svd,273,260,0,0,0,nan,nan,nan,0
baseline,0.0,step_raw,1,s3-s4,1,svd+ransac,273,260,0,0,0,nan,nan,nan,0
baseline,0.0,step_raw,1,s3-s5,1,svd,273,288,0,0,0,nan,nan,nan,0
baseline,0.0,step_raw,1,s3-s5,1,svd+ransac,273,288,0,0,0,nan,nan,nan,0
baseline,0.0,step_raw,1,s3-s6,0,svd,273,350,0,0,0,nan,nan,nan,0
baseline,0.0,step_raw,1,s3-s6,0,svd+ransac,273,350,0,0,0,nan,nan,nan,0
baseline,0.0,step_raw,1,s4-s5,1,svd,260,288,6,6,1,0.1583874438,0.09459110217,0.09554314345,1
baseline,0.0,step_raw,1,s4-s5,1,svd+ransac,260,288,6,6,1,0.1583874438,0.09459110217,0.09554314345,1
baseline,0.0,step_raw,1,s4-s6,1,svd,260,350,0,0,0,nan,nan,nan,0
baseline,0.0,step_raw,1,s4-s6,1,svd+ransac,260,350,0,0,0,nan,nan,nan,0
baseline,0.0,step_raw,1,s5-s6,1,svd,288,350,6,6,1,0.9114270565,0.2604645294,0.2667393447,1
baseline,0.0,step_raw,1,s5-s6,1,svd+ransac,288,350,6,6,1,0.9114270565,0.2604645294,0.2667393447,1
baseline,0.0,step_raw,2,s1-s2,1,svd,301,319,3,0,1,22.04948621,25.45730274,25.54437412,0
baseline,0.0,step_raw,2,s1-s2,1,svd+ransac,301,319,3,0,1,22.04948621,25.45730274,25.54437412,0
baseline,0.0,step_raw,2,s1-s3,1,svd,301,298,0,0,0,nan,nan,nan,0
baseline,0.0,step_raw,2,s1-s3,1,svd+ransac,301,298,0,0,0,nan,nan,nan,0
baseline,0.0,step_raw,2,s1-s4,0,svd,301,264,0,0,0,nan,nan,nan,0
baseline,0.0,step_raw,2,s1-s4,0,svd+ransac,301,264,0,0,0,nan,nan,nan,0
baseline,0.0,step_raw,2,s1-s5,0,svd,301,288,0,0,0,nan,nan,nan,0
baseline,0.0,step_raw,2,s1-s5,0,svd+ransac,301,288,0,0,0,nan,nan,nan,0
baseline,0.0,step_raw,2,s1-s6,0,svd,301,360,3,0,1,179.0140902,46.55702323,47.00343542,0
baseline,0.0,step_raw,2,s1-s6,0,svd+ransac,301,360,3,0,1,179.0140902,46.55702323,47.00343542,0
baseline,0.0,step_raw,2,s2-s3,1,svd,319,298,0,0,0,nan,nan,nan,0
baseline,0.0,step_raw,2,s2-s3,1,svd+ransac,319,298,0,0,0,nan,nan,nan,0
baseline,0.0,step_raw,2,s2-s4,1,svd,319,264,0,0,0,nan,nan,nan,0
baseline,0.0,step_raw,2,s2-s4,1,svd+ransac,319,264,0,0,0,nan,nan,nan,0
baseline,0.0,step_raw,2,s2-s5,1,svd,319,288,0,0,0,nan,nan,nan,0
baseline,0.0,step_raw,2,s2-s5,1,svd+ransac,319,288,0,0,0,nan,nan,nan,0
baseline,0.0,step_raw,2,s2-s6,0,svd,319,360,3,0,1,167.1389812,23.48311236,25.58517841,0
baseline,0.0,step_raw,2,s2-s6,0,svd+ransac,319,360,3,0,1,167.1389812,23.48311236,25.58517841,0
baseline,0.0,step_raw,2,s3-s4,1,svd,298,264,0,0,0,nan,nan,nan,0
baseline,0.0,step_raw,2,s3-s4,1,svd+ransac,298,264,0,0,0,nan,nan,nan,0
baseline,0.0,step_raw,2,s3-s5,1,svd,298,288,0,0,0,nan,nan,nan,0
baseline,0.0,step_raw,2,s3-s5,1,svd+ransac,298,288,0,0,0,nan,nan,nan,0
baseline,0.0,step_raw,2,s3-s6,0,svd,298,360,7,7,1,0.6058415563,0.1799372157,0.1814704979,1
baseline,0.0,step_raw,2,s3-s6,0,svd+ransac,298,360,7,7,1,0.5019806388,0.1857617823,0.1858277904,1
baseline,0.0,step_raw,2,s4-s5,1,svd,264,288,0,0,0,nan,nan,nan,0
baseline,0.0,step_raw,2,s4-s5,1,svd+ransac,264,288,0,0,0,nan,nan,nan,0
baseline,0.0,step_raw,2,s4-s6,1,svd,264,360,0,0,0,nan,nan,nan,0
baseline,0.0,step_raw,2,s4-s6,1,svd+ransac,264,360,0,0,0,nan,nan,nan,0
baseline,0.0,step_raw,2,s5-s6,1,svd,288,360,1,1,0,nan,nan,nan,0
baseline,0.0,step_raw,2,s5-s6,1,svd+ransac,288,360,1,1,0,nan,nan,nan,0
baseline,0.0,step_raw,3,s1-s2,1,svd,304,333,4,0,1,148.8210762,14.21406452,17.31856095,0
baseline,0.0,step_raw,3,s1-s2,1,svd+ransac,304,333,4,0,1,149.0772544,13.99361229,17.22747052,0
baseline,0.0,step_raw,3,s1-s3,1,svd,304,286,5,0,1,96.475644,13.37040735,15.58687656,0
baseline,0.0,step_raw,3,s1-s3,1,svd+ransac,304,286,5,0,1,96.475644,13.37040735,15.58687656,0
baseline,0.0,step_raw,3,s1-s4,0,svd,304,268,0,0,0,nan,nan,nan,0
baseline,0.0,step_raw,3,s1-s4,0,svd+ransac,304,268,0,0,0,nan,nan,nan,0
baseline,0.0,step_raw,3,s1-s5,0,svd,304,293,4,0,1,121.8612806,32.56465262,33.81074333,0
baseline,0.0,step_raw,3,s1-s5,0,svd+ransac,304,293,4,0,1,121.8612806,32.56465262,33.81074333,0
baseline,0.0,step_raw,3,s1-s6,0,svd,304,364,3,0,1,79.81787089,38.96410389,39.18058917,0
baseline,0.0,step_raw,3,s1-s6,0,svd+ransac,304,364,3,0,0,nan,nan,nan,0
baseline,0.0,step_raw,3,s2-s3,1,svd,333,286,6,6,1,0.160342227,0.02673618428,0.03034319316,1
baseline,0.0,step_raw,3,s2-s3,1,svd+ransac,333,286,6,6,1,0.160342227,0.02673618428,0.03034319316,1
baseline,0.0,step_raw,3,s2-s4,1,svd,333,268,0,0,0,nan,nan,nan,0
baseline,0.0,step_raw,3,s2-s4,1,svd+ransac,333,268,0,0,0,nan,nan,nan,0
baseline,0.0,step_raw,3,s2-s5,1,svd,333,293,5,5,1,1.042760576,0.3289894782,0.3289814479,1
baseline,0.0,step_raw,3,s2-s5,1,svd+ransac,333,293,5,5,1,1.053767011,0.4704448663,0.4701473595,1
baseline,0.0,step_raw,3,s2-s6,0,svd,333,364,0,0,0,nan,nan,nan,0
baseline,0.0,step_raw,3,s2-s6,0,svd+ransac,333,364,0,0,0,nan,nan,nan,0
baseline,0.0,step_raw,3,s3-s4,1,svd,286,268,3,0,1,71.6174903,22.86859465,23.71312899,0
baseline,0.0,step_raw,3,s3-s4,1,svd+ransac,286,268,3,0,1,71.6174903,22.86859465,23.71312899,0
baseline,0.0,step_raw,3,s3-s5,1,svd,286,293,0,0,0,nan,nan,nan,0
baseline,0.0,step_raw,3,s3-s5,1,svd+ransac,286,293,0,0,0,nan,nan,nan,0
baseline,0.0,step_raw,3,s3-s6,0,svd,286,364,0,0,0,nan,nan,nan,0
baseline,0.0,step_raw,3,s3-s6,0,svd+ransac,286,364,0,0,0,nan,nan,nan,0
baseline,0.0,step_raw,3,s4-s5,1,svd,268,293,1,1,0,nan,nan,nan,0
baseline,0.0,step_raw,3,s4-s5,1,svd+ransac,268,293,1,1,0,nan,nan,nan,0
baseline,0.0,step_raw,3,s4-s6,1,svd,268,364,1,1,0,nan,nan,nan,0
baseline,0.0,step_raw,3,s4-s6,1,svd+ransac,268,364,1,1,0,nan,nan,nan,0
baseline,0.0,step_raw,3,s5-s6,1,svd,293,364,18,18,1,0.2122854956,0.0420289005,0.04378445246,1
baseline,0.0,step_raw,3,s5-s6,1,svd+ransac,293,364,18,18,1,0.3167233705,0.05341485282,0.05656985897,1
baseline,0.0,step_raw,4,s1-s2,1,svd,301,331,3,0,1,103.3627677,34.5189056,35.6393274,0
baseline,0.0,step_raw,4,s1-s2,1,svd+ransac,301,331,3,0,1,103.3627677,34.5189056,35.6393274,0
baseline,0.0,step_raw,4,s1-s3,1,svd,301,294,0,0,0,nan,nan,nan,0
baseline,0.0,step_raw,4,s1-s3,1,svd+ransac,301,294,0,0,0,nan,nan,nan,0
baseline,0.0,step_raw,4,s1-s4,0,svd,301,259,0,0,0,nan,nan,nan,0
baseline,0.0,step_raw,4,s1-s4,0,svd+ransac,301,259,0,0,0,nan,nan,nan,0
baseline,0.0,step_raw,4,s1-s5,0,svd,301,275,0,0,0,nan,nan,nan,0
baseline,0.0,step_raw,4,s1-s5,0,svd+ransac,301,275,0,0,0,nan,nan,nan,0
baseline,0.0,step_raw,4,s1-s6,0,svd,301,361,4,0,1,83.43305227,18.56483794,19.68350615,0
baseline,0.0,step_raw,4,s1-s6,0,svd+ransac,301,361,4,0,1,83.19439811,18.28196956,19.44661173,0
baseline,0.0,step_raw,4,s2-s3,1,svd,331,294,0,0,0,nan,nan,nan,0
baseline,0.0,step_raw,4,s2-s3,1,svd+ransac,331,294,0,0,0,nan,nan,nan,0
baseline,0.0,step_raw,4,s2-s4,1,svd,331,259,3,0,1,35.96085008,8.468572588,9.344260523,0
baseline,0.0,step_raw,4,s2-s4,1,svd+ransac,331,259,3,0,1,35.96085008,8.468572588,9.344260523,0
baseline,0.0,step_raw,4,s2-s5,1,svd,331,275,0,0,0,nan,nan,nan,0
baseline,0.0,step_raw,4,s2-s5,1,svd+ransac,331,275,0,0,0,nan,nan,nan,0
baseline,0.0,step_raw,4,s2-s6,0,svd,331,361,0,0,0,nan,nan,nan,0
baseline,0.0,step_raw,4,s2-s6,0,svd+ransac,331,361,0,0,0,nan,nan,nan,0
baseline,0.0,step_raw,4,s3-s4,1,svd,294,259,3,2,1,59.67676443,19.45675327,19.52035472,0
baseline,0.0,step_raw,4,s3-s4,1,svd+ransac,294,259,3,2,1,59.67676443,19.45675327,19.52035472,0
baseline,0.0,step_raw,4,s3-s5,1,svd,294,275,10,10,1,0.6304959677,0.2116260683,0.2131609156,1
baseline,0.0,step_raw,4,s3-s5,1,svd+ransac,294,275,10,10,1,0.1528811882,0.09671978865,0.09598043209,1
baseline,0.0,step_raw,4,s3-s6,0,svd,294,361,3,0,1,174.0170709,26.91768778,28.45607624,0
baseline,0.0,step_raw,4,s3-s6,0,svd+ransac,294,361,3,0,1,174.0170709,26.91768778,28.45607624,0
baseline,0.0,step_raw,4,s4-s5,1,svd,259,275,0,0,0,nan,nan,nan,0
baseline,0.0,step_raw,4,s4-s5,1,svd+ransac,259,275,0,0,0,nan,nan,nan,0
baseline,0.0,step_raw,4,s4-s6,1,svd,259,361,0,0,0,nan,nan,nan,0
baseline,0.0,step_raw,4,s4-s6,1,svd+ransac,259,361,0,0,0,nan,nan,nan,0
baseline,0.0,step_raw,4,s5-s6,1,svd,275,361,4,4,1,0.1792733527,0.04882926613,0.05029553199,1
baseline,0.0,step_raw,4,s5-s6,1,svd+ransac,275,361,4,4,1,0.1792733527,0.04882926613,0.05029553199,1
baseline,0.0,step_raw,5,s1-s2,1,svd,312,348,0,0,0,nan,nan,nan,0
baseline,0.0,step_raw,5,s1-s2,1,svd+ransac,312,348,0,0,0,nan,nan,nan,0
baseline,0.0,step_raw,5,s1-s3,1,svd,312,292,0,0,0,nan,nan,nan,0
baseline,0.0,step_raw,5,s1-s3,1,svd+ransac,312,292,0,0,0,nan,nan,nan,0
baseline,0.0,step_raw,5,s1-s4,0,svd,312,271,3,0,1,29.8734153,28.77358345,29.01472063,0
baseline,0.0,step_raw,5,s1-s4,0,svd+ransac,312,271,3,0,1,29.8734153,28.77358345,29.01472063,0
baseline,0.0,step_raw,5,s1-s5,0,svd,312,288,0,0,0,nan,nan,nan,0
baseline,0.0,step_raw,5,s1-s5,0,svd+ransac,312,288,0,0,0,nan,nan,nan,0
baseline,0.0,step_raw,5,s1-s6,0,svd,312,362,0,0,0,nan,nan,nan,0
baseline,0.0,step_raw,5,s1-s6,0,svd+ransac,312,362,0,0,0,nan,nan,nan,0
baseline,0.0,step_raw,5,s2-s3,1,svd,348,292,10,10,1,0.3332815136,0.04725464204,0.05489464976,1
baseline,0.0,step_raw,5,s2-s3,1,svd+ransac,348,292,10,10,1,0.3332815136,0.04725464204,0.05489464976,1
baseline,0.0,step_raw,5,s2-s4,1,svd,348,271,4,0,1,52.7877575,17.1325719,17.51112553,0
baseline,0.0,step_raw,5,s2-s4,1,svd+ransac,348,271,4,0,1,52.7877575,17.1325719,17.51112553,0
baseline,0.0,step_raw,5,s2-s5,1,svd,348,288,0,0,0,nan,nan,nan,0
baseline,0.0,step_raw,5,s2-s5,1,svd+ransac,348,288,0,0,0,nan,nan,nan,0
baseline,0.0,step_raw,5,s2-s6,0,svd,348,362,0,0,0,nan,nan,nan,0
baseline,0.0,step_raw,5,s2-s6,0,svd+ransac,348,362,0,0,0,nan,nan,nan,0
baseline,0.0,step_raw,5,s3-s4,1,svd,292,271,0,0,0,nan,nan,nan,0
baseline,0.0,step_raw,5,s3-s4,1,svd+ransac,292,271,0,0,0,nan,nan,nan,0
baseline,0.0,step_raw,5,s3-s5,1,svd,292,288,0,0,0,nan,nan,nan,0
baseline,0.0,step_raw,5,s3-s5,1,svd+ransac,292,288,0,0,0,nan,nan,nan,0
baseline,0.0,step_raw,5,s3-s6,0,svd,292,362,0,0,0,nan,nan,nan,0
baseline,0.0,step_raw,5,s3-s6,0,svd+ransac,292,362,0,0,0,nan,nan,nan,0
baseline,0.0,step_raw,5,s4-s5,1,svd,271,288,13,12,1,0.3509111489,0.07029059604,0.07935165526,1
baseline,0.0,step_raw,5,s4-s5,1,svd+ransac,271,288,13,12,1,0.3509111489,0.07029059604,0.07935165526,1
baseline,0.0,step_raw,5,s4-s6,1,svd,271,362,0,0,0,nan,nan,nan,0
baseline,0.0,step_raw,5,s4-s6,1,svd+ransac,271,362,0,0,0,nan,nan,nan,0
baseline,0.0,step_raw,5,s5-s6,1,svd,288,362,1,1,0,nan,nan,nan,0
baseline,0.0,step_raw,5,s5-s6,1,svd+ransac,288,362,1,1,0,nan,nan,nan,0
baseline,0.0,step_raw,6,s1-s2,1,svd,300,345,3,0,1,87.39882437,25.09971785,25.89935392,0
baseline,0.0,step_raw,6,s1-s2,1,svd+ransac,300,345,3,0,1,87.39882437,25.09971785,25.89935392,0
baseline,0.0,step_raw,6,s1-s3,1,svd,300,282,3,0,1,165.555972,26.76809782,28.78803304,0
baseline,0.0,step_raw,6,s1-s3,1,svd+ransac,300,282,3,0,1,165.555972,26.76809782,28.78803304,0
baseline,0.0,step_raw,6,s1-s4,0,svd,300,266,3,0,1,110.2190498,16.05719437,18.43492907,0
baseline,0.0,step_raw,6,s1-s4,0,svd+ransac,300,266,3,0,1,110.2190498,16.05719437,18.43492907,0
baseline,0.0,step_raw,6,s1-s5,0,svd,300,285,0,0,0,nan,nan,nan,0
baseline,0.0,step_raw,6,s1-s5,0,svd+ransac,300,285,0,0,0,nan,nan,nan,0
baseline,0.0,step_raw,6,s1-s6,0,svd,300,371,0,0,0,nan,nan,nan,0
baseline,0.0,step_raw,6,s1-s6,0,svd+ransac,300,371,0,0,0,nan,nan,nan,0
baseline,0.0,step_raw,6,s2-s3,1,svd,345,282,0,0,0,nan,nan,nan,0
baseline,0.0,step_raw,6,s2-s3,1,svd+ransac,345,282,0,0,0,nan,nan,nan,0
baseline,0.0,step_raw,6,s2-s4,1,svd,345,266,4,4,1,3.127436627,0.6353743356,0.6717648124,0
baseline,0.0,step_raw,6,s2-s4,1,svd+ransac,345,266,4,4,1,4.597193424,0.9327114518,0.9875482779,0
baseline,0.0,step_raw,6,s2-s5,1,svd,345,285,0,0,0,nan,nan,nan,0
baseline,0.0,step_raw,6,s2-s5,1,svd+ransac,345,285,0,0,0,nan,nan,nan,0
baseline,0.0,step_raw,6,s2-s6,0,svd,345,371,0,0,0,nan,nan,nan,0
baseline,0.0,step_raw,6,s2-s6,0,svd+ransac,345,371,0,0,0,nan,nan,nan,0
baseline,0.0,step_raw,6,s3-s4,1,svd,282,266,0,0,0,nan,nan,nan,0
baseline,0.0,step_raw,6,s3-s4,1,svd+ransac,282,266,0,0,0,nan,nan,nan,0
baseline,0.0,step_raw,6,s3-s5,1,svd,282,285,3,0,1,169.7041087,2.902655573,9.739572872,0
baseline,0.0,step_raw,6,s3-s5,1,svd+ransac,282,285,3,0,1,169.7041087,2.902655573,9.739572872,0
baseline,0.0,step_raw,6,s3-s6,0,svd,282,371,0,0,0,nan,nan,nan,0
baseline,0.0,step_raw,6,s3-s6,0,svd+ransac,282,371,0,0,0,nan,nan,nan,0
baseline,0.0,step_raw,6,s4-s5,1,svd,266,285,0,0,0,nan,nan,nan,0
baseline,0.0,step_raw,6,s4-s5,1,svd+ransac,266,285,0,0,0,nan,nan,nan,0
baseline,0.0,step_raw,6,s4-s6,1,svd,266,371,0,0,0,nan,nan,nan,0
baseline,0.0,step_raw,6,s4-s6,1,svd+ransac,266,371,0,0,0,nan,nan,nan,0
baseline,0.0,step_raw,6,s5-s6,1,svd,285,371,11,11,1,0.634586598,0.03829972052,0.05769400008,1
baseline,0.0,step_raw,6,s5-s6,1,svd+ransac,285,371,11,11,1,0.4619324367,0.04130349963,0.05402899063,1
baseline,0.0,step_raw,7,s1-s2,1,svd,314,349,0,0,0,nan,nan,nan,0
baseline,0.0,step_raw,7,s1-s2,1,svd+ransac,314,349,0,0,0,nan,nan,nan,0
baseline,0.0,step_raw,7,s1-s3,1,svd,314,284,3,0,1,170.757996,16.06419333,19.25624888,0
baseline,0.0,step_raw,7,s1-s3,1,svd+ransac,314,284,3,0,1,170.757996,16.06419333,19.25624888,0
baseline,0.0,step_raw,7,s1-s4,0,svd,314,269,0,0,0,nan,nan,nan,0
baseline,0.0,step_raw,7,s1-s4,0,svd+ransac,314,269,0,0,0,nan,nan,nan,0
baseline,0.0,step_raw,7,s1-s5,0,svd,314,285,0,0,0,nan,nan,nan,0
baseline,0.0,step_raw,7,s1-s5,0,svd+ransac,314,285,0,0,0,nan,nan,nan,0
baseline,0.0,step_raw,7,s1-s6,0,svd,314,344,0,0,0,nan,nan,nan,0
baseline,0.0,step_raw,7,s1-s6,0,svd+ransac,314,344,0,0,0,nan,nan,nan,0
baseline,0.0,step_raw,7,s2-s3,1,svd,349,284,0,0,0,nan,nan,nan,0
baseline,0.0,step_raw,7,s2-s3,1,svd+ransac,349,284,0,0,0,nan,nan,nan,0
baseline,0.0,step_raw,7,s2-s4,1,svd,349,269,0,0,0,nan,nan,nan,0
baseline,0.0,step_raw,7,s2-s4,1,svd+ransac,349,269,0,0,0,nan,nan,nan,0
baseline,0.0,step_raw,7,s2-s5,1,svd,349,285,1,1,0,nan,nan,nan,0
baseline,0.0,step_raw,7,s2-s5,1,svd+ransac,349,285,1,1,0,nan,nan,nan,0
baseline,0.0,step_raw,7,s2-s6,0,svd,349,344,0,0,0,nan,nan,nan,0
baseline,0.0,step_raw,7,s2-s6,0,svd+ransac,349,344,0,0,0,nan,nan,nan,0
baseline,0.0,step_raw,7,s3-s4,1,svd,284,269,0,0,0,nan,nan,nan,0
baseline,0.0,step_raw,7,s3-s4,1,svd+ransac,284,269,0,0,0,nan,nan,nan,0
baseline,0.0,step_raw,7,s3-s5,1,svd,284,285,0,0,0,nan,nan,nan,0
baseline,0.0,step_raw,7,s3-s5,1,svd+ransac,284,285,0,0,0,nan,nan,nan,0
baseline,0.0,step_raw,7,s3-s6,0,svd,284,344,3,0,1,9.518481689,19.93872461,19.94620896,0
baseline,0.0,step_raw,7,s3-s6,0,svd+ransac,284,344,3,0,1,9.518481689,19.93872461,19.94620896,0
baseline,0.0,step_raw,7,s4-s5,1,svd,269,285,14,14,1,0.1040424193,0.03484751472,0.03573462808,1
baseline,0.0,step_raw,7,s4-s5,1,svd+ransac,269,285,14,14,1,0.1040424193,0.03484751472,0.03573462808,1
baseline,0.0,step_raw,7,s4-s6,1,svd,269,344,0,0,0,nan,nan,nan,0
baseline,0.0,step_raw,7,s4-s6,1,svd+ransac,269,344,0,0,0,nan,nan,nan,0
baseline,0.0,step_raw,7,s5-s6,1,svd,285,344,0,0,0,nan,nan,nan,0
baseline,0.0,step_raw,7,s5-s6,1,svd+ransac,285,344,0,0,0,nan,nan,nan,0
baseline,0.0,step_raw,8,s1-s2,1,svd,293,336,4,4,1,0.8773893853,0.05950927105,0.09862438611,1
baseline,0.0,step_raw,8,s1-s2,1,svd+ransac,293,336,4,4,1,0.8773893853,0.05950927105,0.09862438611,1
baseline,0.0,step_raw,8,s1-s3,1,svd,293,294,0,0,0,nan,nan,nan,0
baseline,0.0,step_raw,8,s1-s3,1,svd+ransac,293,294,0,0,0,nan,nan,nan,0
baseline,0.0,step_raw,8,s1-s4,0,svd,293,248,0,0,0,nan,nan,nan,0
baseline,0.0,step_raw,8,s1-s4,0,svd+ransac,293,248,0,0,0,nan,nan,nan,0
baseline,0.0,step_raw,8,s1-s5,0,svd,293,295,0,0,0,nan,nan,nan,0
baseline,0.0,step_raw,8,s1-s5,0,svd+ransac,293,295,0,0,0,nan,nan,nan,0
baseline,0.0,step_raw,8,s1-s6,0,svd,293,352,3,0,1,136.3447501,29.94726639,31.29059912,0
baseline,0.0,step_raw,8,s1-s6,0,svd+ransac,293,352,3,0,1,136.3447501,29.94726639,31.29059912,0
baseline,0.0,step_raw,8,s2-s3,1,svd,336,294,11,10,1,0.6513529683,0.1098177252,0.1174204746,1
baseline,0.0,step_raw,8,s2-s3,1,svd+ransac,336,294,11,10,1,0.7369835319,0.1334850801,0.1392220536,1
baseline,0.0,step_raw,8,s2-s4,1,svd,336,248,3,0,1,45.18985326,23.43191972,24.062031,0
baseline,0.0,step_raw,8,s2-s4,1,svd+ransac,336,248,3,0,1,45.18985326,23.43191972,24.062031,0
baseline,0.0,step_raw,8,s2-s5,1,svd,336,295,0,0,0,nan,nan,nan,0
baseline,0.0,step_raw,8,s2-s5,1,svd+ransac,336,295,0,0,0,nan,nan,nan,0
baseline,0.0,step_raw,8,s2-s6,0,svd,336,352,0,0,0,nan,nan,nan,0
baseline,0.0,step_raw,8,s2-s6,0,svd+ransac,336,352,0,0,0,nan,nan,nan,0
baseline,0.0,step_raw,8,s3-s4,1,svd,294,248,3,0,1,34.13054828,15.82184038,16.04051373,0
baseline,0.0,step_raw,8,s3-s4,1,svd+ransac,294,248,3,0,1,34.13054828,15.82184038,16.04051373,0
baseline,0.0,step_raw,8,s3-s5,1,svd,294,295,0,0,0,nan,nan,nan,0
baseline,0.0,step_raw,8,s3-s5,1,svd+ransac,294,295,0,0,0,nan,nan,nan,0
baseline,0.0,step_raw,8,s3-s6,0,svd,294,352,9,9,1,0.330813278,0.03114920052,0.03666589401,1
baseline,0.0,step_raw,8,s3-s6,0,svd+ransac,294,352,9,9,1,0.330813278,0.03114920052,0.03666589401,1
baseline,0.0,step_raw,8,s4-s5,1,svd,248,295,3,0,1,125.2025828,14.502507,17.0824737,0
baseline,0.0,step_raw,8,s4-s5,1,svd+ransac,248,295,3,0,1,125.2025828,14.502507,17.0824737,0
baseline,0.0,step_raw,8,s4-s6,1,svd,248,352,6,6,1,1.18920186,0.1379563567,0.1660252555,1
baseline,0.0,step_raw,8,s4-s6,1,svd+ransac,248,352,6,6,1,1.18920186,0.1379563567,0.1660252555,1
baseline,0.0,step_raw,8,s5-s6,1,svd,295,352,4,4,1,2.296208158,1.485288128,1.477424858,0
baseline,0.0,step_raw,8,s5-s6,1,svd+ransac,295,352,4,4,1,2.296208158,1.485288128,1.477424858,0
baseline,0.0,step_raw,9,s1-s2,1,svd,292,346,4,0,1,98.72695642,38.83636199,39.50616748,0
baseline,0.0,step_raw,9,s1-s2,1,svd+ransac,292,346,4,0,1,98.72695642,38.83636199,39.50616748,0
baseline,0.0,step_raw,9,s1-s3,1,svd,292,300,3,0,1,166.6297271,22.61816198,24.67892998,0
baseline,0.0,step_raw,9,s1-s3,1,svd+ransac,292,300,3,0,1,166.6297271,22.61816198,24.67892998,0
baseline,0.0,step_raw,9,s1-s4,0,svd,292,272,4,0,1,175.766356,27.74353585,29.26594082,0
baseline,0.0,step_raw,9,s1-s4,0,svd+ransac,292,272,4,0,1,175.786316,27.84959268,29.32246769,0
baseline,0.0,step_raw,9,s1-s5,0,svd,292,302,0,0,0,nan,nan,nan,0
baseline,0.0,step_raw,9,s1-s5,0,svd+ransac,292,302,0,0,0,nan,nan,nan,0
baseline,0.0,step_raw,9,s1-s6,0,svd,292,353,3,0,1,75.71670322,23.34733584,24.17086889,0
baseline,0.0,step_raw,9,s1-s6,0,svd+ransac,292,353,3,0,1,75.71670322,23.34733584,24.17086889,0
baseline,0.0,step_raw,9,s2-s3,1,svd,346,300,3,3,1,0.09686412027,0.04553399788,0.0465002099,1
baseline,0.0,step_raw,9,s2-s3,1,svd+ransac,346,300,3,3,1,0.09686412027,0.04553399788,0.0465002099,1
baseline,0.0,step_raw,9,s2-s4,1,svd,346,272,0,0,0,nan,nan,nan,0
baseline,0.0,step_raw,9,s2-s4,1,svd+ransac,346,272,0,0,0,nan,nan,nan,0
baseline,0.0,step_raw,9,s2-s5,1,svd,346,302,0,0,0,nan,nan,nan,0
baseline,0.0,step_raw,9,s2-s5,1,svd+ransac,346,302,0,0,0,nan,nan,nan,0
baseline,0.0,step_raw,9,s2-s6,0,svd,346,353,0,0,0,nan,nan,nan,0
baseline,0.0,step_raw,9,s2-s6,0,svd+ransac,346,353,0,0,0,nan,nan,nan,0
baseline,0.0,step_raw,9,s3-s4,1,svd,300,272,3,0,1,18.86284848,27.77880137,27.81909898,0
baseline,0.0,step_raw,9,s3-s4,1,svd+ransac,300,272,3,0,1,18.86284848,27.77880137,27.81909898,0
baseline,0.0,step_raw,9,s3-s5,1,svd,300,302,0,0,0,nan,nan,nan,0
baseline,0.0,step_raw,9,s3-s5,1,svd+ransac,300,302,0,0,0,nan,nan,nan,0
baseline,0.0,step_raw,9,s3-s6,0,svd,300,353,0,0,0,nan,nan,nan,0
baseline,0.0,step_raw,9,s3-s6,0,svd+ransac,300,353,0,0,0,nan,nan,nan,0
baseline,0.0,step_raw,9,s4-s5,1,svd,272,302,6,6,1,0.1010011391,0.08010450945,0.08043555298,1
baseline,0.0,step_raw,9,s4-s5,1,svd+ransac,272,302,6,6,1,0.1010011391,0.08010450945,0.08043555298,1
baseline,0.0,step_raw,9,s4-s6,1,svd,272,353,0,0,0,nan,nan,nan,0
baseline,0.0,step_raw,9,s4-s6,1,svd+ransac,272,353,0,0,0,nan,nan,nan,0
baseline,0.0,step_raw,9,s5-s6,1,svd,302,353,1,1,0,nan,nan,nan,0
baseline,0.0,step_raw,9,s5-s6,1,svd+ransac,302,353,1,1,0,nan,nan,nan,0
baseline,0.0,step_raw,10,s1-s2,1,svd,303,332,3,0,1,167.2639565,35.0735481,36.28190562,0
baseline,0.0,step_raw,10,s1-s2,1,svd+ransac,303,332,3,0,1,167.2639565,35.0735481,36.28190562,0
baseline,0.0,step_raw,10,s1-s3,1,svd,303,276,3,0,1,119.041415,24.83627237,26.54172416,0
baseline,0.0,step_raw,10,s1-s3,1,svd+ransac,303,276,3,0,0,nan,nan,nan,0
baseline,0.0,step_raw,10,s1-s4,0,svd,303,259,3,0,1,152.8720799,40.10236477,41.1054831,0
baseline,0.0,step_raw,10,s1-s4,0,svd+ransac,303,259,3,0,1,152.8720799,40.10236477,41.1054831,0
baseline,0.0,step_raw,10,s1-s5,0,svd,303,290,0,0,0,nan,nan,nan,0
baseline,0.0,step_raw,10,s1-s5,0,svd+ransac,303,290,0,0,0,nan,nan,nan,0
baseline,0.0,step_raw,10,s1-s6,0,svd,303,346,0,0,0,nan,nan,nan,0
baseline,0.0,step_raw,10,s1-s6,0,svd+ransac,303,346,0,0,0,nan,nan,nan,0
baseline,0.0,step_raw,10,s2-s3,1,svd,332,276,13,13,1,0.2206029948,0.01961804508,0.02494356575,1
baseline,0.0,step_raw,10,s2-s3,1,svd+ransac,332,276,13,13,1,0.2206029948,0.01961804508,0.02494356575,1
baseline,0.0,step_raw,10,s2-s4,1,svd,332,259,3,0,1,84.30163455,43.35376479,43.50591496,0
baseline,0.0,step_raw,10,s2-s4,1,svd+ransac,332,259,3,0,1,84.30163455,43.35376479,43.50591496,0
baseline,0.0,step_raw,10,s2-s5,1,svd,332,290,0,0,0,nan,nan,nan,0
baseline,0.0,step_raw,10,s2-s5,1,svd+ransac,332,290,0,0,0,nan,nan,nan,0
baseline,0.0,step_raw,10,s2-s6,0,svd,332,346,0,0,0,nan,nan,nan,0
baseline,0.0,step_raw,10,s2-s6,0,svd+ransac,332,346,0,0,0,nan,nan,nan,0
baseline,0.0,step_raw,10,s3-s4,1,svd,276,259,3,0,1,3.624394665,15.98413793,15.99622952,0
baseline,0.0,step_raw,10,s3-s4,1,svd+ransac,276,259,3,0,1,3.624394665,15.98413793,15.99622952,0
baseline,0.0,step_raw,10,s3-s5,1,svd,276,290,0,0,0,nan,nan,nan,0
baseline,0.0,step_raw,10,s3-s5,1,svd+ransac,276,290,0,0,0,nan,nan,nan,0
baseline,0.0,step_raw,10,s3-s6,0,svd,276,346,0,0,0,nan,nan,nan,0
baseline,0.0,step_raw,10,s3-s6,0,svd+ransac,276,346,0,0,0,nan,nan,nan,0
baseline,0.0,step_raw,10,s4-s5,1,svd,259,290,10,9,1,0.2148708834,0.151329301,0.1516296373,1
baseline,0.0,step_raw,10,s4-s5,1,svd+ransac,259,290,10,9,1,0.3462405586,0.06016457114,0.06565464796,1
baseline,0.0,step_raw,10,s4-s6,1,svd,259,346,13,13,1,0.6713607896,0.05829483289,0.07434343852,1
baseline,0.0,step_raw,10,s4-s6,1,svd+ransac,259,346,13,13,1,0.3639356438,0.03700404107,0.04365956601,1
baseline,0.0,step_raw,10,s5-s6,1,svd,290,346,7,6,1,1.052226698,0.2837969322,0.2839822857,1
baseline,0.0,step_raw,10,s5-s6,1,svd+ransac,290,346,7,6,1,1.052226698,0.2837969322,0.2839822857,1
baseline,0.0,linear_a_raw,1,s1-s2,1,svd,311,335,9,0,1,80.8796261,9.058661825,11.54420816,0
baseline,0.0,linear_a_raw,1,s1-s2,1,svd+ransac,311,335,9,0,1,56.5569757,10.84317172,12.26412478,0
baseline,0.0,linear_a_raw,1,s1-s3,1,svd,311,290,0,0,0,nan,nan,nan,0
baseline,0.0,linear_a_raw,1,s1-s3,1,svd+ransac,311,290,0,0,0,nan,nan,nan,0
baseline,0.0,linear_a_raw,1,s1-s4,0,svd,311,275,0,0,0,nan,nan,nan,0
baseline,0.0,linear_a_raw,1,s1-s4,0,svd+ransac,311,275,0,0,0,nan,nan,nan,0
baseline,0.0,linear_a_raw,1,s1-s5,0,svd,311,293,0,0,0,nan,nan,nan,0
baseline,0.0,linear_a_raw,1,s1-s5,0,svd+ransac,311,293,0,0,0,nan,nan,nan,0
baseline,0.0,linear_a_raw,1,s1-s6,0,svd,311,357,0,0,0,nan,nan,nan,0
baseline,0.0,linear_a_raw,1,s1-s6,0,svd+ransac,311,357,0,0,0,nan,nan,nan,0
baseline,0.0,linear_a_raw,1,s2-s3,1,svd,335,290,0,0,0,nan,nan,nan,0
baseline,0.0,linear_a_raw,1,s2-s3,1,svd+ransac,335,290,0,0,0,nan,nan,nan,0
baseline,0.0,linear_a_raw,1,s2-s4,1,svd,335,275,3,0,1,136.4733724,12.59715177,15.82972942,0
baseline,0.0,linear_a_raw,1,s2-s4,1,svd+ransac,335,275,3,0,1,136.4733724,12.59715177,15.82972942,0
baseline,0.0,linear_a_raw,1,s2-s5,1,svd,335,293,0,0,0,nan,nan,nan,0
baseline,0.0,linear_a_raw,1,s2-s5,1,svd+ransac,335,293,0,0,0,nan,nan,nan,0
baseline,0.0,linear_a_raw,1,s2-s6,0,svd,335,357,0,0,0,nan,nan,nan,0
baseline,0.0,linear_a_raw,1,s2-s6,0,svd+ransac,335,357,0,0,0,nan,nan,nan,0
baseline,0.0,linear_a_raw,1,s3-s4,1,svd,290,275,0,0,0,nan,nan,nan,0
baseline,0.0,linear_a_raw,1,s3-s4,1,svd+ransac,290,275,0,0,0,nan,nan,nan,0
baseline,0.0,linear_a_raw,1,s3-s5,1,svd,290,293,0,0,0,nan,nan,nan,0
baseline,0.0,linear_a_raw,1,s3-s5,1,svd+ransac,290,293,0,0,0,nan,nan,nan,0
baseline,0.0,linear_a_raw,1,s3-s6,0,svd,290,357,4,4,1,0.5015213727,0.2733556543,0.2715919379,1
baseline,0.0,linear_a_raw,1,s3-s6,0,svd+ransac,290,357,4,4,1,0.5015213727,0.2733556543,0.2715919379,1
baseline,0.0,linear_a_raw,1,s4-s5,1,svd,275,293,0,0,0,nan,nan,nan,0
baseline,0.0,linear_a_raw,1,s4-s5,1,svd+ransac,275,293,0,0,0,nan,nan,nan,0
baseline,0.0,linear_a_raw,1,s4-s6,1,svd,275,357,0,0,0,nan,nan,nan,0
baseline,0.0,linear_a_raw,1,s4-s6,1,svd+ransac,275,357,0,0,0,nan,nan,nan,0
baseline,0.0,linear_a_raw,1,s5-s6,1,svd,293,357,8,8,1,1.670365482,0.2259141152,0.2615331224,1
baseline,0.0,linear_a_raw,1,s5-s6,1,svd+ransac,293,357,8,8,1,3.947656715,0.07683980778,0.2635470507,0
baseline,0.0,linear_a_raw,2,s1-s2,1,svd,315,342,0,0,0,nan,nan,nan,0
baseline,0.0,linear_a_raw,2,s1-s2,1,svd+ransac,315,342,0,0,0,nan,nan,nan,0
baseline,0.0,linear_a_raw,2,s1-s3,1,svd,315,294,5,0,1,112.939789,17.31682711,19.10261541,0
baseline,0.0,linear_a_raw,2,s1-s3,1,svd+ransac,315,294,5,0,1,113.8096649,17.22598952,19.06589102,0
baseline,0.0,linear_a_raw,2,s1-s4,0,svd,315,267,0,0,0,nan,nan,nan,0
baseline,0.0,linear_a_raw,2,s1-s4,0,svd+ransac,315,267,0,0,0,nan,nan,nan,0
baseline,0.0,linear_a_raw,2,s1-s5,0,svd,315,289,5,0,1,126.8243577,55.99097475,56.60436795,0
baseline,0.0,linear_a_raw,2,s1-s5,0,svd+ransac,315,289,5,0,1,126.8243577,55.99097475,56.60436795,0
baseline,0.0,linear_a_raw,2,s1-s6,0,svd,315,366,0,0,0,nan,nan,nan,0
baseline,0.0,linear_a_raw,2,s1-s6,0,svd+ransac,315,366,0,0,0,nan,nan,nan,0
baseline,0.0,linear_a_raw,2,s2-s3,1,svd,342,294,0,0,0,nan,nan,nan,0
baseline,0.0,linear_a_raw,2,s2-s3,1,svd+ransac,342,294,0,0,0,nan,nan,nan,0
baseline,0.0,linear_a_raw,2,s2-s4,1,svd,342,267,0,0,0,nan,nan,nan,0
baseline,0.0,linear_a_raw,2,s2-s4,1,svd+ransac,342,267,0,0,0,nan,nan,nan,0
baseline,0.0,linear_a_raw,2,s2-s5,1,svd,342,289,5,5,1,2.84428394,0.2200746672,0.268975958,0
baseline,0.0,linear_a_raw,2,s2-s5,1,svd+ransac,342,289,5,5,1,2.84428394,0.2200746672,0.268975958,0
baseline,0.0,linear_a_raw,2,s2-s6,0,svd,342,366,3,0,1,103.7075991,56.2404271,56.32840407,0
baseline,0.0,linear_a_raw,2,s2-s6,0,svd+ransac,342,366,3,0,1,103.7075991,56.2404271,56.32840407,0
baseline,0.0,linear_a_raw,2,s3-s4,1,svd,294,267,4,0,1,77.67841188,22.3220857,22.87338549,0
baseline,0.0,linear_a_raw,2,s3-s4,1,svd+ransac,294,267,4,0,1,77.67841188,22.3220857,22.87338549,0
baseline,0.0,linear_a_raw,2,s3-s5,1,svd,294,289,0,0,0,nan,nan,nan,0
baseline,0.0,linear_a_raw,2,s3-s5,1,svd+ransac,294,289,0,0,0,nan,nan,nan,0
baseline,0.0,linear_a_raw,2,s3-s6,0,svd,294,366,0,0,0,nan,nan,nan,0
baseline,0.0,linear_a_raw,2,s3-s6,0,svd+ransac,294,366,0,0,0,nan,nan,nan,0
baseline,0.0,linear_a_raw,2,s4-s5,1,svd,267,289,0,0,0,nan,nan,nan,0
baseline,0.0,linear_a_raw,2,s4-s5,1,svd+ransac,267,289,0,0,0,nan,nan,nan,0
baseline,0.0,linear_a_raw,2,s4-s6,1,svd,267,366,0,0,0,nan,nan,nan,0
baseline,0.0,linear_a_raw,2,s4-s6,1,svd+ransac,267,366,0,0,0,nan,nan,nan,0
baseline,0.0,linear_a_raw,2,s5-s6,1,svd,289,366,6,5,1,0.9814292406,0.1329831352,0.1472284632,1
baseline,0.0,linear_a_raw,2,s5-s6,1,svd+ransac,289,366,6,5,1,0.9814292406,0.1329831352,0.1472284632,1
baseline,0.0,linear_a_raw,3,s1-s2,1,svd,319,354,0,0,0,nan,nan,nan,0
baseline,0.0,linear_a_raw,3,s1-s2,1,svd+ransac,319,354,0,0,0,nan,nan,nan,0
baseline,0.0,linear_a_raw,3,s1-s3,1,svd,319,305,0,0,0,nan,nan,nan,0
baseline,0.0,linear_a_raw,3,s1-s3,1,svd+ransac,319,305,0,0,0,nan,nan,nan,0
baseline,0.0,linear_a_raw,3,s1-s4,0,svd,319,264,0,0,0,nan,nan,nan,0
baseline,0.0,linear_a_raw,3,s1-s4,0,svd+ransac,319,264,0,0,0,nan,nan,nan,0
baseline,0.0,linear_a_raw,3,s1-s5,0,svd,319,295,3,0,1,121.5761546,17.0150509,19.07213738,0
baseline,0.0,linear_a_raw,3,s1-s5,0,svd+ransac,319,295,3,0,1,121.5761546,17.0150509,19.07213738,0
baseline,0.0,linear_a_raw,3,s1-s6,0,svd,319,364,0,0,0,nan,nan,nan,0
baseline,0.0,linear_a_raw,3,s1-s6,0,svd+ransac,319,364,0,0,0,nan,nan,nan,0
baseline,0.0,linear_a_raw,3,s2-s3,1,svd,354,305,7,7,1,0.4288008454,0.06702166989,0.07295699054,1
baseline,0.0,linear_a_raw,3,s2-s3,1,svd+ransac,354,305,7,7,1,0.4288008454,0.06702166989,0.07295699054,1
baseline,0.0,linear_a_raw,3,s2-s4,1,svd,354,264,0,0,0,nan,nan,nan,0
baseline,0.0,linear_a_raw,3,s2-s4,1,svd+ransac,354,264,0,0,0,nan,nan,nan,0
baseline,0.0,linear_a_raw,3,s2-s5,1,svd,354,295,0,0,0,nan,nan,nan,0
baseline,0.0,linear_a_raw,3,s2-s5,1,svd+ransac,354,295,0,0,0,nan,nan,nan,0
baseline,0.0,linear_a_raw,3,s2-s6,0,svd,354,364,3,0,1,122.0589732,38.86750844,40.60346879,0
baseline,0.0,linear_a_raw,3,s2-s6,0,svd+ransac,354,364,3,0,1,122.0589732,38.86750844,40.60346879,0
baseline,0.0,linear_a_raw,3,s3-s4,1,svd,305,264,0,0,0,nan,nan,nan,0
baseline,0.0,linear_a_raw,3,s3-s4,1,svd+ransac,305,264,0,0,0,nan,nan,nan,0
baseline,0.0,linear_a_raw,3,s3-s5,1,svd,305,295,0,0,0,nan,nan,nan,0
baseline,0.0,linear_a_raw,3,s3-s5,1,svd+ransac,305,295,0,0,0,nan,nan,nan,0
baseline,0.0,linear_a_raw,3,s3-s6,0,svd,305,364,0,0,0,nan,nan,nan,0
baseline,0.0,linear_a_raw,3,s3-s6,0,svd+ransac,305,364,0,0,0,nan,nan,nan,0
baseline,0.0,linear_a_raw,3,s4-s5,1,svd,264,295,3,3,1,0.3179688944,0.05007407607,0.05460405505,1
baseline,0.0,linear_a_raw,3,s4-s5,1,svd+ransac,264,295,3,3,1,0.3179688944,0.05007407607,0.05460405505,1
baseline,0.0,linear_a_raw,3,s4-s6,1,svd,264,364,8,7,1,1.79507963,0.3400000733,0.3637450276,1
baseline,0.0,linear_a_raw,3,s4-s6,1,svd+ransac,264,364,8,7,1,0.6546717637,0.1486965332,0.1621440726,1
baseline,0.0,linear_a_raw,3,s5-s6,1,svd,295,364,1,1,0,nan,nan,nan,0
baseline,0.0,linear_a_raw,3,s5-s6,1,svd+ransac,295,364,1,1,0,nan,nan,nan,0
baseline,0.0,linear_a_raw,4,s1-s2,1,svd,309,342,4,0,1,91.12410334,12.17006949,14.62622171,0
baseline,0.0,linear_a_raw,4,s1-s2,1,svd+ransac,309,342,4,0,1,90.91409157,12.32288371,14.69446223,0
baseline,0.0,linear_a_raw,4,s1-s3,1,svd,309,300,0,0,0,nan,nan,nan,0
baseline,0.0,linear_a_raw,4,s1-s3,1,svd+ransac,309,300,0,0,0,nan,nan,nan,0
baseline,0.0,linear_a_raw,4,s1-s4,0,svd,309,264,0,0,0,nan,nan,nan,0
baseline,0.0,linear_a_raw,4,s1-s4,0,svd+ransac,309,264,0,0,0,nan,nan,nan,0
baseline,0.0,linear_a_raw,4,s1-s5,0,svd,309,280,5,0,1,9.615044219,25.54412649,25.5054502,0
baseline,0.0,linear_a_raw,4,s1-s5,0,svd+ransac,309,280,5,0,1,9.615044219,25.54412649,25.5054502,0
baseline,0.0,linear_a_raw,4,s1-s6,0,svd,309,363,4,0,1,83.45373908,18.56977583,19.6885129,0
baseline,0.0,linear_a_raw,4,s1-s6,0,svd+ransac,309,363,4,0,1,83.19660917,18.28292621,19.44745395,0
baseline,0.0,linear_a_raw,4,s2-s3,1,svd,342,300,0,0,0,nan,nan,nan,0
baseline,0.0,linear_a_raw,4,s2-s3,1,svd+ransac,342,300,0,0,0,nan,nan,nan,0
baseline,0.0,linear_a_raw,4,s2-s4,1,svd,342,264,3,0,1,121.7915428,20.93507306,22.77642743,0
baseline,0.0,linear_a_raw,4,s2-s4,1,svd+ransac,342,264,3,0,1,121.7915428,20.93507306,22.77642743,0
baseline,0.0,linear_a_raw,4,s2-s5,1,svd,342,280,3,0,1,65.55660312,15.14794278,16.53406398,0
baseline,0.0,linear_a_raw,4,s2-s5,1,svd+ransac,342,280,3,0,1,65.55660312,15.14794278,16.53406398,0
baseline,0.0,linear_a_raw,4,s2-s6,0,svd,342,363,0,0,0,nan,nan,nan,0
baseline,0.0,linear_a_raw,4,s2-s6,0,svd+ransac,342,363,0,0,0,nan,nan,nan,0
baseline,0.0,linear_a_raw,4,s3-s4,1,svd,300,264,7,7,1,0.7651275406,0.3414898847,0.3402376505,1
baseline,0.0,linear_a_raw,4,s3-s4,1,svd+ransac,300,264,7,7,1,0.7651275406,0.3414898847,0.3402376505,1
baseline,0.0,linear_a_raw,4,s3-s5,1,svd,300,280,10,10,1,0.6321783405,0.2141555231,0.2151990608,1
baseline,0.0,linear_a_raw,4,s3-s5,1,svd+ransac,300,280,10,10,1,0.1118927354,0.07952990099,0.0794214581,1
baseline,0.0,linear_a_raw,4,s3-s6,0,svd,300,363,3,0,1,15.84753004,21.48322899,21.57066372,0
baseline,0.0,linear_a_raw,4,s3-s6,0,svd+ransac,300,363,3,0,1,15.84753004,21.48322899,21.57066372,0
baseline,0.0,linear_a_raw,4,s4-s5,1,svd,264,280,0,0,0,nan,nan,nan,0
baseline,0.0,linear_a_raw,4,s4-s5,1,svd+ransac,264,280,0,0,0,nan,nan,nan,0
baseline,0.0,linear_a_raw,4,s4-s6,1,svd,264,363,0,0,0,nan,nan,nan,0
baseline,0.0,linear_a_raw,4,s4-s6,1,svd+ransac,264,363,0,0,0,nan,nan,nan,0
baseline,0.0,linear_a_raw,4,s5-s6,1,svd,280,363,12,12,1,0.07717776317,0.04125051363,0.0421177993,1
baseline,0.0,linear_a_raw,4,s5-s6,1,svd+ransac,280,363,12,12,1,0.07717776317,0.04125051363,0.0421177993,1
baseline,0.0,linear_a_raw,5,s1-s2,1,svd,310,348,3,0,1,103.8524899,10.38339535,13.04224079,0
baseline,0.0,linear_a_raw,5,s1-s2,1,svd+ransac,310,348,3,0,1,103.8524899,10.38339535,13.04224079,0
baseline,0.0,linear_a_raw,5,s1-s3,1,svd,310,288,3,0,1,96.50777141,19.81656868,21.26359207,0
baseline,0.0,linear_a_raw,5,s1-s3,1,svd+ransac,310,288,3,0,1,96.50777141,19.81656868,21.26359207,0
baseline,0.0,linear_a_raw,5,s1-s4,0,svd,310,274,0,0,0,nan,nan,nan,0
baseline,0.0,linear_a_raw,5,s1-s4,0,svd+ransac,310,274,0,0,0,nan,nan,nan,0
baseline,0.0,linear_a_raw,5,s1-s5,0,svd,310,291,0,0,0,nan,nan,nan,0
baseline,0.0,linear_a_raw,5,s1-s5,0,svd+ransac,310,291,0,0,0,nan,nan,nan,0
baseline,0.0,linear_a_raw,5,s1-s6,0,svd,310,359,0,0,0,nan,nan,nan,0
baseline,0.0,linear_a_raw,5,s1-s6,0,svd+ransac,310,359,0,0,0,nan,nan,nan,0
baseline,0.0,linear_a_raw,5,s2-s3,1,svd,348,288,4,4,1,0.8843446123,0.1417643292,0.1510328502,1
baseline,0.0,linear_a_raw,5,s2-s3,1,svd+ransac,348,288,4,4,1,0.8843446123,0.1417643292,0.1510328502,1
baseline,0.0,linear_a_raw,5,s2-s4,1,svd,348,274,0,0,0,nan,nan,nan,0
baseline,0.0,linear_a_raw,5,s2-s4,1,svd+ransac,348,274,0,0,0,nan,nan,nan,0
baseline,0.0,linear_a_raw,5,s2-s5,1,svd,348,291,7,7,1,1.940970579,0.06423259676,0.1330376654,1
baseline,0.0,linear_a_raw,5,s2-s5,1,svd+ransac,348,291,7,7,1,2.00250467,0.05050245269,0.1330209627,0
baseline,0.0,linear_a_raw,5,s2-s6,0,svd,348,359,3,0,1,27.87575657,12.74930848,12.82131339,0
baseline,0.0,linear_a_raw,5,s2-s6,0,svd+ransac,348,359,3,0,1,27.87575657,12.74930848,12.82131339,0
baseline,0.0,linear_a_raw,5,s3-s4,1,svd,288,274,0,0,0,nan,nan,nan,0
baseline,0.0,linear_a_raw,5,s3-s4,1,svd+ransac,288,274,0,0,0,nan,nan,nan,0
baseline,0.0,linear_a_raw,5,s3-s5,1,svd,288,291,0,0,0,nan,nan,nan,0
baseline,0.0,linear_a_raw,5,s3-s5,1,svd+ransac,288,291,0,0,0,nan,nan,nan,0
baseline,0.0,linear_a_raw,5,s3-s6,0,svd,288,359,3,0,1,67.18816166,65.73781864,65.79067881,0
baseline,0.0,linear_a_raw,5,s3-s6,0,svd+ransac,288,359,3,0,0,nan,nan,nan,0
baseline,0.0,linear_a_raw,5,s4-s5,1,svd,274,291,0,0,0,nan,nan,nan,0
baseline,0.0,linear_a_raw,5,s4-s5,1,svd+ransac,274,291,0,0,0,nan,nan,nan,0
baseline,0.0,linear_a_raw,5,s4-s6,1,svd,274,359,5,5,1,0.197273327,0.07368166634,0.0759637406,1
baseline,0.0,linear_a_raw,5,s4-s6,1,svd+ransac,274,359,5,5,1,0.197273327,0.07368166634,0.0759637406,1
baseline,0.0,linear_a_raw,5,s5-s6,1,svd,291,359,1,1,0,nan,nan,nan,0
baseline,0.0,linear_a_raw,5,s5-s6,1,svd+ransac,291,359,1,1,0,nan,nan,nan,0
baseline,0.0,linear_a_raw,6,s1-s2,1,svd,313,344,0,0,0,nan,nan,nan,0
baseline,0.0,linear_a_raw,6,s1-s2,1,svd+ransac,313,344,0,0,0,nan,nan,nan,0
baseline,0.0,linear_a_raw,6,s1-s3,1,svd,313,298,0,0,0,nan,nan,nan,0
baseline,0.0,linear_a_raw,6,s1-s3,1,svd+ransac,313,298,0,0,0,nan,nan,nan,0
baseline,0.0,linear_a_raw,6,s1-s4,0,svd,313,274,4,0,1,153.9810385,27.72418065,29.34349606,0
baseline,0.0,linear_a_raw,6,s1-s4,0,svd+ransac,313,274,4,0,1,153.9810385,27.72418065,29.34349606,0
baseline,0.0,linear_a_raw,6,s1-s5,0,svd,313,300,0,0,0,nan,nan,nan,0
baseline,0.0,linear_a_raw,6,s1-s5,0,svd+ransac,313,300,0,0,0,nan,nan,nan,0
baseline,0.0,linear_a_raw,6,s1-s6,0,svd,313,381,0,0,0,nan,nan,nan,0
baseline,0.0,linear_a_raw,6,s1-s6,0,svd+ransac,313,381,0,0,0,nan,nan,nan,0
baseline,0.0,linear_a_raw,6,s2-s3,1,svd,344,298,0,0,0,nan,nan,nan,0
baseline,0.0,linear_a_raw,6,s2-s3,1,svd+ransac,344,298,0,0,0,nan,nan,nan,0
baseline,0.0,linear_a_raw,6,s2-s4,1,svd,344,274,0,0,0,nan,nan,nan,0
baseline,0.0,linear_a_raw,6,s2-s4,1,svd+ransac,344,274,0,0,0,nan,nan,nan,0
baseline,0.0,linear_a_raw,6,s2-s5,1,svd,344,300,0,0,0,nan,nan,nan,0
baseline,0.0,linear_a_raw,6,s2-s5,1,svd+ransac,344,300,0,0,0,nan,nan,nan,0
baseline,0.0,linear_a_raw,6,s2-s6,0,svd,344,381,0,0,0,nan,nan,nan,0
baseline,0.0,linear_a_raw,6,s2-s6,0,svd+ransac,344,381,0,0,0,nan,nan,nan,0
baseline,0.0,linear_a_raw,6,s3-s4,1,svd,298,274,0,0,0,nan,nan,nan,0
baseline,0.0,linear_a_raw,6,s3-s4,1,svd+ransac,298,274,0,0,0,nan,nan,nan,0
baseline,0.0,linear_a_raw,6,s3-s5,1,svd,298,300,0,0,0,nan,nan,nan,0
baseline,0.0,linear_a_raw,6,s3-s5,1,svd+ransac,298,300,0,0,0,nan,nan,nan,0
baseline,0.0,linear_a_raw,6,s3-s6,0,svd,298,381,0,0,0,nan,nan,nan,0
baseline,0.0,linear_a_raw,6,s3-s6,0,svd+ransac,298,381,0,0,0,nan,nan,nan,0
baseline,0.0,linear_a_raw,6,s4-s5,1,svd,274,300,9,9,1,0.2041552132,0.06298857775,0.06504129982,1
baseline,0.0,linear_a_raw,6,s4-s5,1,svd+ransac,274,300,9,9,1,0.2041552132,0.06298857775,0.06504129982,1
baseline,0.0,linear_a_raw,6,s4-s6,1,svd,274,381,4,4,1,1.326680237,0.1326825533,0.161647946,1
baseline,0.0,linear_a_raw,6,s4-s6,1,svd+ransac,274,381,4,4,1,1.326680237,0.1326825533,0.161647946,1
baseline,0.0,linear_a_raw,6,s5-s6,1,svd,300,381,14,14,1,0.7688985928,0.09240552124,0.1083951663,1
baseline,0.0,linear_a_raw,6,s5-s6,1,svd+ransac,300,381,14,14,1,0.5563855541,0.09327970027,0.103537198,1
baseline,0.0,linear_a_raw,7,s1-s2,1,svd,314,362,0,0,0,nan,nan,nan,0
baseline,0.0,linear_a_raw,7,s1-s2,1,svd+ransac,314,362,0,0,0,nan,nan,nan,0
baseline,0.0,linear_a_raw,7,s1-s3,1,svd,314,289,3,0,1,2.482084144,5.485055007,5.485357758,0
baseline,0.0,linear_a_raw,7,s1-s3,1,svd+ransac,314,289,3,0,1,2.482084144,5.485055007,5.485357758,0
baseline,0.0,linear_a_raw,7,s1-s4,0,svd,314,292,0,0,0,nan,nan,nan,0
baseline,0.0,linear_a_raw,7,s1-s4,0,svd+ransac,314,292,0,0,0,nan,nan,nan,0
baseline,0.0,linear_a_raw,7,s1-s5,0,svd,314,289,0,0,0,nan,nan,nan,0
baseline,0.0,linear_a_raw,7,s1-s5,0,svd+ransac,314,289,0,0,0,nan,nan,nan,0
baseline,0.0,linear_a_raw,7,s1-s6,0,svd,314,360,3,0,1,74.67876106,26.42833113,26.9526805,0
baseline,0.0,linear_a_raw,7,s1-s6,0,svd+ransac,314,360,3,0,1,74.67876106,26.42833113,26.9526805,0
baseline,0.0,linear_a_raw,7,s2-s3,1,svd,362,289,6,2,1,1.567403732,0.4778070427,0.4877194532,1
baseline,0.0,linear_a_raw,7,s2-s3,1,svd+ransac,362,289,6,2,1,1.386678956,0.4398067583,0.457047637,1
baseline,0.0,linear_a_raw,7,s2-s4,1,svd,362,292,0,0,0,nan,nan,nan,0
baseline,0.0,linear_a_raw,7,s2-s4,1,svd+ransac,362,292,0,0,0,nan,nan,nan,0
baseline,0.0,linear_a_raw,7,s2-s5,1,svd,362,289,0,0,0,nan,nan,nan,0
baseline,0.0,linear_a_raw,7,s2-s5,1,svd+ransac,362,289,0,0,0,nan,nan,nan,0
baseline,0.0,linear_a_raw,7,s2-s6,0,svd,362,360,0,0,0,nan,nan,nan,0
baseline,0.0,linear_a_raw,7,s2-s6,0,svd+ransac,362,360,0,0,0,nan,nan,nan,0
baseline,0.0,linear_a_raw,7,s3-s4,1,svd,289,292,0,0,0,nan,nan,nan,0
baseline,0.0,linear_a_raw,7,s3-s4,1,svd+ransac,289,292,0,0,0,nan,nan,nan,0
baseline,0.0,linear_a_raw,7,s3-s5,1,svd,289,289,6,5,1,1.139505909,0.4838942697,0.4915789093,1
baseline,0.0,linear_a_raw,7,s3-s5,1,svd+ransac,289,289,6,5,1,5.725077945,1.13469474,1.273703042,0
baseline,0.0,linear_a_raw,7,s3-s6,0,svd,289,360,0,0,0,nan,nan,nan,0
baseline,0.0,linear_a_raw,7,s3-s6,0,svd+ransac,289,360,0,0,0,nan,nan,nan,0
baseline,0.0,linear_a_raw,7,s4-s5,1,svd,292,289,8,8,1,0.1283705216,0.02814695461,0.02983428753,1
baseline,0.0,linear_a_raw,7,s4-s5,1,svd+ransac,292,289,8,8,1,0.1283705216,0.02814695461,0.02983428753,1
baseline,0.0,linear_a_raw,7,s4-s6,1,svd,292,360,3,0,1,48.76471918,36.90530893,37.29649411,0
baseline,0.0,linear_a_raw,7,s4-s6,1,svd+ransac,292,360,3,0,1,48.76471918,36.90530893,37.29649411,0
baseline,0.0,linear_a_raw,7,s5-s6,1,svd,289,360,16,16,1,0.7667521687,0.07888131958,0.08874781304,1
baseline,0.0,linear_a_raw,7,s5-s6,1,svd+ransac,289,360,16,16,1,0.7667521687,0.07888131958,0.08874781304,1
baseline,0.0,linear_a_raw,8,s1-s2,1,svd,303,346,5,5,1,1.145221926,0.1018611465,0.1294839676,1
baseline,0.0,linear_a_raw,8,s1-s2,1,svd+ransac,303,346,5,5,1,1.145221926,0.1018611465,0.1294839676,1
baseline,0.0,linear_a_raw,8,s1-s3,1,svd,303,308,0,0,0,nan,nan,nan,0
baseline,0.0,linear_a_raw,8,s1-s3,1,svd+ransac,303,308,0,0,0,nan,nan,nan,0
baseline,0.0,linear_a_raw,8,s1-s4,0,svd,303,252,3,0,1,62.50801082,18.76584227,19.80930607,0
baseline,0.0,linear_a_raw,8,s1-s4,0,svd+ransac,303,252,3,0,1,62.50801082,18.76584227,19.80930607,0
baseline,0.0,linear_a_raw,8,s1-s5,0,svd,303,297,0,0,0,nan,nan,nan,0
baseline,0.0,linear_a_raw,8,s1-s5,0,svd+ransac,303,297,0,0,0,nan,nan,nan,0
baseline,0.0,linear_a_raw,8,s1-s6,0,svd,303,350,3,0,1,172.7939738,40.61423821,41.78171379,0
baseline,0.0,linear_a_raw,8,s1-s6,0,svd+ransac,303,350,3,0,1,172.7939738,40.61423821,41.78171379,0
baseline,0.0,linear_a_raw,8,s2-s3,1,svd,346,308,3,0,1,138.0372915,37.60331281,38.71741486,0
baseline,0.0,linear_a_raw,8,s2-s3,1,svd+ransac,346,308,3,0,1,138.0372915,37.60331281,38.71741486,0
baseline,0.0,linear_a_raw,8,s2-s4,1,svd,346,252,5,5,1,0.592466788,0.08865856008,0.09988536158,1
baseline,0.0,linear_a_raw,8,s2-s4,1,svd+ransac,346,252,5,5,1,0.592466788,0.08865856008,0.09988536158,1
baseline,0.0,linear_a_raw,8,s2-s5,1,svd,346,297,6,6,1,1.526936596,0.1376686692,0.1646121253,1
baseline,0.0,linear_a_raw,8,s2-s5,1,svd+ransac,346,297,6,6,1,1.526936596,0.1376686692,0.1646121253,1
baseline,0.0,linear_a_raw,8,s2-s6,0,svd,346,350,0,0,0,nan,nan,nan,0
baseline,0.0,linear_a_raw,8,s2-s6,0,svd+ransac,346,350,0,0,0,nan,nan,nan,0
baseline,0.0,linear_a_raw,8,s3-s4,1,svd,308,252,0,0,0,nan,nan,nan,0
baseline,0.0,linear_a_raw,8,s3-s4,1,svd+ransac,308,252,0,0,0,nan,nan,nan,0
baseline,0.0,linear_a_raw,8,s3-s5,1,svd,308,297,3,0,1,93.88757396,9.389317458,12.26199127,0
baseline,0.0,linear_a_raw,8,s3-s5,1,svd+ransac,308,297,3,0,1,93.88757396,9.389317458,12.26199127,0
baseline,0.0,linear_a_raw,8,s3-s6,0,svd,308,350,10,10,1,0.5791809048,0.044570791,0.05649046999,1
baseline,0.0,linear_a_raw,8,s3-s6,0,svd+ransac,308,350,10,10,1,0.5791809048,0.044570791,0.05649046999,1
baseline,0.0,linear_a_raw,8,s4-s5,1,svd,252,297,0,0,0,nan,nan,nan,0
baseline,0.0,linear_a_raw,8,s4-s5,1,svd+ransac,252,297,0,0,0,nan,nan,nan,0
baseline,0.0,linear_a_raw,8,s4-s6,1,svd,252,350,10,10,1,0.3046625194,0.0798976812,0.0856799444,1
baseline,0.0,linear_a_raw,8,s4-s6,1,svd+ransac,252,350,10,10,1,0.3046625194,0.0798976812,0.0856799444,1
baseline,0.0,linear_a_raw,8,s5-s6,1,svd,297,350,14,13,1,0.380717385,0.07642994231,0.08187842314,1
baseline,0.0,linear_a_raw,8,s5-s6,1,svd+ransac,297,350,14,13,1,0.380717385,0.07642994231,0.08187842314,1
baseline,0.0,linear_a_raw,9,s1-s2,1,svd,305,354,3,0,1,91.40092083,12.0751842,13.98476406,0
baseline,0.0,linear_a_raw,9,s1-s2,1,svd+ransac,305,354,3,0,1,91.40092083,12.0751842,13.98476406,0
baseline,0.0,linear_a_raw,9,s1-s3,1,svd,305,306,0,0,0,nan,nan,nan,0
baseline,0.0,linear_a_raw,9,s1-s3,1,svd+ransac,305,306,0,0,0,nan,nan,nan,0
baseline,0.0,linear_a_raw,9,s1-s4,0,svd,305,282,3,0,1,132.5935853,31.77233195,32.61722545,0
baseline,0.0,linear_a_raw,9,s1-s4,0,svd+ransac,305,282,3,0,1,132.5935853,31.77233195,32.61722545,0
baseline,0.0,linear_a_raw,9,s1-s5,0,svd,305,304,0,0,0,nan,nan,nan,0
baseline,0.0,linear_a_raw,9,s1-s5,0,svd+ransac,305,304,0,0,0,nan,nan,nan,0
baseline,0.0,linear_a_raw,9,s1-s6,0,svd,305,371,0,0,0,nan,nan,nan,0
baseline,0.0,linear_a_raw,9,s1-s6,0,svd+ransac,305,371,0,0,0,nan,nan,nan,0
baseline,0.0,linear_a_raw,9,s2-s3,1,svd,354,306,10,10,1,0.1673091535,0.0116930841,0.01596522511,1
baseline,0.0,linear_a_raw,9,s2-s3,1,svd+ransac,354,306,10,10,1,0.1673091535,0.0116930841,0.01596522511,1
baseline,0.0,linear_a_raw,9,s2-s4,1,svd,354,282,0,0,0,nan,nan,nan,0
baseline,0.0,linear_a_raw,9,s2-s4,1,svd+ransac,354,282,0,0,0,nan,nan,nan,0
baseline,0.0,linear_a_raw,9,s2-s5,1,svd,354,304,0,0,0,nan,nan,nan,0
baseline,0.0,linear_a_raw,9,s2-s5,1,svd+ransac,354,304,0,0,0,nan,nan,nan,0
baseline,0.0,linear_a_raw,9,s2-s6,0,svd,354,371,3,0,1,116.6840149,24.90538185,26.15499769,0
baseline,0.0,linear_a_raw,9,s2-s6,0,svd+ransac,354,371,3,0,0,nan,nan,nan,0
baseline,0.0,linear_a_raw,9,s3-s4,1,svd,306,282,0,0,0,nan,nan,nan,0
baseline,0.0,linear_a_raw,9,s3-s4,1,svd+ransac,306,282,0,0,0,nan,nan,nan,0
baseline,0.0,linear_a_raw,9,s3-s5,1,svd,306,304,0,0,0,nan,nan,nan,0
baseline,0.0,linear_a_raw,9,s3-s5,1,svd+ransac,306,304,0,0,0,nan,nan,nan,0
baseline,0.0,linear_a_raw,9,s3-s6,0,svd,306,371,0,0,0,nan,nan,nan,0
baseline,0.0,linear_a_raw,9,s3-s6,0,svd+ransac,306,371,0,0,0,nan,nan,nan,0
baseline,0.0,linear_a_raw,9,s4-s5,1,svd,282,304,8,8,1,0.3528151429,0.1348452332,0.1380412832,1
baseline,0.0,linear_a_raw,9,s4-s5,1,svd+ransac,282,304,8,8,1,0.3528151429,0.1348452332,0.1380412832,1
baseline,0.0,linear_a_raw,9,s4-s6,1,svd,282,371,0,0,0,nan,nan,nan,0
baseline,0.0,linear_a_raw,9,s4-s6,1,svd+ransac,282,371,0,0,0,nan,nan,nan,0
baseline,0.0,linear_a_raw,9,s5-s6,1,svd,304,371,2,2,0,nan,nan,nan,0
baseline,0.0,linear_a_raw,9,s5-s6,1,svd+ransac,304,371,2,2,0,nan,nan,nan,0
baseline,0.0,linear_a_raw,10,s1-s2,1,svd,322,338,4,0,1,145.8637017,24.03680385,25.82541222,0
baseline,0.0,linear_a_raw,10,s1-s2,1,svd+ransac,322,338,4,0,1,146.9093924,24.19481961,26.03178265,0
baseline,0.0,linear_a_raw,10,s1-s3,1,svd,322,285,0,0,0,nan,nan,nan,0
baseline,0.0,linear_a_raw,10,s1-s3,1,svd+ransac,322,285,0,0,0,nan,nan,nan,0
baseline,0.0,linear_a_raw,10,s1-s4,0,svd,322,275,3,0,1,28.65134702,41.49657375,41.74663391,0
baseline,0.0,linear_a_raw,10,s1-s4,0,svd+ransac,322,275,3,0,1,28.65134702,41.49657375,41.74663391,0
baseline,0.0,linear_a_raw,10,s1-s5,0,svd,322,287,3,0,1,128.0122551,27.46207807,28.85946973,0
baseline,0.0,linear_a_raw,10,s1-s5,0,svd+ransac,322,287,3,0,1,128.0122551,27.46207807,28.85946973,0
baseline,0.0,linear_a_raw,10,s1-s6,0,svd,322,355,0,0,0,nan,nan,nan,0
baseline,0.0,linear_a_raw,10,s1-s6,0,svd+ransac,322,355,0,0,0,nan,nan,nan,0
baseline,0.0,linear_a_raw,10,s2-s3,1,svd,338,285,6,6,1,0.310641631,0.08374126302,0.08993339556,1
baseline,0.0,linear_a_raw,10,s2-s3,1,svd+ransac,338,285,6,6,1,0.310641631,0.08374126302,0.08993339556,1
baseline,0.0,linear_a_raw,10,s2-s4,1,svd,338,275,4,0,1,96.46261603,18.40175613,20.62804453,0
baseline,0.0,linear_a_raw,10,s2-s4,1,svd+ransac,338,275,4,0,1,96.20767585,18.6255096,20.9001372,0
baseline,0.0,linear_a_raw,10,s2-s5,1,svd,338,287,0,0,0,nan,nan,nan,0
baseline,0.0,linear_a_raw,10,s2-s5,1,svd+ransac,338,287,0,0,0,nan,nan,nan,0
baseline,0.0,linear_a_raw,10,s2-s6,0,svd,338,355,0,0,0,nan,nan,nan,0
baseline,0.0,linear_a_raw,10,s2-s6,0,svd+ransac,338,355,0,0,0,nan,nan,nan,0
baseline,0.0,linear_a_raw,10,s3-s4,1,svd,285,275,3,0,1,106.4352437,32.66731643,33.43397359,0
baseline,0.0,linear_a_raw,10,s3-s4,1,svd+ransac,285,275,3,0,1,106.4352437,32.66731643,33.43397359,0
baseline,0.0,linear_a_raw,10,s3-s5,1,svd,285,287,0,0,0,nan,nan,nan,0
baseline,0.0,linear_a_raw,10,s3-s5,1,svd+ransac,285,287,0,0,0,nan,nan,nan,0
baseline,0.0,linear_a_raw,10,s3-s6,0,svd,285,355,0,0,0,nan,nan,nan,0
baseline,0.0,linear_a_raw,10,s3-s6,0,svd+ransac,285,355,0,0,0,nan,nan,nan,0
baseline,0.0,linear_a_raw,10,s4-s5,1,svd,275,287,9,8,1,0.3453996574,0.1389642331,0.141167288,1
baseline,0.0,linear_a_raw,10,s4-s5,1,svd+ransac,275,287,9,8,1,0.3453996574,0.1389642331,0.141167288,1
baseline,0.0,linear_a_raw,10,s4-s6,1,svd,275,355,0,0,0,nan,nan,nan,0
baseline,0.0,linear_a_raw,10,s4-s6,1,svd+ransac,275,355,0,0,0,nan,nan,nan,0
baseline,0.0,linear_a_raw,10,s5-s6,1,svd,287,355,17,17,1,0.4831285036,0.03830688231,0.05707493567,1
baseline,0.0,linear_a_raw,10,s5-s6,1,svd+ransac,287,355,17,17,1,0.4481265541,0.03591795067,0.05103448466,1
baseline,0.0,linear_mid_raw,1,s1-s2,1,svd,293,338,0,0,0,nan,nan,nan,0
baseline,0.0,linear_mid_raw,1,s1-s2,1,svd+ransac,293,338,0,0,0,nan,nan,nan,0
baseline,0.0,linear_mid_raw,1,s1-s3,1,svd,293,277,0,0,0,nan,nan,nan,0
baseline,0.0,linear_mid_raw,1,s1-s3,1,svd+ransac,293,277,0,0,0,nan,nan,nan,0
baseline,0.0,linear_mid_raw,1,s1-s4,0,svd,293,262,0,0,0,nan,nan,nan,0
baseline,0.0,linear_mid_raw,1,s1-s4,0,svd+ransac,293,262,0,0,0,nan,nan,nan,0
baseline,0.0,linear_mid_raw,1,s1-s5,0,svd,293,293,0,0,0,nan,nan,nan,0
baseline,0.0,linear_mid_raw,1,s1-s5,0,svd+ransac,293,293,0,0,0,nan,nan,nan,0
baseline,0.0,linear_mid_raw,1,s1-s6,0,svd,293,360,0,0,0,nan,nan,nan,0
baseline,0.0,linear_mid_raw,1,s1-s6,0,svd+ransac,293,360,0,0,0,nan,nan,nan,0
baseline,0.0,linear_mid_raw,1,s2-s3,1,svd,338,277,9,8,1,0.2983100559,0.06059352418,0.06335661955,1
baseline,0.0,linear_mid_raw,1,s2-s3,1,svd+ransac,338,277,9,8,1,0.2983100559,0.06059352418,0.06335661955,1
baseline,0.0,linear_mid_raw,1,s2-s4,1,svd,338,262,0,0,0,nan,nan,nan,0
baseline,0.0,linear_mid_raw,1,s2-s4,1,svd+ransac,338,262,0,0,0,nan,nan,nan,0
baseline,0.0,linear_mid_raw,1,s2-s5,1,svd,338,293,4,0,1,172.1657788,31.09773883,32.64005809,0
baseline,0.0,linear_mid_raw,1,s2-s5,1,svd+ransac,338,293,4,0,1,171.1634094,31.41518707,32.79931139,0
baseline,0.0,linear_mid_raw,1,s2-s6,0,svd,338,360,0,0,0,nan,nan,nan,0
baseline,0.0,linear_mid_raw,1,s2-s6,0,svd+ransac,338,360,0,0,0,nan,nan,nan,0
baseline,0.0,linear_mid_raw,1,s3-s4,1,svd,277,262,0,0,0,nan,nan,nan,0
baseline,0.0,linear_mid_raw,1,s3-s4,1,svd+ransac,277,262,0,0,0,nan,nan,nan,0
baseline,0.0,linear_mid_raw,1,s3-s5,1,svd,277,293,0,0,0,nan,nan,nan,0
baseline,0.0,linear_mid_raw,1,s3-s5,1,svd+ransac,277,293,0,0,0,nan,nan,nan,0
baseline,0.0,linear_mid_raw,1,s3-s6,0,svd,277,360,0,0,0,nan,nan,nan,0
baseline,0.0,linear_mid_raw,1,s3-s6,0,svd+ransac,277,360,0,0,0,nan,nan,nan,0
baseline,0.0,linear_mid_raw,1,s4-s5,1,svd,262,293,0,0,0,nan,nan,nan,0
baseline,0.0,linear_mid_raw,1,s4-s5,1,svd+ransac,262,293,0,0,0,nan,nan,nan,0
baseline,0.0,linear_mid_raw,1,s4-s6,1,svd,262,360,0,0,0,nan,nan,nan,0
baseline,0.0,linear_mid_raw,1,s4-s6,1,svd+ransac,262,360,0,0,0,nan,nan,nan,0
baseline,0.0,linear_mid_raw,1,s5-s6,1,svd,293,360,9,9,1,1.647661672,0.2489504461,0.2810010982,1
baseline,0.0,linear_mid_raw,1,s5-s6,1,svd+ransac,293,360,9,9,1,1.910568603,0.3836959519,0.4011350841,1
baseline,0.0,linear_mid_raw,2,s1-s2,1,svd,301,335,5,5,1,0.9195339889,0.1037060375,0.1223184034,1
baseline,0.0,linear_mid_raw,2,s1-s2,1,svd+ransac,301,335,5,5,1,0.9195339889,0.1037060375,0.1223184034,1
baseline,0.0,linear_mid_raw,2,s1-s3,1,svd,301,297,0,0,0,nan,nan,nan,0
baseline,0.0,linear_mid_raw,2,s1-s3,1,svd+ransac,301,297,0,0,0,nan,nan,nan,0
baseline,0.0,linear_mid_raw,2,s1-s4,0,svd,301,274,0,0,0,nan,nan,nan,0
baseline,0.0,linear_mid_raw,2,s1-s4,0,svd+ransac,301,274,0,0,0,nan,nan,nan,0
baseline,0.0,linear_mid_raw,2,s1-s5,0,svd,301,285,3,0,1,134.7525069,8.046614027,12.3785747,0
baseline,0.0,linear_mid_raw,2,s1-s5,0,svd+ransac,301,285,3,0,1,134.7525069,8.046614027,12.3785747,0
baseline,0.0,linear_mid_raw,2,s1-s6,0,svd,301,363,0,0,0,nan,nan,nan,0
baseline,0.0,linear_mid_raw,2,s1-s6,0,svd+ransac,301,363,0,0,0,nan,nan,nan,0
baseline,0.0,linear_mid_raw,2,s2-s3,1,svd,335,297,3,3,1,0.2876686933,0.1128314984,0.1176631258,1
baseline,0.0,linear_mid_raw,2,s2-s3,1,svd+ransac,335,297,3,3,1,0.2876686933,0.1128314984,0.1176631258,1
baseline,0.0,linear_mid_raw,2,s2-s4,1,svd,335,274,0,0,0,nan,nan,nan,0
baseline,0.0,linear_mid_raw,2,s2-s4,1,svd+ransac,335,274,0,0,0,nan,nan,nan,0
baseline,0.0,linear_mid_raw,2,s2-s5,1,svd,335,285,3,3,1,2.096896995,0.1028352638,0.1602376618,0
baseline,0.0,linear_mid_raw,2,s2-s5,1,svd+ransac,335,285,3,3,1,2.096896995,0.1028352638,0.1602376618,0
baseline,0.0,linear_mid_raw,2,s2-s6,0,svd,335,363,0,0,0,nan,nan,nan,0
baseline,0.0,linear_mid_raw,2,s2-s6,0,svd+ransac,335,363,0,0,0,nan,nan,nan,0
baseline,0.0,linear_mid_raw,2,s3-s4,1,svd,297,274,0,0,0,nan,nan,nan,0
baseline,0.0,linear_mid_raw,2,s3-s4,1,svd+ransac,297,274,0,0,0,nan,nan,nan,0
baseline,0.0,linear_mid_raw,2,s3-s5,1,svd,297,285,0,0,0,nan,nan,nan,0
baseline,0.0,linear_mid_raw,2,s3-s5,1,svd+ransac,297,285,0,0,0,nan,nan,nan,0
baseline,0.0,linear_mid_raw,2,s3-s6,0,svd,297,363,0,0,0,nan,nan,nan,0
baseline,0.0,linear_mid_raw,2,s3-s6,0,svd+ransac,297,363,0,0,0,nan,nan,nan,0
baseline,0.0,linear_mid_raw,2,s4-s5,1,svd,274,285,0,0,0,nan,nan,nan,0
baseline,0.0,linear_mid_raw,2,s4-s5,1,svd+ransac,274,285,0,0,0,nan,nan,nan,0
baseline,0.0,linear_mid_raw,2,s4-s6,1,svd,274,363,0,0,0,nan,nan,nan,0
baseline,0.0,linear_mid_raw,2,s4-s6,1,svd+ransac,274,363,0,0,0,nan,nan,nan,0
baseline,0.0,linear_mid_raw,2,s5-s6,1,svd,285,363,4,3,1,2.597631328,0.5704068624,0.6103709631,0
baseline,0.0,linear_mid_raw,2,s5-s6,1,svd+ransac,285,363,4,3,1,2.597631328,0.5704068624,0.6103709631,0
baseline,0.0,linear_mid_raw,3,s1-s2,1,svd,306,334,3,0,1,126.5999781,25.35289229,26.61348933,0
baseline,0.0,linear_mid_raw,3,s1-s2,1,svd+ransac,306,334,3,0,1,126.5999781,25.35289229,26.61348933,0
baseline,0.0,linear_mid_raw,3,s1-s3,1,svd,306,286,3,0,1,109.4056917,6.686969807,10.69254569,0
baseline,0.0,linear_mid_raw,3,s1-s3,1,svd+ransac,306,286,3,0,1,109.4056917,6.686969807,10.69254569,0
baseline,0.0,linear_mid_raw,3,s1-s4,0,svd,306,271,3,0,1,66.28947717,31.94027041,32.05206366,0
baseline,0.0,linear_mid_raw,3,s1-s4,0,svd+ransac,306,271,3,0,1,66.28947717,31.94027041,32.05206366,0
baseline,0.0,linear_mid_raw,3,s1-s5,0,svd,306,282,0,0,0,nan,nan,nan,0
baseline,0.0,linear_mid_raw,3,s1-s5,0,svd+ransac,306,282,0,0,0,nan,nan,nan,0
baseline,0.0,linear_mid_raw,3,s1-s6,0,svd,306,362,3,0,1,34.24500721,30.78784262,30.77685941,0
baseline,0.0,linear_mid_raw,3,s1-s6,0,svd+ransac,306,362,3,0,1,34.24500721,30.78784262,30.77685941,0
baseline,0.0,linear_mid_raw,3,s2-s3,1,svd,334,286,0,0,0,nan,nan,nan,0
baseline,0.0,linear_mid_raw,3,s2-s3,1,svd+ransac,334,286,0,0,0,nan,nan,nan,0
baseline,0.0,linear_mid_raw,3,s2-s4,1,svd,334,271,0,0,0,nan,nan,nan,0
baseline,0.0,linear_mid_raw,3,s2-s4,1,svd+ransac,334,271,0,0,0,nan,nan,nan,0
baseline,0.0,linear_mid_raw,3,s2-s5,1,svd,334,282,3,0,1,148.1714937,28.80233365,29.97733324,0
baseline,0.0,linear_mid_raw,3,s2-s5,1,svd+ransac,334,282,3,0,1,148.1714937,28.80233365,29.97733324,0
baseline,0.0,linear_mid_raw,3,s2-s6,0,svd,334,362,0,0,0,nan,nan,nan,0
baseline,0.0,linear_mid_raw,3,s2-s6,0,svd+ransac,334,362,0,0,0,nan,nan,nan,0
baseline,0.0,linear_mid_raw,3,s3-s4,1,svd,286,271,0,0,0,nan,nan,nan,0
baseline,0.0,linear_mid_raw,3,s3-s4,1,svd+ransac,286,271,0,0,0,nan,nan,nan,0
baseline,0.0,linear_mid_raw,3,s3-s5,1,svd,286,282,0,0,0,nan,nan,nan,0
baseline,0.0,linear_mid_raw,3,s3-s5,1,svd+ransac,286,282,0,0,0,nan,nan,nan,0
baseline,0.0,linear_mid_raw,3,s3-s6,0,svd,286,362,0,0,0,nan,nan,nan,0
baseline,0.0,linear_mid_raw,3,s3-s6,0,svd+ransac,286,362,0,0,0,nan,nan,nan,0
baseline,0.0,linear_mid_raw,3,s4-s5,1,svd,271,282,20,20,1,0.2172712417,0.06592146688,0.06743126062,1
baseline,0.0,linear_mid_raw,3,s4-s5,1,svd+ransac,271,282,20,20,1,0.2172712417,0.06592146688,0.06743126062,1
baseline,0.0,linear_mid_raw,3,s4-s6,1,svd,271,362,2,2,0,nan,nan,nan,0
baseline,0.0,linear_mid_raw,3,s4-s6,1,svd+ransac,271,362,2,2,0,nan,nan,nan,0
baseline,0.0,linear_mid_raw,3,s5-s6,1,svd,282,362,8,8,1,1.537382895,0.08240902002,0.1295617143,1
baseline,0.0,linear_mid_raw,3,s5-s6,1,svd+ransac,282,362,8,8,1,1.537382895,0.08240902002,0.1295617143,1
baseline,0.0,linear_mid_raw,4,s1-s2,1,svd,312,331,0,0,0,nan,nan,nan,0
baseline,0.0,linear_mid_raw,4,s1-s2,1,svd+ransac,312,331,0,0,0,nan,nan,nan,0
baseline,0.0,linear_mid_raw,4,s1-s3,1,svd,312,285,3,0,1,171.3170507,8.42975063,13.45434273,0
baseline,0.0,linear_mid_raw,4,s1-s3,1,svd+ransac,312,285,3,0,1,171.3170507,8.42975063,13.45434273,0
baseline,0.0,linear_mid_raw,4,s1-s4,0,svd,312,266,3,0,1,140.7098571,33.60752492,34.43576867,0
baseline,0.0,linear_mid_raw,4,s1-s4,0,svd+ransac,312,266,3,0,1,140.7098571,33.60752492,34.43576867,0
baseline,0.0,linear_mid_raw,4,s1-s5,0,svd,312,289,0,0,0,nan,nan,nan,0
baseline,0.0,linear_mid_raw,4,s1-s5,0,svd+ransac,312,289,0,0,0,nan,nan,nan,0
baseline,0.0,linear_mid_raw,4,s1-s6,0,svd,312,349,4,0,1,83.42696248,18.56289738,19.68153867,0
baseline,0.0,linear_mid_raw,4,s1-s6,0,svd+ransac,312,349,4,0,1,83.17200968,18.27555945,19.44015657,0
baseline,0.0,linear_mid_raw,4,s2-s3,1,svd,331,285,7,6,1,1.165446469,0.1071320524,0.1493579682,1
baseline,0.0,linear_mid_raw,4,s2-s3,1,svd+ransac,331,285,7,6,1,1.165446469,0.1071320524,0.1493579682,1
baseline,0.0,linear_mid_raw,4,s2-s4,1,svd,331,266,0,0,0,nan,nan,nan,0
baseline,0.0,linear_mid_raw,4,s2-s4,1,svd+ransac,331,266,0,0,0,nan,nan,nan,0
baseline,0.0,linear_mid_raw,4,s2-s5,1,svd,331,289,3,0,1,9.62082295,19.48436928,19.48308741,0
baseline,0.0,linear_mid_raw,4,s2-s5,1,svd+ransac,331,289,3,0,1,9.62082295,19.48436928,19.48308741,0
baseline,0.0,linear_mid_raw,4,s2-s6,0,svd,331,349,0,0,0,nan,nan,nan,0
baseline,0.0,linear_mid_raw,4,s2-s6,0,svd+ransac,331,349,0,0,0,nan,nan,nan,0
baseline,0.0,linear_mid_raw,4,s3-s4,1,svd,285,266,0,0,0,nan,nan,nan,0
baseline,0.0,linear_mid_raw,4,s3-s4,1,svd+ransac,285,266,0,0,0,nan,nan,nan,0
baseline,0.0,linear_mid_raw,4,s3-s5,1,svd,285,289,8,8,1,1.017442476,0.4337339252,0.433131121,1
baseline,0.0,linear_mid_raw,4,s3-s5,1,svd+ransac,285,289,8,8,1,0.1439900671,0.07190423923,0.07149306108,1
baseline,0.0,linear_mid_raw,4,s3-s6,0,svd,285,349,0,0,0,nan,nan,nan,0
baseline,0.0,linear_mid_raw,4,s3-s6,0,svd+ransac,285,349,0,0,0,nan,nan,nan,0
baseline,0.0,linear_mid_raw,4,s4-s5,1,svd,266,289,0,0,0,nan,nan,nan,0
baseline,0.0,linear_mid_raw,4,s4-s5,1,svd+ransac,266,289,0,0,0,nan,nan,nan,0
baseline,0.0,linear_mid_raw,4,s4-s6,1,svd,266,349,4,4,1,0.6910337098,0.04614361476,0.06229989372,1
baseline,0.0,linear_mid_raw,4,s4-s6,1,svd+ransac,266,349,4,4,1,0.6910337098,0.04614361476,0.06229989372,1
baseline,0.0,linear_mid_raw,4,s5-s6,1,svd,289,349,5,5,1,0.09294438571,0.02676567139,0.02851989145,1
baseline,0.0,linear_mid_raw,4,s5-s6,1,svd+ransac,289,349,5,5,1,0.09294438571,0.02676567139,0.02851989145,1
baseline,0.0,linear_mid_raw,5,s1-s2,1,svd,308,345,0,0,0,nan,nan,nan,0
baseline,0.0,linear_mid_raw,5,s1-s2,1,svd+ransac,308,345,0,0,0,nan,nan,nan,0
baseline,0.0,linear_mid_raw,5,s1-s3,1,svd,308,301,3,0,1,43.69593799,30.29716162,30.29176273,0
baseline,0.0,linear_mid_raw,5,s1-s3,1,svd+ransac,308,301,3,0,1,43.69593799,30.29716162,30.29176273,0
baseline,0.0,linear_mid_raw,5,s1-s4,0,svd,308,272,0,0,0,nan,nan,nan,0
baseline,0.0,linear_mid_raw,5,s1-s4,0,svd+ransac,308,272,0,0,0,nan,nan,nan,0
baseline,0.0,linear_mid_raw,5,s1-s5,0,svd,308,284,0,0,0,nan,nan,nan,0
baseline,0.0,linear_mid_raw,5,s1-s5,0,svd+ransac,308,284,0,0,0,nan,nan,nan,0
baseline,0.0,linear_mid_raw,5,s1-s6,0,svd,308,366,0,0,0,nan,nan,nan,0
baseline,0.0,linear_mid_raw,5,s1-s6,0,svd+ransac,308,366,0,0,0,nan,nan,nan,0
baseline,0.0,linear_mid_raw,5,s2-s3,1,svd,345,301,3,0,1,162.9949783,19.3387891,21.62057892,0
baseline,0.0,linear_mid_raw,5,s2-s3,1,svd+ransac,345,301,3,0,1,162.9949783,19.3387891,21.62057892,0
baseline,0.0,linear_mid_raw,5,s2-s4,1,svd,345,272,0,0,0,nan,nan,nan,0
baseline,0.0,linear_mid_raw,5,s2-s4,1,svd+ransac,345,272,0,0,0,nan,nan,nan,0
baseline,0.0,linear_mid_raw,5,s2-s5,1,svd,345,284,3,3,1,2.240781885,0.1267953647,0.1770121551,0
baseline,0.0,linear_mid_raw,5,s2-s5,1,svd+ransac,345,284,3,3,1,2.240781885,0.1267953647,0.1770121551,0
baseline,0.0,linear_mid_raw,5,s2-s6,0,svd,345,366,3,0,1,82.69685368,54.47311894,55.14903024,0
baseline,0.0,linear_mid_raw,5,s2-s6,0,svd+ransac,345,366,3,0,1,82.69685368,54.47311894,55.14903024,0
baseline,0.0,linear_mid_raw,5,s3-s4,1,svd,301,272,0,0,0,nan,nan,nan,0
baseline,0.0,linear_mid_raw,5,s3-s4,1,svd+ransac,301,272,0,0,0,nan,nan,nan,0
baseline,0.0,linear_mid_raw,5,s3-s5,1,svd,301,284,0,0,0,nan,nan,nan,0
baseline,0.0,linear_mid_raw,5,s3-s5,1,svd+ransac,301,284,0,0,0,nan,nan,nan,0
baseline,0.0,linear_mid_raw,5,s3-s6,0,svd,301,366,0,0,0,nan,nan,nan,0
baseline,0.0,linear_mid_raw,5,s3-s6,0,svd+ransac,301,366,0,0,0,nan,nan,nan,0
baseline,0.0,linear_mid_raw,5,s4-s5,1,svd,272,284,4,0,1,175.8891724,26.51738952,29.22966286,0
baseline,0.0,linear_mid_raw,5,s4-s5,1,svd+ransac,272,284,4,0,1,175.8891724,26.51738952,29.22966286,0
baseline,0.0,linear_mid_raw,5,s4-s6,1,svd,272,366,3,3,1,0.4884437079,0.06623305869,0.07464666798,1
baseline,0.0,linear_mid_raw,5,s4-s6,1,svd+ransac,272,366,3,3,1,0.4884437079,0.06623305869,0.07464666798,1
baseline,0.0,linear_mid_raw,5,s5-s6,1,svd,284,366,1,1,0,nan,nan,nan,0
baseline,0.0,linear_mid_raw,5,s5-s6,1,svd+ransac,284,366,1,1,0,nan,nan,nan,0
baseline,0.0,linear_mid_raw,6,s1-s2,1,svd,298,326,0,0,0,nan,nan,nan,0
baseline,0.0,linear_mid_raw,6,s1-s2,1,svd+ransac,298,326,0,0,0,nan,nan,nan,0
baseline,0.0,linear_mid_raw,6,s1-s3,1,svd,298,283,0,0,0,nan,nan,nan,0
baseline,0.0,linear_mid_raw,6,s1-s3,1,svd+ransac,298,283,0,0,0,nan,nan,nan,0
baseline,0.0,linear_mid_raw,6,s1-s4,0,svd,298,262,0,0,0,nan,nan,nan,0
baseline,0.0,linear_mid_raw,6,s1-s4,0,svd+ransac,298,262,0,0,0,nan,nan,nan,0
baseline,0.0,linear_mid_raw,6,s1-s5,0,svd,298,289,3,0,1,79.95436777,11.99143647,13.87873159,0
baseline,0.0,linear_mid_raw,6,s1-s5,0,svd+ransac,298,289,3,0,1,79.95436777,11.99143647,13.87873159,0
baseline,0.0,linear_mid_raw,6,s1-s6,0,svd,298,374,0,0,0,nan,nan,nan,0
baseline,0.0,linear_mid_raw,6,s1-s6,0,svd+ransac,298,374,0,0,0,nan,nan,nan,0
baseline,0.0,linear_mid_raw,6,s2-s3,1,svd,326,283,0,0,0,nan,nan,nan,0
baseline,0.0,linear_mid_raw,6,s2-s3,1,svd+ransac,326,283,0,0,0,nan,nan,nan,0
baseline,0.0,linear_mid_raw,6,s2-s4,1,svd,326,262,7,7,1,0.7089424888,0.07961336363,0.09742137963,1
baseline,0.0,linear_mid_raw,6,s2-s4,1,svd+ransac,326,262,7,7,1,3.898399034,0.1221349229,0.2534085303,0
baseline,0.0,linear_mid_raw,6,s2-s5,1,svd,326,289,0,0,0,nan,nan,nan,0
baseline,0.0,linear_mid_raw,6,s2-s5,1,svd+ransac,326,289,0,0,0,nan,nan,nan,0
baseline,0.0,linear_mid_raw,6,s2-s6,0,svd,326,374,3,0,1,71.39201149,14.20221281,15.30698617,0
baseline,0.0,linear_mid_raw,6,s2-s6,0,svd+ransac,326,374,3,0,1,71.39201149,14.20221281,15.30698617,0
baseline,0.0,linear_mid_raw,6,s3-s4,1,svd,283,262,8,6,1,0.967342385,0.1908493735,0.2041346729,1
baseline,0.0,linear_mid_raw,6,s3-s4,1,svd+ransac,283,262,8,6,1,0.967342385,0.1908493735,0.2041346729,1
baseline,0.0,linear_mid_raw,6,s3-s5,1,svd,283,289,0,0,0,nan,nan,nan,0
baseline,0.0,linear_mid_raw,6,s3-s5,1,svd+ransac,283,289,0,0,0,nan,nan,nan,0
baseline,0.0,linear_mid_raw,6,s3-s6,0,svd,283,374,0,0,0,nan,nan,nan,0
baseline,0.0,linear_mid_raw,6,s3-s6,0,svd+ransac,283,374,0,0,0,nan,nan,nan,0
baseline,0.0,linear_mid_raw,6,s4-s5,1,svd,262,289,0,0,0,nan,nan,nan,0
baseline,0.0,linear_mid_raw,6,s4-s5,1,svd+ransac,262,289,0,0,0,nan,nan,nan,0
baseline,0.0,linear_mid_raw,6,s4-s6,1,svd,262,374,10,10,1,0.8704262021,0.1195729582,0.1348669968,1
baseline,0.0,linear_mid_raw,6,s4-s6,1,svd+ransac,262,374,10,10,1,0.8704262021,0.1195729582,0.1348669968,1
baseline,0.0,linear_mid_raw,6,s5-s6,1,svd,289,374,13,13,1,0.3713190707,0.04236218338,0.04908084531,1
baseline,0.0,linear_mid_raw,6,s5-s6,1,svd+ransac,289,374,13,13,1,0.4746528894,0.03741116533,0.04847234431,1
baseline,0.0,linear_mid_raw,7,s1-s2,1,svd,313,360,8,8,1,1.500164084,0.1261619398,0.1658014697,1
baseline,0.0,linear_mid_raw,7,s1-s2,1,svd+ransac,313,360,8,8,1,1.500164084,0.1261619398,0.1658014697,1
baseline,0.0,linear_mid_raw,7,s1-s3,1,svd,313,289,0,0,0,nan,nan,nan,0
baseline,0.0,linear_mid_raw,7,s1-s3,1,svd+ransac,313,289,0,0,0,nan,nan,nan,0
baseline,0.0,linear_mid_raw,7,s1-s4,0,svd,313,270,0,0,0,nan,nan,nan,0
baseline,0.0,linear_mid_raw,7,s1-s4,0,svd+ransac,313,270,0,0,0,nan,nan,nan,0
baseline,0.0,linear_mid_raw,7,s1-s5,0,svd,313,289,0,0,0,nan,nan,nan,0
baseline,0.0,linear_mid_raw,7,s1-s5,0,svd+ransac,313,289,0,0,0,nan,nan,nan,0
baseline,0.0,linear_mid_raw,7,s1-s6,0,svd,313,354,3,0,1,44.30022462,42.93766613,42.85646242,0
baseline,0.0,linear_mid_raw,7,s1-s6,0,svd+ransac,313,354,3,0,1,44.30022462,42.93766613,42.85646242,0
baseline,0.0,linear_mid_raw,7,s2-s3,1,svd,360,289,0,0,0,nan,nan,nan,0
baseline,0.0,linear_mid_raw,7,s2-s3,1,svd+ransac,360,289,0,0,0,nan,nan,nan,0
baseline,0.0,linear_mid_raw,7,s2-s4,1,svd,360,270,0,0,0,nan,nan,nan,0
baseline,0.0,linear_mid_raw,7,s2-s4,1,svd+ransac,360,270,0,0,0,nan,nan,nan,0
baseline,0.0,linear_mid_raw,7,s2-s5,1,svd,360,289,6,5,1,0.9861077449,0.09153863196,0.1109542465,1
baseline,0.0,linear_mid_raw,7,s2-s5,1,svd+ransac,360,289,6,5,1,0.9861077449,0.09153863196,0.1109542465,1
baseline,0.0,linear_mid_raw,7,s2-s6,0,svd,360,354,3,0,1,126.8243371,40.39335785,40.96907824,0
baseline,0.0,linear_mid_raw,7,s2-s6,0,svd+ransac,360,354,3,0,1,126.8243371,40.39335785,40.96907824,0
baseline,0.0,linear_mid_raw,7,s3-s4,1,svd,289,270,4,0,1,163.3928901,42.58469272,43.19139791,0
baseline,0.0,linear_mid_raw,7,s3-s4,1,svd+ransac,289,270,4,0,1,163.1931541,42.59720409,43.20120288,0
baseline,0.0,linear_mid_raw,7,s3-s5,1,svd,289,289,0,0,0,nan,nan,nan,0
baseline,0.0,linear_mid_raw,7,s3-s5,1,svd+ransac,289,289,0,0,0,nan,nan,nan,0
baseline,0.0,linear_mid_raw,7,s3-s6,0,svd,289,354,3,0,1,26.71295956,33.34700877,33.30937858,0
baseline,0.0,linear_mid_raw,7,s3-s6,0,svd+ransac,289,354,3,0,1,26.71295956,33.34700877,33.30937858,0
baseline,0.0,linear_mid_raw,7,s4-s5,1,svd,270,289,0,0,0,nan,nan,nan,0
baseline,0.0,linear_mid_raw,7,s4-s5,1,svd+ransac,270,289,0,0,0,nan,nan,nan,0
baseline,0.0,linear_mid_raw,7,s4-s6,1,svd,270,354,6,6,1,0.6775815355,0.1185337995,0.1252951216,1
baseline,0.0,linear_mid_raw,7,s4-s6,1,svd+ransac,270,354,6,6,1,0.6775815355,0.1185337995,0.1252951216,1
baseline,0.0,linear_mid_raw,7,s5-s6,1,svd,289,354,27,26,1,0.6446208263,0.08346105817,0.09419081592,1
baseline,0.0,linear_mid_raw,7,s5-s6,1,svd+ransac,289,354,27,26,1,0.3338220006,0.03653621264,0.04501339006,1
baseline,0.0,linear_mid_raw,8,s1-s2,1,svd,302,345,0,0,0,nan,nan,nan,0
baseline,0.0,linear_mid_raw,8,s1-s2,1,svd+ransac,302,345,0,0,0,nan,nan,nan,0
baseline,0.0,linear_mid_raw,8,s1-s3,1,svd,302,289,3,0,1,153.6509276,15.25981887,17.95133914,0
baseline,0.0,linear_mid_raw,8,s1-s3,1,svd+ransac,302,289,3,0,1,153.6509276,15.25981887,17.95133914,0
baseline,0.0,linear_mid_raw,8,s1-s4,0,svd,302,256,4,0,1,150.3447873,27.71882295,29.83878501,0
baseline,0.0,linear_mid_raw,8,s1-s4,0,svd+ransac,302,256,4,0,1,149.6709051,27.96867955,30.05213887,0
baseline,0.0,linear_mid_raw,8,s1-s5,0,svd,302,299,0,0,0,nan,nan,nan,0
baseline,0.0,linear_mid_raw,8,s1-s5,0,svd+ransac,302,299,0,0,0,nan,nan,nan,0
baseline,0.0,linear_mid_raw,8,s1-s6,0,svd,302,354,4,0,1,101.9802373,19.55674201,21.10694901,0
baseline,0.0,linear_mid_raw,8,s1-s6,0,svd+ransac,302,354,4,0,1,122.1023327,18.38570119,20.64475369,0
baseline,0.0,linear_mid_raw,8,s2-s3,1,svd,345,289,5,5,1,0.38026982,0.04841892488,0.05643642743,1
baseline,0.0,linear_mid_raw,8,s2-s3,1,svd+ransac,345,289,5,5,1,0.38026982,0.04841892488,0.05643642743,1
baseline,0.0,linear_mid_raw,8,s2-s4,1,svd,345,256,5,0,1,157.9898097,36.28466262,37.27252258,0
baseline,0.0,linear_mid_raw,8,s2-s4,1,svd+ransac,345,256,5,0,1,157.5227723,36.22447393,37.20469256,0
baseline,0.0,linear_mid_raw,8,s2-s5,1,svd,345,299,5,0,1,25.61429538,13.4786624,13.87461861,0
baseline,0.0,linear_mid_raw,8,s2-s5,1,svd+ransac,345,299,5,0,1,25.61429538,13.4786624,13.87461861,0
baseline,0.0,linear_mid_raw,8,s2-s6,0,svd,345,354,0,0,0,nan,nan,nan,0
baseline,0.0,linear_mid_raw,8,s2-s6,0,svd+ransac,345,354,0,0,0,nan,nan,nan,0
baseline,0.0,linear_mid_raw,8,s3-s4,1,svd,289,256,3,0,1,138.0826441,23.83912791,25.14542088,0
baseline,0.0,linear_mid_raw,8,s3-s4,1,svd+ransac,289,256,3,0,1,138.0826441,23.83912791,25.14542088,0
baseline,0.0,linear_mid_raw,8,s3-s5,1,svd,289,299,3,0,1,103.6370441,29.78697411,30.5096474,0
baseline,0.0,linear_mid_raw,8,s3-s5,1,svd+ransac,289,299,3,0,1,103.6370441,29.78697411,30.5096474,0
baseline,0.0,linear_mid_raw,8,s3-s6,0,svd,289,354,0,0,0,nan,nan,nan,0
baseline,0.0,linear_mid_raw,8,s3-s6,0,svd+ransac,289,354,0,0,0,nan,nan,nan,0
baseline,0.0,linear_mid_raw,8,s4-s5,1,svd,256,299,0,0,0,nan,nan,nan,0
baseline,0.0,linear_mid_raw,8,s4-s5,1,svd+ransac,256,299,0,0,0,nan,nan,nan,0
baseline,0.0,linear_mid_raw,8,s4-s6,1,svd,256,354,10,9,1,0.1326360236,0.03493370783,0.03676131933,1
baseline,0.0,linear_mid_raw,8,s4-s6,1,svd+ransac,256,354,10,9,1,0.1326360236,0.03493370783,0.03676131933,1
baseline,0.0,linear_mid_raw,8,s5-s6,1,svd,299,354,1,1,0,nan,nan,nan,0
baseline,0.0,linear_mid_raw,8,s5-s6,1,svd+ransac,299,354,1,1,0,nan,nan,nan,0
baseline,0.0,linear_mid_raw,9,s1-s2,1,svd,298,338,0,0,0,nan,nan,nan,0
baseline,0.0,linear_mid_raw,9,s1-s2,1,svd+ransac,298,338,0,0,0,nan,nan,nan,0
baseline,0.0,linear_mid_raw,9,s1-s3,1,svd,298,301,0,0,0,nan,nan,nan,0
baseline,0.0,linear_mid_raw,9,s1-s3,1,svd+ransac,298,301,0,0,0,nan,nan,nan,0
baseline,0.0,linear_mid_raw,9,s1-s4,0,svd,298,266,0,0,0,nan,nan,nan,0
baseline,0.0,linear_mid_raw,9,s1-s4,0,svd+ransac,298,266,0,0,0,nan,nan,nan,0
baseline,0.0,linear_mid_raw,9,s1-s5,0,svd,298,283,3,0,1,105.5054461,25.92702464,26.82038087,0
baseline,0.0,linear_mid_raw,9,s1-s5,0,svd+ransac,298,283,3,0,1,105.5054461,25.92702464,26.82038087,0
baseline,0.0,linear_mid_raw,9,s1-s6,0,svd,298,364,3,0,1,6.768615314,19.31366284,19.31428692,0
baseline,0.0,linear_mid_raw,9,s1-s6,0,svd+ransac,298,364,3,0,1,6.768615314,19.31366284,19.31428692,0
baseline,0.0,linear_mid_raw,9,s2-s3,1,svd,338,301,0,0,0,nan,nan,nan,0
baseline,0.0,linear_mid_raw,9,s2-s3,1,svd+ransac,338,301,0,0,0,nan,nan,nan,0
baseline,0.0,linear_mid_raw,9,s2-s4,1,svd,338,266,0,0,0,nan,nan,nan,0
baseline,0.0,linear_mid_raw,9,s2-s4,1,svd+ransac,338,266,0,0,0,nan,nan,nan,0
baseline,0.0,linear_mid_raw,9,s2-s5,1,svd,338,283,0,0,0,nan,nan,nan,0
baseline,0.0,linear_mid_raw,9,s2-s5,1,svd+ransac,338,283,0,0,0,nan,nan,nan,0
baseline,0.0,linear_mid_raw,9,s2-s6,0,svd,338,364,0,0,0,nan,nan,nan,0
baseline,0.0,linear_mid_raw,9,s2-s6,0,svd+ransac,338,364,0,0,0,nan,nan,nan,0
baseline,0.0,linear_mid_raw,9,s3-s4,1,svd,301,266,0,0,0,nan,nan,nan,0
baseline,0.0,linear_mid_raw,9,s3-s4,1,svd+ransac,301,266,0,0,0,nan,nan,nan,0
baseline,0.0,linear_mid_raw,9,s3-s5,1,svd,301,283,3,0,1,54.33871106,39.64909429,39.64381429,0
baseline,0.0,linear_mid_raw,9,s3-s5,1,svd+ransac,301,283,3,0,1,54.33871106,39.64909429,39.64381429,0
baseline,0.0,linear_mid_raw,9,s3-s6,0,svd,301,364,4,0,1,44.00075769,18.93608043,19.24747165,0
baseline,0.0,linear_mid_raw,9,s3-s6,0,svd+ransac,301,364,4,0,1,43.34832613,18.83291524,19.15388436,0
baseline,0.0,linear_mid_raw,9,s4-s5,1,svd,266,283,0,0,0,nan,nan,nan,0
baseline,0.0,linear_mid_raw,9,s4-s5,1,svd+ransac,266,283,0,0,0,nan,nan,nan,0
baseline,0.0,linear_mid_raw,9,s4-s6,1,svd,266,364,0,0,0,nan,nan,nan,0
baseline,0.0,linear_mid_raw,9,s4-s6,1,svd+ransac,266,364,0,0,0,nan,nan,nan,0
baseline,0.0,linear_mid_raw,9,s5-s6,1,svd,283,364,20,20,1,1.969982614,0.1052207272,0.1523970843,1
baseline,0.0,linear_mid_raw,9,s5-s6,1,svd+ransac,283,364,20,20,1,1.547678455,0.1143952836,0.1491899004,1
baseline,0.0,linear_mid_raw,10,s1-s2,1,svd,298,349,3,0,1,37.27952087,9.480290585,10.01073331,0
baseline,0.0,linear_mid_raw,10,s1-s2,1,svd+ransac,298,349,3,0,1,37.27952087,9.480290585,10.01073331,0
baseline,0.0,linear_mid_raw,10,s1-s3,1,svd,298,294,0,0,0,nan,nan,nan,0
baseline,0.0,linear_mid_raw,10,s1-s3,1,svd+ransac,298,294,0,0,0,nan,nan,nan,0
baseline,0.0,linear_mid_raw,10,s1-s4,0,svd,298,253,4,0,1,139.0689893,40.69437465,41.41401327,0
baseline,0.0,linear_mid_raw,10,s1-s4,0,svd+ransac,298,253,4,0,1,139.0689893,40.69437465,41.41401327,0
baseline,0.0,linear_mid_raw,10,s1-s5,0,svd,298,282,3,0,1,119.9786303,25.89531869,27.04255533,0
baseline,0.0,linear_mid_raw,10,s1-s5,0,svd+ransac,298,282,3,0,1,119.9786303,25.89531869,27.04255533,0
baseline,0.0,linear_mid_raw,10,s1-s6,0,svd,298,353,0,0,0,nan,nan,nan,0
baseline,0.0,linear_mid_raw,10,s1-s6,0,svd+ransac,298,353,0,0,0,nan,nan,nan,0
baseline,0.0,linear_mid_raw,10,s2-s3,1,svd,349,294,3,0,1,86.38974487,15.48880673,16.92414287,0
baseline,0.0,linear_mid_raw,10,s2-s3,1,svd+ransac,349,294,3,0,1,86.38974487,15.48880673,16.92414287,0
baseline,0.0,linear_mid_raw,10,s2-s4,1,svd,349,253,0,0,0,nan,nan,nan,0
baseline,0.0,linear_mid_raw,10,s2-s4,1,svd+ransac,349,253,0,0,0,nan,nan,nan,0
baseline,0.0,linear_mid_raw,10,s2-s5,1,svd,349,282,3,0,1,57.35708636,23.73922454,24.02789534,0
baseline,0.0,linear_mid_raw,10,s2-s5,1,svd+ransac,349,282,3,0,1,57.35708636,23.73922454,24.02789534,0
baseline,0.0,linear_mid_raw,10,s2-s6,0,svd,349,353,0,0,0,nan,nan,nan,0
baseline,0.0,linear_mid_raw,10,s2-s6,0,svd+ransac,349,353,0,0,0,nan,nan,nan,0
baseline,0.0,linear_mid_raw,10,s3-s4,1,svd,294,253,4,0,1,170.4808466,23.80727074,25.81387821,0
baseline,0.0,linear_mid_raw,10,s3-s4,1,svd+ransac,294,253,4,0,1,170.8019834,23.89502496,25.90285756,0
baseline,0.0,linear_mid_raw,10,s3-s5,1,svd,294,282,0,0,0,nan,nan,nan,0
baseline,0.0,linear_mid_raw,10,s3-s5,1,svd+ransac,294,282,0,0,0,nan,nan,nan,0
baseline,0.0,linear_mid_raw,10,s3-s6,0,svd,294,353,0,0,0,nan,nan,nan,0
baseline,0.0,linear_mid_raw,10,s3-s6,0,svd+ransac,294,353,0,0,0,nan,nan,nan,0
baseline,0.0,linear_mid_raw,10,s4-s5,1,svd,253,282,12,12,1,0.6611952012,0.09535395406,0.10601875,1
baseline,0.0,linear_mid_raw,10,s4-s5,1,svd+ransac,253,282,12,12,1,0.6611952012,0.09535395406,0.10601875,1
baseline,0.0,linear_mid_raw,10,s4-s6,1,svd,253,353,8,8,1,0.7932967467,0.1085987148,0.1181790272,1
baseline,0.0,linear_mid_raw,10,s4-s6,1,svd+ransac,253,353,8,8,1,0.7932967467,0.1085987148,0.1181790272,1
baseline,0.0,linear_mid_raw,10,s5-s6,1,svd,282,353,10,10,1,0.2740761973,0.06553168064,0.06829147598,1
baseline,0.0,linear_mid_raw,10,s5-s6,1,svd+ransac,282,353,10,10,1,0.5750168595,0.07990411127,0.08587959662,1
baseline,0.0,physical_raw,1,s1-s2,1,svd,293,302,6,6,1,2.384794355,0.1472559173,0.1941965784,0
baseline,0.0,physical_raw,1,s1-s2,1,svd+ransac,293,302,6,6,1,2.384794355,0.1472559173,0.1941965784,0
baseline,0.0,physical_raw,1,s1-s3,1,svd,293,256,0,0,0,nan,nan,nan,0
baseline,0.0,physical_raw,1,s1-s3,1,svd+ransac,293,256,0,0,0,nan,nan,nan,0
baseline,0.0,physical_raw,1,s1-s4,0,svd,293,248,4,4,1,2.222108462,0.2533182497,0.2802144291,0
baseline,0.0,physical_raw,1,s1-s4,0,svd+ransac,293,248,4,4,1,2.222108462,0.2533182497,0.2802144291,0
baseline,0.0,physical_raw,1,s1-s5,0,svd,293,277,0,0,0,nan,nan,nan,0
baseline,0.0,physical_raw,1,s1-s5,0,svd+ransac,293,277,0,0,0,nan,nan,nan,0
baseline,0.0,physical_raw,1,s1-s6,0,svd,293,337,0,0,0,nan,nan,nan,0
baseline,0.0,physical_raw,1,s1-s6,0,svd+ransac,293,337,0,0,0,nan,nan,nan,0
baseline,0.0,physical_raw,1,s2-s3,1,svd,302,256,5,4,1,1.405131627,0.2507039914,0.277802239,1
baseline,0.0,physical_raw,1,s2-s3,1,svd+ransac,302,256,5,4,1,1.405131627,0.2507039914,0.277802239,1
baseline,0.0,physical_raw,1,s2-s4,1,svd,302,248,3,0,1,10.23992231,11.60365107,11.69529161,0
baseline,0.0,physical_raw,1,s2-s4,1,svd+ransac,302,248,3,0,1,10.23992231,11.60365107,11.69529161,0
baseline,0.0,physical_raw,1,s2-s5,1,svd,302,277,0,0,0,nan,nan,nan,0
baseline,0.0,physical_raw,1,s2-s5,1,svd+ransac,302,277,0,0,0,nan,nan,nan,0
baseline,0.0,physical_raw,1,s2-s6,0,svd,302,337,0,0,0,nan,nan,nan,0
baseline,0.0,physical_raw,1,s2-s6,0,svd+ransac,302,337,0,0,0,nan,nan,nan,0
baseline,0.0,physical_raw,1,s3-s4,1,svd,256,248,7,7,1,1.025787839,0.5055884319,0.5031802226,0
baseline,0.0,physical_raw,1,s3-s4,1,svd+ransac,256,248,7,7,1,1.025787839,0.5055884319,0.5031802226,0
baseline,0.0,physical_raw,1,s3-s5,1,svd,256,277,0,0,0,nan,nan,nan,0
baseline,0.0,physical_raw,1,s3-s5,1,svd+ransac,256,277,0,0,0,nan,nan,nan,0
baseline,0.0,physical_raw,1,s3-s6,0,svd,256,337,0,0,0,nan,nan,nan,0
baseline,0.0,physical_raw,1,s3-s6,0,svd+ransac,256,337,0,0,0,nan,nan,nan,0
baseline,0.0,physical_raw,1,s4-s5,1,svd,248,277,0,0,0,nan,nan,nan,0
baseline,0.0,physical_raw,1,s4-s5,1,svd+ransac,248,277,0,0,0,nan,nan,nan,0
baseline,0.0,physical_raw,1,s4-s6,1,svd,248,337,7,7,1,0.5421972538,0.06536978868,0.07267659858,1
baseline,0.0,physical_raw,1,s4-s6,1,svd+ransac,248,337,7,7,1,0.5421972538,0.06536978868,0.07267659858,1
baseline,0.0,physical_raw,1,s5-s6,1,svd,277,337,0,0,0,nan,nan,nan,0
baseline,0.0,physical_raw,1,s5-s6,1,svd+ransac,277,337,0,0,0,nan,nan,nan,0
baseline,0.0,physical_raw,2,s1-s2,1,svd,283,305,0,0,0,nan,nan,nan,0
baseline,0.0,physical_raw,2,s1-s2,1,svd+ransac,283,305,0,0,0,nan,nan,nan,0
baseline,0.0,physical_raw,2,s1-s3,1,svd,283,281,3,0,1,13.22549077,8.813435962,8.802725053,0
baseline,0.0,physical_raw,2,s1-s3,1,svd+ransac,283,281,3,0,1,13.22549077,8.813435962,8.802725053,0
baseline,0.0,physical_raw,2,s1-s4,0,svd,283,249,0,0,0,nan,nan,nan,0
baseline,0.0,physical_raw,2,s1-s4,0,svd+ransac,283,249,0,0,0,nan,nan,nan,0
baseline,0.0,physical_raw,2,s1-s5,0,svd,283,269,0,0,0,nan,nan,nan,0
baseline,0.0,physical_raw,2,s1-s5,0,svd+ransac,283,269,0,0,0,nan,nan,nan,0
baseline,0.0,physical_raw,2,s1-s6,0,svd,283,351,0,0,0,nan,nan,nan,0
baseline,0.0,physical_raw,2,s1-s6,0,svd+ransac,283,351,0,0,0,nan,nan,nan,0
baseline,0.0,physical_raw,2,s2-s3,1,svd,305,281,3,3,1,1.316943561,0.08986164329,0.1185372735,1
baseline,0.0,physical_raw,2,s2-s3,1,svd+ransac,305,281,3,3,1,1.316943561,0.08986164329,0.1185372735,1
baseline,0.0,physical_raw,2,s2-s4,1,svd,305,249,0,0,0,nan,nan,nan,0
baseline,0.0,physical_raw,2,s2-s4,1,svd+ransac,305,249,0,0,0,nan,nan,nan,0
baseline,0.0,physical_raw,2,s2-s5,1,svd,305,269,3,3,1,6.921954117,0.5620712491,0.6790551996,0
baseline,0.0,physical_raw,2,s2-s5,1,svd+ransac,305,269,3,3,1,6.921954117,0.5620712491,0.6790551996,0
baseline,0.0,physical_raw,2,s2-s6,0,svd,305,351,0,0,0,nan,nan,nan,0
baseline,0.0,physical_raw,2,s2-s6,0,svd+ransac,305,351,0,0,0,nan,nan,nan,0
baseline,0.0,physical_raw,2,s3-s4,1,svd,281,249,3,3,1,6.967800974,1.55387609,1.598945529,0
baseline,0.0,physical_raw,2,s3-s4,1,svd+ransac,281,249,3,3,1,6.967800974,1.55387609,1.598945529,0
baseline,0.0,physical_raw,2,s3-s5,1,svd,281,269,0,0,0,nan,nan,nan,0
baseline,0.0,physical_raw,2,s3-s5,1,svd+ransac,281,269,0,0,0,nan,nan,nan,0
baseline,0.0,physical_raw,2,s3-s6,0,svd,281,351,0,0,0,nan,nan,nan,0
baseline,0.0,physical_raw,2,s3-s6,0,svd+ransac,281,351,0,0,0,nan,nan,nan,0
baseline,0.0,physical_raw,2,s4-s5,1,svd,249,269,0,0,0,nan,nan,nan,0
baseline,0.0,physical_raw,2,s4-s5,1,svd+ransac,249,269,0,0,0,nan,nan,nan,0
baseline,0.0,physical_raw,2,s4-s6,1,svd,249,351,3,3,1,2.127561929,0.1037912152,0.1850752844,0
baseline,0.0,physical_raw,2,s4-s6,1,svd+ransac,249,351,3,3,1,2.127561929,0.1037912152,0.1850752844,0
baseline,0.0,physical_raw,2,s5-s6,1,svd,269,351,3,3,1,14.58625117,1.540273278,1.719999778,0
baseline,0.0,physical_raw,2,s5-s6,1,svd+ransac,269,351,3,3,1,14.58625117,1.540273278,1.719999778,0
baseline,0.0,physical_raw,3,s1-s2,1,svd,284,316,8,8,1,0.4051329276,0.06989400906,0.08106469854,1
baseline,0.0,physical_raw,3,s1-s2,1,svd+ransac,284,316,8,8,1,0.4051329276,0.06989400906,0.08106469854,1
baseline,0.0,physical_raw,3,s1-s3,1,svd,284,277,0,0,0,nan,nan,nan,0
baseline,0.0,physical_raw,3,s1-s3,1,svd+ransac,284,277,0,0,0,nan,nan,nan,0
baseline,0.0,physical_raw,3,s1-s4,0,svd,284,256,0,0,0,nan,nan,nan,0
baseline,0.0,physical_raw,3,s1-s4,0,svd+ransac,284,256,0,0,0,nan,nan,nan,0
baseline,0.0,physical_raw,3,s1-s5,0,svd,284,278,3,3,1,2.03486839,0.6424795931,0.6572741317,0
baseline,0.0,physical_raw,3,s1-s5,0,svd+ransac,284,278,3,3,1,2.03486839,0.6424795931,0.6572741317,0
baseline,0.0,physical_raw,3,s1-s6,0,svd,284,352,5,0,1,150.9003916,55.81062059,56.02364046,0
baseline,0.0,physical_raw,3,s1-s6,0,svd+ransac,284,352,5,0,1,149.6118455,55.75941676,55.98367288,0
baseline,0.0,physical_raw,3,s2-s3,1,svd,316,277,0,0,0,nan,nan,nan,0
baseline,0.0,physical_raw,3,s2-s3,1,svd+ransac,316,277,0,0,0,nan,nan,nan,0
baseline,0.0,physical_raw,3,s2-s4,1,svd,316,256,3,0,1,159.1357195,7.535481991,12.57205383,0
baseline,0.0,physical_raw,3,s2-s4,1,svd+ransac,316,256,3,0,1,159.1357195,7.535481991,12.57205383,0
baseline,0.0,physical_raw,3,s2-s5,1,svd,316,278,6,5,1,1.994091033,0.1458712357,0.1999572063,1
baseline,0.0,physical_raw,3,s2-s5,1,svd+ransac,316,278,6,5,1,1.994091033,0.1458712357,0.1999572063,1
baseline,0.0,physical_raw,3,s2-s6,0,svd,316,352,0,0,0,nan,nan,nan,0
baseline,0.0,physical_raw,3,s2-s6,0,svd+ransac,316,352,0,0,0,nan,nan,nan,0
baseline,0.0,physical_raw,3,s3-s4,1,svd,277,256,0,0,0,nan,nan,nan,0
baseline,0.0,physical_raw,3,s3-s4,1,svd+ransac,277,256,0,0,0,nan,nan,nan,0
baseline,0.0,physical_raw,3,s3-s5,1,svd,277,278,0,0,0,nan,nan,nan,0
baseline,0.0,physical_raw,3,s3-s5,1,svd+ransac,277,278,0,0,0,nan,nan,nan,0
baseline,0.0,physical_raw,3,s3-s6,0,svd,277,352,3,0,1,123.8876497,41.70571228,41.54481412,0
baseline,0.0,physical_raw,3,s3-s6,0,svd+ransac,277,352,3,0,1,123.8876497,41.70571228,41.54481412,0
baseline,0.0,physical_raw,3,s4-s5,1,svd,256,278,0,0,0,nan,nan,nan,0
baseline,0.0,physical_raw,3,s4-s5,1,svd+ransac,256,278,0,0,0,nan,nan,nan,0
baseline,0.0,physical_raw,3,s4-s6,1,svd,256,352,1,1,0,nan,nan,nan,0
baseline,0.0,physical_raw,3,s4-s6,1,svd+ransac,256,352,1,1,0,nan,nan,nan,0
baseline,0.0,physical_raw,3,s5-s6,1,svd,278,352,2,2,0,nan,nan,nan,0
baseline,0.0,physical_raw,3,s5-s6,1,svd+ransac,278,352,2,2,0,nan,nan,nan,0
baseline,0.0,physical_raw,4,s1-s2,1,svd,281,319,3,0,1,4.118569922,7.356839953,7.351346298,0
baseline,0.0,physical_raw,4,s1-s2,1,svd+ransac,281,319,3,0,1,4.118569922,7.356839953,7.351346298,0
baseline,0.0,physical_raw,4,s1-s3,1,svd,281,282,0,0,0,nan,nan,nan,0
baseline,0.0,physical_raw,4,s1-s3,1,svd+ransac,281,282,0,0,0,nan,nan,nan,0
baseline,0.0,physical_raw,4,s1-s4,0,svd,281,252,0,0,0,nan,nan,nan,0
baseline,0.0,physical_raw,4,s1-s4,0,svd+ransac,281,252,0,0,0,nan,nan,nan,0
baseline,0.0,physical_raw,4,s1-s5,0,svd,281,278,0,0,0,nan,nan,nan,0
baseline,0.0,physical_raw,4,s1-s5,0,svd+ransac,281,278,0,0,0,nan,nan,nan,0
baseline,0.0,physical_raw,4,s1-s6,0,svd,281,354,0,0,0,nan,nan,nan,0
baseline,0.0,physical_raw,4,s1-s6,0,svd+ransac,281,354,0,0,0,nan,nan,nan,0
baseline,0.0,physical_raw,4,s2-s3,1,svd,319,282,3,0,1,107.1848952,9.112188877,12.43026094,0
baseline,0.0,physical_raw,4,s2-s3,1,svd+ransac,319,282,3,0,1,107.1848952,9.112188877,12.43026094,0
baseline,0.0,physical_raw,4,s2-s4,1,svd,319,252,0,0,0,nan,nan,nan,0
baseline,0.0,physical_raw,4,s2-s4,1,svd+ransac,319,252,0,0,0,nan,nan,nan,0
baseline,0.0,physical_raw,4,s2-s5,1,svd,319,278,3,0,1,165.4418759,29.0092142,30.51521135,0
baseline,0.0,physical_raw,4,s2-s5,1,svd+ransac,319,278,3,0,1,165.4418759,29.0092142,30.51521135,0
baseline,0.0,physical_raw,4,s2-s6,0,svd,319,354,0,0,0,nan,nan,nan,0
baseline,0.0,physical_raw,4,s2-s6,0,svd+ransac,319,354,0,0,0,nan,nan,nan,0
baseline,0.0,physical_raw,4,s3-s4,1,svd,282,252,0,0,0,nan,nan,nan,0
baseline,0.0,physical_raw,4,s3-s4,1,svd+ransac,282,252,0,0,0,nan,nan,nan,0
baseline,0.0,physical_raw,4,s3-s5,1,svd,282,278,9,9,1,0.6858205977,0.2370893731,0.2375947181,1
baseline,0.0,physical_raw,4,s3-s5,1,svd+ransac,282,278,9,9,1,0.08671307737,0.04237543823,0.0421663228,1
baseline,0.0,physical_raw,4,s3-s6,0,svd,282,354,0,0,0,nan,nan,nan,0
baseline,0.0,physical_raw,4,s3-s6,0,svd+ransac,282,354,0,0,0,nan,nan,nan,0
baseline,0.0,physical_raw,4,s4-s5,1,svd,252,278,0,0,0,nan,nan,nan,0
baseline,0.0,physical_raw,4,s4-s5,1,svd+ransac,252,278,0,0,0,nan,nan,nan,0
baseline,0.0,physical_raw,4,s4-s6,1,svd,252,354,4,4,1,4.077043572,0.3059092808,0.4219404815,0
baseline,0.0,physical_raw,4,s4-s6,1,svd+ransac,252,354,4,4,1,3.226251517,0.2706297435,0.3628772647,0
baseline,0.0,physical_raw,4,s5-s6,1,svd,278,354,9,9,1,0.8221988037,0.07427951126,0.09052877546,1
baseline,0.0,physical_raw,4,s5-s6,1,svd+ransac,278,354,9,9,1,0.08923928819,0.05988903437,0.06056803637,1
baseline,0.0,physical_raw,5,s1-s2,1,svd,280,317,3,0,1,179.397577,5.091887933,8.993866474,0
baseline,0.0,physical_raw,5,s1-s2,1,svd+ransac,280,317,3,0,1,179.397577,5.091887933,8.993866474,0
baseline,0.0,physical_raw,5,s1-s3,1,svd,280,274,0,0,0,nan,nan,nan,0
baseline,0.0,physical_raw,5,s1-s3,1,svd+ransac,280,274,0,0,0,nan,nan,nan,0
baseline,0.0,physical_raw,5,s1-s4,0,svd,280,264,0,0,0,nan,nan,nan,0
baseline,0.0,physical_raw,5,s1-s4,0,svd+ransac,280,264,0,0,0,nan,nan,nan,0
baseline,0.0,physical_raw,5,s1-s5,0,svd,280,287,3,0,1,99.71456124,53.84044754,53.90845291,0
baseline,0.0,physical_raw,5,s1-s5,0,svd+ransac,280,287,3,0,1,99.71456124,53.84044754,53.90845291,0
baseline,0.0,physical_raw,5,s1-s6,0,svd,280,345,0,0,0,nan,nan,nan,0
baseline,0.0,physical_raw,5,s1-s6,0,svd+ransac,280,345,0,0,0,nan,nan,nan,0
baseline,0.0,physical_raw,5,s2-s3,1,svd,317,274,3,3,1,44.13800515,15.66259269,15.79563567,0
baseline,0.0,physical_raw,5,s2-s3,1,svd+ransac,317,274,3,3,0,nan,nan,nan,0
baseline,0.0,physical_raw,5,s2-s4,1,svd,317,264,0,0,0,nan,nan,nan,0
baseline,0.0,physical_raw,5,s2-s4,1,svd+ransac,317,264,0,0,0,nan,nan,nan,0
baseline,0.0,physical_raw,5,s2-s5,1,svd,317,287,6,6,1,1.644395005,0.09781121708,0.1370161366,1
baseline,0.0,physical_raw,5,s2-s5,1,svd+ransac,317,287,6,6,1,2.471465239,0.1544771548,0.2072848421,0
baseline,0.0,physical_raw,5,s2-s6,0,svd,317,345,0,0,0,nan,nan,nan,0
baseline,0.0,physical_raw,5,s2-s6,0,svd+ransac,317,345,0,0,0,nan,nan,nan,0
baseline,0.0,physical_raw,5,s3-s4,1,svd,274,264,7,7,1,0.2878287093,0.03381779545,0.0379392063,1
baseline,0.0,physical_raw,5,s3-s4,1,svd+ransac,274,264,7,7,1,0.2878287093,0.03381779545,0.0379392063,1
baseline,0.0,physical_raw,5,s3-s5,1,svd,274,287,0,0,0,nan,nan,nan,0
baseline,0.0,physical_raw,5,s3-s5,1,svd+ransac,274,287,0,0,0,nan,nan,nan,0
baseline,0.0,physical_raw,5,s3-s6,0,svd,274,345,4,4,1,2.127861187,0.07072927844,0.1413410561,0
baseline,0.0,physical_raw,5,s3-s6,0,svd+ransac,274,345,4,4,1,2.127861187,0.07072927844,0.1413410561,0
baseline,0.0,physical_raw,5,s4-s5,1,svd,264,287,6,6,1,0.2524399949,0.0373428867,0.04325512034,1
baseline,0.0,physical_raw,5,s4-s5,1,svd+ransac,264,287,6,6,1,0.2524399949,0.0373428867,0.04325512034,1
baseline,0.0,physical_raw,5,s4-s6,1,svd,264,345,5,5,1,0.2357017016,0.04022566328,0.04403132511,1
baseline,0.0,physical_raw,5,s4-s6,1,svd+ransac,264,345,5,5,1,0.2357017016,0.04022566328,0.04403132511,1
baseline,0.0,physical_raw,5,s5-s6,1,svd,287,345,1,1,0,nan,nan,nan,0
baseline,0.0,physical_raw,5,s5-s6,1,svd+ransac,287,345,1,1,0,nan,nan,nan,0
baseline,0.0,physical_raw,6,s1-s2,1,svd,279,314,0,0,0,nan,nan,nan,0
baseline,0.0,physical_raw,6,s1-s2,1,svd+ransac,279,314,0,0,0,nan,nan,nan,0
baseline,0.0,physical_raw,6,s1-s3,1,svd,279,277,7,7,1,0.7692746272,0.09627020918,0.1060170584,1
baseline,0.0,physical_raw,6,s1-s3,1,svd+ransac,279,277,7,7,1,0.4678936392,0.1151296082,0.1187088046,1
baseline,0.0,physical_raw,6,s1-s4,0,svd,279,247,0,0,0,nan,nan,nan,0
baseline,0.0,physical_raw,6,s1-s4,0,svd+ransac,279,247,0,0,0,nan,nan,nan,0
baseline,0.0,physical_raw,6,s1-s5,0,svd,279,283,0,0,0,nan,nan,nan,0
baseline,0.0,physical_raw,6,s1-s5,0,svd+ransac,279,283,0,0,0,nan,nan,nan,0
baseline,0.0,physical_raw,6,s1-s6,0,svd,279,351,0,0,0,nan,nan,nan,0
baseline,0.0,physical_raw,6,s1-s6,0,svd+ransac,279,351,0,0,0,nan,nan,nan,0
baseline,0.0,physical_raw,6,s2-s3,1,svd,314,277,0,0,0,nan,nan,nan,0
baseline,0.0,physical_raw,6,s2-s3,1,svd+ransac,314,277,0,0,0,nan,nan,nan,0
baseline,0.0,physical_raw,6,s2-s4,1,svd,314,247,0,0,0,nan,nan,nan,0
baseline,0.0,physical_raw,6,s2-s4,1,svd+ransac,314,247,0,0,0,nan,nan,nan,0
baseline,0.0,physical_raw,6,s2-s5,1,svd,314,283,0,0,0,nan,nan,nan,0
baseline,0.0,physical_raw,6,s2-s5,1,svd+ransac,314,283,0,0,0,nan,nan,nan,0
baseline,0.0,physical_raw,6,s2-s6,0,svd,314,351,0,0,0,nan,nan,nan,0
baseline,0.0,physical_raw,6,s2-s6,0,svd+ransac,314,351,0,0,0,nan,nan,nan,0
baseline,0.0,physical_raw,6,s3-s4,1,svd,277,247,0,0,0,nan,nan,nan,0
baseline,0.0,physical_raw,6,s3-s4,1,svd+ransac,277,247,0,0,0,nan,nan,nan,0
baseline,0.0,physical_raw,6,s3-s5,1,svd,277,283,0,0,0,nan,nan,nan,0
baseline,0.0,physical_raw,6,s3-s5,1,svd+ransac,277,283,0,0,0,nan,nan,nan,0
baseline,0.0,physical_raw,6,s3-s6,0,svd,277,351,0,0,0,nan,nan,nan,0
baseline,0.0,physical_raw,6,s3-s6,0,svd+ransac,277,351,0,0,0,nan,nan,nan,0
baseline,0.0,physical_raw,6,s4-s5,1,svd,247,283,1,1,0,nan,nan,nan,0
baseline,0.0,physical_raw,6,s4-s5,1,svd+ransac,247,283,1,1,0,nan,nan,nan,0
baseline,0.0,physical_raw,6,s4-s6,1,svd,247,351,3,2,1,16.53777692,0.9948990195,1.605618967,0
baseline,0.0,physical_raw,6,s4-s6,1,svd+ransac,247,351,3,2,1,16.53777692,0.9948990195,1.605618967,0
baseline,0.0,physical_raw,6,s5-s6,1,svd,283,351,14,14,1,0.7080039357,0.0626074531,0.08158676,1
baseline,0.0,physical_raw,6,s5-s6,1,svd+ransac,283,351,14,14,1,0.5050422792,0.06269826458,0.07544220718,1
baseline,0.0,physical_raw,7,s1-s2,1,svd,292,324,0,0,0,nan,nan,nan,0
baseline,0.0,physical_raw,7,s1-s2,1,svd+ransac,292,324,0,0,0,nan,nan,nan,0
baseline,0.0,physical_raw,7,s1-s3,1,svd,292,257,0,0,0,nan,nan,nan,0
baseline,0.0,physical_raw,7,s1-s3,1,svd+ransac,292,257,0,0,0,nan,nan,nan,0
baseline,0.0,physical_raw,7,s1-s4,0,svd,292,265,0,0,0,nan,nan,nan,0
baseline,0.0,physical_raw,7,s1-s4,0,svd+ransac,292,265,0,0,0,nan,nan,nan,0
baseline,0.0,physical_raw,7,s1-s5,0,svd,292,277,0,0,0,nan,nan,nan,0
baseline,0.0,physical_raw,7,s1-s5,0,svd+ransac,292,277,0,0,0,nan,nan,nan,0
baseline,0.0,physical_raw,7,s1-s6,0,svd,292,337,3,0,1,158.816619,50.2519977,50.73976017,0
baseline,0.0,physical_raw,7,s1-s6,0,svd+ransac,292,337,3,0,1,158.816619,50.2519977,50.73976017,0
baseline,0.0,physical_raw,7,s2-s3,1,svd,324,257,4,2,1,1.499838611,0.1223862509,0.18237201,1
baseline,0.0,physical_raw,7,s2-s3,1,svd+ransac,324,257,4,2,1,1.499838611,0.1223862509,0.18237201,1
baseline,0.0,physical_raw,7,s2-s4,1,svd,324,265,3,3,1,3.074200545,0.5452190143,0.6028380391,0
baseline,0.0,physical_raw,7,s2-s4,1,svd+ransac,324,265,3,3,1,3.074200545,0.5452190143,0.6028380391,0
baseline,0.0,physical_raw,7,s2-s5,1,svd,324,277,3,0,1,74.54984478,10.75495413,12.50945181,0
baseline,0.0,physical_raw,7,s2-s5,1,svd+ransac,324,277,3,0,1,74.54984478,10.75495413,12.50945181,0
baseline,0.0,physical_raw,7,s2-s6,0,svd,324,337,0,0,0,nan,nan,nan,0
baseline,0.0,physical_raw,7,s2-s6,0,svd+ransac,324,337,0,0,0,nan,nan,nan,0
baseline,0.0,physical_raw,7,s3-s4,1,svd,257,265,0,0,0,nan,nan,nan,0
baseline,0.0,physical_raw,7,s3-s4,1,svd+ransac,257,265,0,0,0,nan,nan,nan,0
baseline,0.0,physical_raw,7,s3-s5,1,svd,257,277,0,0,0,nan,nan,nan,0
baseline,0.0,physical_raw,7,s3-s5,1,svd+ransac,257,277,0,0,0,nan,nan,nan,0
baseline,0.0,physical_raw,7,s3-s6,0,svd,257,337,0,0,0,nan,nan,nan,0
baseline,0.0,physical_raw,7,s3-s6,0,svd+ransac,257,337,0,0,0,nan,nan,nan,0
baseline,0.0,physical_raw,7,s4-s5,1,svd,265,277,15,15,1,0.1385455714,0.02626744637,0.03030939552,1
baseline,0.0,physical_raw,7,s4-s5,1,svd+ransac,265,277,15,15,1,0.1385455714,0.02626744637,0.03030939552,1
baseline,0.0,physical_raw,7,s4-s6,1,svd,265,337,3,0,1,57.52229507,29.72708573,29.99127587,0
baseline,0.0,physical_raw,7,s4-s6,1,svd+ransac,265,337,3,0,1,57.52229507,29.72708573,29.99127587,0
baseline,0.0,physical_raw,7,s5-s6,1,svd,277,337,8,8,1,0.2677967374,0.06413902089,0.0666290959,1
baseline,0.0,physical_raw,7,s5-s6,1,svd+ransac,277,337,8,8,1,0.2677967374,0.06413902089,0.0666290959,1
baseline,0.0,physical_raw,8,s1-s2,1,svd,273,322,7,7,1,1.166566292,0.1977516288,0.207216135,1
baseline,0.0,physical_raw,8,s1-s2,1,svd+ransac,273,322,7,7,1,1.166566292,0.1977516288,0.207216135,1
baseline,0.0,physical_raw,8,s1-s3,1,svd,273,274,0,0,0,nan,nan,nan,0
baseline,0.0,physical_raw,8,s1-s3,1,svd+ransac,273,274,0,0,0,nan,nan,nan,0
baseline,0.0,physical_raw,8,s1-s4,0,svd,273,252,0,0,0,nan,nan,nan,0
baseline,0.0,physical_raw,8,s1-s4,0,svd+ransac,273,252,0,0,0,nan,nan,nan,0
baseline,0.0,physical_raw,8,s1-s5,0,svd,273,275,0,0,0,nan,nan,nan,0
baseline,0.0,physical_raw,8,s1-s5,0,svd+ransac,273,275,0,0,0,nan,nan,nan,0
baseline,0.0,physical_raw,8,s1-s6,0,svd,273,331,0,0,0,nan,nan,nan,0
baseline,0.0,physical_raw,8,s1-s6,0,svd+ransac,273,331,0,0,0,nan,nan,nan,0
baseline,0.0,physical_raw,8,s2-s3,1,svd,322,274,6,6,1,0.6796691218,0.08627567972,0.09830318121,1
baseline,0.0,physical_raw,8,s2-s3,1,svd+ransac,322,274,6,6,1,0.6796691218,0.08627567972,0.09830318121,1
baseline,0.0,physical_raw,8,s2-s4,1,svd,322,252,3,0,1,45.18985326,23.43191972,24.062031,0
baseline,0.0,physical_raw,8,s2-s4,1,svd+ransac,322,252,3,0,1,45.18985326,23.43191972,24.062031,0
baseline,0.0,physical_raw,8,s2-s5,1,svd,322,275,0,0,0,nan,nan,nan,0
baseline,0.0,physical_raw,8,s2-s5,1,svd+ransac,322,275,0,0,0,nan,nan,nan,0
baseline,0.0,physical_raw,8,s2-s6,0,svd,322,331,0,0,0,nan,nan,nan,0
baseline,0.0,physical_raw,8,s2-s6,0,svd+ransac,322,331,0,0,0,nan,nan,nan,0
baseline,0.0,physical_raw,8,s3-s4,1,svd,274,252,0,0,0,nan,nan,nan,0
baseline,0.0,physical_raw,8,s3-s4,1,svd+ransac,274,252,0,0,0,nan,nan,nan,0
baseline,0.0,physical_raw,8,s3-s5,1,svd,274,275,0,0,0,nan,nan,nan,0
baseline,0.0,physical_raw,8,s3-s5,1,svd+ransac,274,275,0,0,0,nan,nan,nan,0
baseline,0.0,physical_raw,8,s3-s6,0,svd,274,331,0,0,0,nan,nan,nan,0
baseline,0.0,physical_raw,8,s3-s6,0,svd+ransac,274,331,0,0,0,nan,nan,nan,0
baseline,0.0,physical_raw,8,s4-s5,1,svd,252,275,17,17,1,0.2626418554,0.03969989292,0.04345555038,1
baseline,0.0,physical_raw,8,s4-s5,1,svd+ransac,252,275,17,17,1,0.2626418554,0.03969989292,0.04345555038,1
baseline,0.0,physical_raw,8,s4-s6,1,svd,252,331,9,9,1,0.6437113079,0.1109372092,0.1209457649,1
baseline,0.0,physical_raw,8,s4-s6,1,svd+ransac,252,331,9,9,1,0.186248359,0.08399444946,0.08562859763,1
baseline,0.0,physical_raw,8,s5-s6,1,svd,275,331,18,17,1,0.5516724881,0.05754937625,0.06679964227,1
baseline,0.0,physical_raw,8,s5-s6,1,svd+ransac,275,331,18,17,1,0.5516724881,0.05754937625,0.06679964227,1
baseline,0.0,physical_raw,9,s1-s2,1,svd,271,329,0,0,0,nan,nan,nan,0
baseline,0.0,physical_raw,9,s1-s2,1,svd+ransac,271,329,0,0,0,nan,nan,nan,0
baseline,0.0,physical_raw,9,s1-s3,1,svd,271,264,0,0,0,nan,nan,nan,0
baseline,0.0,physical_raw,9,s1-s3,1,svd+ransac,271,264,0,0,0,nan,nan,nan,0
baseline,0.0,physical_raw,9,s1-s4,0,svd,271,249,0,0,0,nan,nan,nan,0
baseline,0.0,physical_raw,9,s1-s4,0,svd+ransac,271,249,0,0,0,nan,nan,nan,0
baseline,0.0,physical_raw,9,s1-s5,0,svd,271,293,0,0,0,nan,nan,nan,0
baseline,0.0,physical_raw,9,s1-s5,0,svd+ransac,271,293,0,0,0,nan,nan,nan,0
baseline,0.0,physical_raw,9,s1-s6,0,svd,271,351,0,0,0,nan,nan,nan,0
baseline,0.0,physical_raw,9,s1-s6,0,svd+ransac,271,351,0,0,0,nan,nan,nan,0
baseline,0.0,physical_raw,9,s2-s3,1,svd,329,264,3,3,1,0.09686412027,0.04553399788,0.0465002099,1
baseline,0.0,physical_raw,9,s2-s3,1,svd+ransac,329,264,3,3,1,0.09686412027,0.04553399788,0.0465002099,1
baseline,0.0,physical_raw,9,s2-s4,1,svd,329,249,3,0,1,91.32883233,36.70338936,37.78722852,0
baseline,0.0,physical_raw,9,s2-s4,1,svd+ransac,329,249,3,0,1,91.32883233,36.70338936,37.78722852,0
baseline,0.0,physical_raw,9,s2-s5,1,svd,329,293,5,5,1,0.7462558381,0.07282259923,0.08934968842,1
baseline,0.0,physical_raw,9,s2-s5,1,svd+ransac,329,293,5,5,1,0.7462558381,0.07282259923,0.08934968842,1
baseline,0.0,physical_raw,9,s2-s6,0,svd,329,351,0,0,0,nan,nan,nan,0
baseline,0.0,physical_raw,9,s2-s6,0,svd+ransac,329,351,0,0,0,nan,nan,nan,0
baseline,0.0,physical_raw,9,s3-s4,1,svd,264,249,3,0,1,18.86284848,27.77880137,27.81909898,0
baseline,0.0,physical_raw,9,s3-s4,1,svd+ransac,264,249,3,0,1,18.86284848,27.77880137,27.81909898,0
baseline,0.0,physical_raw,9,s3-s5,1,svd,264,293,0,0,0,nan,nan,nan,0
baseline,0.0,physical_raw,9,s3-s5,1,svd+ransac,264,293,0,0,0,nan,nan,nan,0
baseline,0.0,physical_raw,9,s3-s6,0,svd,264,351,3,0,1,17.75038224,36.51990101,36.57856998,0
baseline,0.0,physical_raw,9,s3-s6,0,svd+ransac,264,351,3,0,1,17.75038224,36.51990101,36.57856998,0
baseline,0.0,physical_raw,9,s4-s5,1,svd,249,293,0,0,0,nan,nan,nan,0
baseline,0.0,physical_raw,9,s4-s5,1,svd+ransac,249,293,0,0,0,nan,nan,nan,0
baseline,0.0,physical_raw,9,s4-s6,1,svd,249,351,13,13,1,0.02439850082,0.06434737679,0.06436661076,1
baseline,0.0,physical_raw,9,s4-s6,1,svd+ransac,249,351,13,13,1,0.02439850082,0.06434737679,0.06436661076,1
baseline,0.0,physical_raw,9,s5-s6,1,svd,293,351,1,1,0,nan,nan,nan,0
baseline,0.0,physical_raw,9,s5-s6,1,svd+ransac,293,351,1,1,0,nan,nan,nan,0
baseline,0.0,physical_raw,10,s1-s2,1,svd,295,307,0,0,0,nan,nan,nan,0
baseline,0.0,physical_raw,10,s1-s2,1,svd+ransac,295,307,0,0,0,nan,nan,nan,0
baseline,0.0,physical_raw,10,s1-s3,1,svd,295,263,0,0,0,nan,nan,nan,0
baseline,0.0,physical_raw,10,s1-s3,1,svd+ransac,295,263,0,0,0,nan,nan,nan,0
baseline,0.0,physical_raw,10,s1-s4,0,svd,295,247,3,0,1,152.9088904,40.09567824,41.09914219,0
baseline,0.0,physical_raw,10,s1-s4,0,svd+ransac,295,247,3,0,1,152.9088904,40.09567824,41.09914219,0
baseline,0.0,physical_raw,10,s1-s5,0,svd,295,287,4,0,1,139.3482369,29.23315937,30.5776919,0
baseline,0.0,physical_raw,10,s1-s5,0,svd+ransac,295,287,4,0,1,138.938734,29.27373548,30.61436402,0
baseline,0.0,physical_raw,10,s1-s6,0,svd,295,340,0,0,0,nan,nan,nan,0
baseline,0.0,physical_raw,10,s1-s6,0,svd+ransac,295,340,0,0,0,nan,nan,nan,0
baseline,0.0,physical_raw,10,s2-s3,1,svd,307,263,7,7,1,0.2075164183,0.04597562832,0.05060098828,1
baseline,0.0,physical_raw,10,s2-s3,1,svd+ransac,307,263,7,7,1,0.2075164183,0.04597562832,0.05060098828,1
baseline,0.0,physical_raw,10,s2-s4,1,svd,307,247,0,0,0,nan,nan,nan,0
baseline,0.0,physical_raw,10,s2-s4,1,svd+ransac,307,247,0,0,0,nan,nan,nan,0
baseline,0.0,physical_raw,10,s2-s5,1,svd,307,287,0,0,0,nan,nan,nan,0
baseline,0.0,physical_raw,10,s2-s5,1,svd+ransac,307,287,0,0,0,nan,nan,nan,0
baseline,0.0,physical_raw,10,s2-s6,0,svd,307,340,0,0,0,nan,nan,nan,0
baseline,0.0,physical_raw,10,s2-s6,0,svd+ransac,307,340,0,0,0,nan,nan,nan,0
baseline,0.0,physical_raw,10,s3-s4,1,svd,263,247,11,11,1,0.8579738115,0.03076720969,0.06414572485,1
baseline,0.0,physical_raw,10,s3-s4,1,svd+ransac,263,247,11,11,1,0.8579738115,0.03076720969,0.06414572485,1
baseline,0.0,physical_raw,10,s3-s5,1,svd,263,287,0,0,0,nan,nan,nan,0
baseline,0.0,physical_raw,10,s3-s5,1,svd+ransac,263,287,0,0,0,nan,nan,nan,0
baseline,0.0,physical_raw,10,s3-s6,0,svd,263,340,4,4,1,0.9746708408,0.4749476092,0.471931296,1
baseline,0.0,physical_raw,10,s3-s6,0,svd+ransac,263,340,4,4,1,0.9746708408,0.4749476092,0.471931296,1
baseline,0.0,physical_raw,10,s4-s5,1,svd,247,287,0,0,0,nan,nan,nan,0
baseline,0.0,physical_raw,10,s4-s5,1,svd+ransac,247,287,0,0,0,nan,nan,nan,0
baseline,0.0,physical_raw,10,s4-s6,1,svd,247,340,1,1,0,nan,nan,nan,0
baseline,0.0,physical_raw,10,s4-s6,1,svd+ransac,247,340,1,1,0,nan,nan,nan,0
baseline,0.0,physical_raw,10,s5-s6,1,svd,287,340,3,3,1,1.099693744,0.04557772843,0.08664755727,1
baseline,0.0,physical_raw,10,s5-s6,1,svd+ransac,287,340,3,3,1,1.099693744,0.04557772843,0.08664755727,1
baseline,0.0,linear_matched,1,s1-s2,1,svd,305,329,4,0,1,138.6516409,21.03094232,22.88940092,0
baseline,0.0,linear_matched,1,s1-s2,1,svd+ransac,305,329,4,0,1,139.1243965,21.13950061,22.96120611,0
baseline,0.0,linear_matched,1,s1-s3,1,svd,305,281,3,0,1,98.43987772,6.732358808,10.04438645,0
baseline,0.0,linear_matched,1,s1-s3,1,svd+ransac,305,281,3,0,1,98.43987772,6.732358808,10.04438645,0
baseline,0.0,linear_matched,1,s1-s4,0,svd,305,266,4,4,1,1.010876163,0.04544612619,0.07278846686,1
baseline,0.0,linear_matched,1,s1-s4,0,svd+ransac,305,266,4,4,1,1.010876163,0.04544612619,0.07278846686,1
baseline,0.0,linear_matched,1,s1-s5,0,svd,305,292,3,0,1,101.9535811,39.32659045,39.68937715,0
baseline,0.0,linear_matched,1,s1-s5,0,svd+ransac,305,292,3,0,1,101.9535811,39.32659045,39.68937715,0
baseline,0.0,linear_matched,1,s1-s6,0,svd,305,353,0,0,0,nan,nan,nan,0
baseline,0.0,linear_matched,1,s1-s6,0,svd+ransac,305,353,0,0,0,nan,nan,nan,0
baseline,0.0,linear_matched,1,s2-s3,1,svd,329,281,4,0,1,68.11936159,6.838093278,8.892218078,0
baseline,0.0,linear_matched,1,s2-s3,1,svd+ransac,329,281,4,0,1,68.11936159,6.838093278,8.892218078,0
baseline,0.0,linear_matched,1,s2-s4,1,svd,329,266,0,0,0,nan,nan,nan,0
baseline,0.0,linear_matched,1,s2-s4,1,svd+ransac,329,266,0,0,0,nan,nan,nan,0
baseline,0.0,linear_matched,1,s2-s5,1,svd,329,292,3,0,1,12.90941499,29.8288748,29.77463255,0
baseline,0.0,linear_matched,1,s2-s5,1,svd+ransac,329,292,3,0,1,12.90941499,29.8288748,29.77463255,0
baseline,0.0,linear_matched,1,s2-s6,0,svd,329,353,3,0,1,15.72305748,15.87687036,16.05975992,0
baseline,0.0,linear_matched,1,s2-s6,0,svd+ransac,329,353,3,0,1,15.72305748,15.87687036,16.05975992,0
baseline,0.0,linear_matched,1,s3-s4,1,svd,281,266,3,0,1,118.7207632,21.55368142,23.06402082,0
baseline,0.0,linear_matched,1,s3-s4,1,svd+ransac,281,266,3,0,1,118.7207632,21.55368142,23.06402082,0
baseline,0.0,linear_matched,1,s3-s5,1,svd,281,292,0,0,0,nan,nan,nan,0
baseline,0.0,linear_matched,1,s3-s5,1,svd+ransac,281,292,0,0,0,nan,nan,nan,0
baseline,0.0,linear_matched,1,s3-s6,0,svd,281,353,0,0,0,nan,nan,nan,0
baseline,0.0,linear_matched,1,s3-s6,0,svd+ransac,281,353,0,0,0,nan,nan,nan,0
baseline,0.0,linear_matched,1,s4-s5,1,svd,266,292,11,10,1,0.446552005,0.04727292959,0.06535875156,1
baseline,0.0,linear_matched,1,s4-s5,1,svd+ransac,266,292,11,10,1,0.446552005,0.04727292959,0.06535875156,1
baseline,0.0,linear_matched,1,s4-s6,1,svd,266,353,0,0,0,nan,nan,nan,0
baseline,0.0,linear_matched,1,s4-s6,1,svd+ransac,266,353,0,0,0,nan,nan,nan,0
baseline,0.0,linear_matched,1,s5-s6,1,svd,292,353,6,6,1,0.7718009862,0.2376660622,0.2408704586,1
baseline,0.0,linear_matched,1,s5-s6,1,svd+ransac,292,353,6,6,1,2.339202432,0.1388526743,0.1974577312,0
baseline,0.0,linear_matched,2,s1-s2,1,svd,300,328,3,0,1,131.7757107,8.103538211,12.28157535,0
baseline,0.0,linear_matched,2,s1-s2,1,svd+ransac,300,328,3,0,1,131.7757107,8.103538211,12.28157535,0
baseline,0.0,linear_matched,2,s1-s3,1,svd,300,295,0,0,0,nan,nan,nan,0
baseline,0.0,linear_matched,2,s1-s3,1,svd+ransac,300,295,0,0,0,nan,nan,nan,0
baseline,0.0,linear_matched,2,s1-s4,0,svd,300,272,0,0,0,nan,nan,nan,0
baseline,0.0,linear_matched,2,s1-s4,0,svd+ransac,300,272,0,0,0,nan,nan,nan,0
baseline,0.0,linear_matched,2,s1-s5,0,svd,300,285,4,0,1,31.45561907,21.70458367,21.68681982,0
baseline,0.0,linear_matched,2,s1-s5,0,svd+ransac,300,285,4,0,1,31.45561907,21.70458367,21.68681982,0
baseline,0.0,linear_matched,2,s1-s6,0,svd,300,360,0,0,0,nan,nan,nan,0
baseline,0.0,linear_matched,2,s1-s6,0,svd+ransac,300,360,0,0,0,nan,nan,nan,0
baseline,0.0,linear_matched,2,s2-s3,1,svd,328,295,4,4,1,1.62241425,0.2632652177,0.2838873558,1
baseline,0.0,linear_matched,2,s2-s3,1,svd+ransac,328,295,4,4,1,1.62241425,0.2632652177,0.2838873558,1
baseline,0.0,linear_matched,2,s2-s4,1,svd,328,272,0,0,0,nan,nan,nan,0
baseline,0.0,linear_matched,2,s2-s4,1,svd+ransac,328,272,0,0,0,nan,nan,nan,0
baseline,0.0,linear_matched,2,s2-s5,1,svd,328,285,5,5,1,1.390984887,0.07332768449,0.1158086219,1
baseline,0.0,linear_matched,2,s2-s5,1,svd+ransac,328,285,5,5,1,1.390984887,0.07332768449,0.1158086219,1
baseline,0.0,linear_matched,2,s2-s6,0,svd,328,360,0,0,0,nan,nan,nan,0
baseline,0.0,linear_matched,2,s2-s6,0,svd+ransac,328,360,0,0,0,nan,nan,nan,0
baseline,0.0,linear_matched,2,s3-s4,1,svd,295,272,3,0,1,174.933431,31.2128367,32.58382567,0
baseline,0.0,linear_matched,2,s3-s4,1,svd+ransac,295,272,3,0,1,174.933431,31.2128367,32.58382567,0
baseline,0.0,linear_matched,2,s3-s5,1,svd,295,285,0,0,0,nan,nan,nan,0
baseline,0.0,linear_matched,2,s3-s5,1,svd+ransac,295,285,0,0,0,nan,nan,nan,0
baseline,0.0,linear_matched,2,s3-s6,0,svd,295,360,4,4,1,1.187789941,0.1665320351,0.1794529724,1
baseline,0.0,linear_matched,2,s3-s6,0,svd+ransac,295,360,4,4,1,1.187789941,0.1665320351,0.1794529724,1
baseline,0.0,linear_matched,2,s4-s5,1,svd,272,285,6,6,1,0.3636217781,0.0308058388,0.03834298845,1
baseline,0.0,linear_matched,2,s4-s5,1,svd+ransac,272,285,6,6,1,0.3636217781,0.0308058388,0.03834298845,1
baseline,0.0,linear_matched,2,s4-s6,1,svd,272,360,0,0,0,nan,nan,nan,0
baseline,0.0,linear_matched,2,s4-s6,1,svd+ransac,272,360,0,0,0,nan,nan,nan,0
baseline,0.0,linear_matched,2,s5-s6,1,svd,285,360,1,1,0,nan,nan,nan,0
baseline,0.0,linear_matched,2,s5-s6,1,svd+ransac,285,360,1,1,0,nan,nan,nan,0
baseline,0.0,linear_matched,3,s1-s2,1,svd,302,345,0,0,0,nan,nan,nan,0
baseline,0.0,linear_matched,3,s1-s2,1,svd+ransac,302,345,0,0,0,nan,nan,nan,0
baseline,0.0,linear_matched,3,s1-s3,1,svd,302,290,0,0,0,nan,nan,nan,0
baseline,0.0,linear_matched,3,s1-s3,1,svd+ransac,302,290,0,0,0,nan,nan,nan,0
baseline,0.0,linear_matched,3,s1-s4,0,svd,302,262,0,0,0,nan,nan,nan,0
baseline,0.0,linear_matched,3,s1-s4,0,svd+ransac,302,262,0,0,0,nan,nan,nan,0
baseline,0.0,linear_matched,3,s1-s5,0,svd,302,287,3,0,1,173.6241264,51.03285339,52.04647391,0
baseline,0.0,linear_matched,3,s1-s5,0,svd+ransac,302,287,3,0,1,173.6241264,51.03285339,52.04647391,0
baseline,0.0,linear_matched,3,s1-s6,0,svd,302,364,0,0,0,nan,nan,nan,0
baseline,0.0,linear_matched,3,s1-s6,0,svd+ransac,302,364,0,0,0,nan,nan,nan,0
baseline,0.0,linear_matched,3,s2-s3,1,svd,345,290,0,0,0,nan,nan,nan,0
baseline,0.0,linear_matched,3,s2-s3,1,svd+ransac,345,290,0,0,0,nan,nan,nan,0
baseline,0.0,linear_matched,3,s2-s4,1,svd,345,262,0,0,0,nan,nan,nan,0
baseline,0.0,linear_matched,3,s2-s4,1,svd+ransac,345,262,0,0,0,nan,nan,nan,0
baseline,0.0,linear_matched,3,s2-s5,1,svd,345,287,8,7,1,1.93877072,0.1503082354,0.1919053498,1
baseline,0.0,linear_matched,3,s2-s5,1,svd+ransac,345,287,8,7,1,1.495128594,0.1381894448,0.1668587052,1
baseline,0.0,linear_matched,3,s2-s6,0,svd,345,364,0,0,0,nan,nan,nan,0
baseline,0.0,linear_matched,3,s2-s6,0,svd+ransac,345,364,0,0,0,nan,nan,nan,0
baseline,0.0,linear_matched,3,s3-s4,1,svd,290,262,0,0,0,nan,nan,nan,0
baseline,0.0,linear_matched,3,s3-s4,1,svd+ransac,290,262,0,0,0,nan,nan,nan,0
baseline,0.0,linear_matched,3,s3-s5,1,svd,290,287,0,0,0,nan,nan,nan,0
baseline,0.0,linear_matched,3,s3-s5,1,svd+ransac,290,287,0,0,0,nan,nan,nan,0
baseline,0.0,linear_matched,3,s3-s6,0,svd,290,364,0,0,0,nan,nan,nan,0
baseline,0.0,linear_matched,3,s3-s6,0,svd+ransac,290,364,0,0,0,nan,nan,nan,0
baseline,0.0,linear_matched,3,s4-s5,1,svd,262,287,3,3,1,5.674495214,1.49940288,1.533069026,0
baseline,0.0,linear_matched,3,s4-s5,1,svd+ransac,262,287,3,3,1,5.674495214,1.49940288,1.533069026,0
baseline,0.0,linear_matched,3,s4-s6,1,svd,262,364,0,0,0,nan,nan,nan,0
baseline,0.0,linear_matched,3,s4-s6,1,svd+ransac,262,364,0,0,0,nan,nan,nan,0
baseline,0.0,linear_matched,3,s5-s6,1,svd,287,364,8,8,1,1.535298652,0.08301914803,0.1285008405,1
baseline,0.0,linear_matched,3,s5-s6,1,svd+ransac,287,364,8,8,1,1.535298652,0.08301914803,0.1285008405,1
baseline,0.0,linear_matched,4,s1-s2,1,svd,304,341,0,0,0,nan,nan,nan,0
baseline,0.0,linear_matched,4,s1-s2,1,svd+ransac,304,341,0,0,0,nan,nan,nan,0
baseline,0.0,linear_matched,4,s1-s3,1,svd,304,285,0,0,0,nan,nan,nan,0
baseline,0.0,linear_matched,4,s1-s3,1,svd+ransac,304,285,0,0,0,nan,nan,nan,0
baseline,0.0,linear_matched,4,s1-s4,0,svd,304,268,0,0,0,nan,nan,nan,0
baseline,0.0,linear_matched,4,s1-s4,0,svd+ransac,304,268,0,0,0,nan,nan,nan,0
baseline,0.0,linear_matched,4,s1-s5,0,svd,304,286,0,0,0,nan,nan,nan,0
baseline,0.0,linear_matched,4,s1-s5,0,svd+ransac,304,286,0,0,0,nan,nan,nan,0
baseline,0.0,linear_matched,4,s1-s6,0,svd,304,353,0,0,0,nan,nan,nan,0
baseline,0.0,linear_matched,4,s1-s6,0,svd+ransac,304,353,0,0,0,nan,nan,nan,0
baseline,0.0,linear_matched,4,s2-s3,1,svd,341,285,3,3,1,0.9458664505,0.1247772478,0.1350531284,1
baseline,0.0,linear_matched,4,s2-s3,1,svd+ransac,341,285,3,3,1,0.9458664505,0.1247772478,0.1350531284,1
baseline,0.0,linear_matched,4,s2-s4,1,svd,341,268,0,0,0,nan,nan,nan,0
baseline,0.0,linear_matched,4,s2-s4,1,svd+ransac,341,268,0,0,0,nan,nan,nan,0
baseline,0.0,linear_matched,4,s2-s5,1,svd,341,286,0,0,0,nan,nan,nan,0
baseline,0.0,linear_matched,4,s2-s5,1,svd+ransac,341,286,0,0,0,nan,nan,nan,0
baseline,0.0,linear_matched,4,s2-s6,0,svd,341,353,4,0,1,148.0873498,29.2523761,31.21966426,0
baseline,0.0,linear_matched,4,s2-s6,0,svd+ransac,341,353,4,0,1,148.0080143,29.32139733,31.25993851,0
baseline,0.0,linear_matched,4,s3-s4,1,svd,285,268,0,0,0,nan,nan,nan,0
baseline,0.0,linear_matched,4,s3-s4,1,svd+ransac,285,268,0,0,0,nan,nan,nan,0
baseline,0.0,linear_matched,4,s3-s5,1,svd,285,286,0,0,0,nan,nan,nan,0
baseline,0.0,linear_matched,4,s3-s5,1,svd+ransac,285,286,0,0,0,nan,nan,nan,0
baseline,0.0,linear_matched,4,s3-s6,0,svd,285,353,0,0,0,nan,nan,nan,0
baseline,0.0,linear_matched,4,s3-s6,0,svd+ransac,285,353,0,0,0,nan,nan,nan,0
baseline,0.0,linear_matched,4,s4-s5,1,svd,268,286,0,0,0,nan,nan,nan,0
baseline,0.0,linear_matched,4,s4-s5,1,svd+ransac,268,286,0,0,0,nan,nan,nan,0
baseline,0.0,linear_matched,4,s4-s6,1,svd,268,353,0,0,0,nan,nan,nan,0
baseline,0.0,linear_matched,4,s4-s6,1,svd+ransac,268,353,0,0,0,nan,nan,nan,0
baseline,0.0,linear_matched,4,s5-s6,1,svd,286,353,5,5,1,1.381530984,0.2009492594,0.22324041,1
baseline,0.0,linear_matched,4,s5-s6,1,svd+ransac,286,353,5,5,1,1.381530984,0.2009492594,0.22324041,1
baseline,0.0,linear_matched,5,s1-s2,1,svd,309,336,0,0,0,nan,nan,nan,0
baseline,0.0,linear_matched,5,s1-s2,1,svd+ransac,309,336,0,0,0,nan,nan,nan,0
baseline,0.0,linear_matched,5,s1-s3,1,svd,309,298,0,0,0,nan,nan,nan,0
baseline,0.0,linear_matched,5,s1-s3,1,svd+ransac,309,298,0,0,0,nan,nan,nan,0
baseline,0.0,linear_matched,5,s1-s4,0,svd,309,273,0,0,0,nan,nan,nan,0
baseline,0.0,linear_matched,5,s1-s4,0,svd+ransac,309,273,0,0,0,nan,nan,nan,0
baseline,0.0,linear_matched,5,s1-s5,0,svd,309,292,4,0,1,58.83298483,48.91436594,48.79325734,0
baseline,0.0,linear_matched,5,s1-s5,0,svd+ransac,309,292,4,0,1,58.83298483,48.91436594,48.79325734,0
baseline,0.0,linear_matched,5,s1-s6,0,svd,309,363,0,0,0,nan,nan,nan,0
baseline,0.0,linear_matched,5,s1-s6,0,svd+ransac,309,363,0,0,0,nan,nan,nan,0
baseline,0.0,linear_matched,5,s2-s3,1,svd,336,298,0,0,0,nan,nan,nan,0
baseline,0.0,linear_matched,5,s2-s3,1,svd+ransac,336,298,0,0,0,nan,nan,nan,0
baseline,0.0,linear_matched,5,s2-s4,1,svd,336,273,0,0,0,nan,nan,nan,0
baseline,0.0,linear_matched,5,s2-s4,1,svd+ransac,336,273,0,0,0,nan,nan,nan,0
baseline,0.0,linear_matched,5,s2-s5,1,svd,336,292,9,9,1,2.439923917,0.1591775385,0.2131945659,0
baseline,0.0,linear_matched,5,s2-s5,1,svd+ransac,336,292,9,9,1,1.354245382,0.1161258769,0.1389927421,1
baseline,0.0,linear_matched,5,s2-s6,0,svd,336,363,0,0,0,nan,nan,nan,0
baseline,0.0,linear_matched,5,s2-s6,0,svd+ransac,336,363,0,0,0,nan,nan,nan,0
baseline,0.0,linear_matched,5,s3-s4,1,svd,298,273,0,0,0,nan,nan,nan,0
baseline,0.0,linear_matched,5,s3-s4,1,svd+ransac,298,273,0,0,0,nan,nan,nan,0
baseline,0.0,linear_matched,5,s3-s5,1,svd,298,292,5,5,1,0.4145056734,0.07903035347,0.08180634453,1
baseline,0.0,linear_matched,5,s3-s5,1,svd+ransac,298,292,5,5,1,0.4145056734,0.07903035347,0.08180634453,1
baseline,0.0,linear_matched,5,s3-s6,0,svd,298,363,3,0,1,151.8892022,39.21909594,39.9799856,0
baseline,0.0,linear_matched,5,s3-s6,0,svd+ransac,298,363,3,0,1,151.8892022,39.21909594,39.9799856,0
baseline,0.0,linear_matched,5,s4-s5,1,svd,273,292,0,0,0,nan,nan,nan,0
baseline,0.0,linear_matched,5,s4-s5,1,svd+ransac,273,292,0,0,0,nan,nan,nan,0
baseline,0.0,linear_matched,5,s4-s6,1,svd,273,363,0,0,0,nan,nan,nan,0
baseline,0.0,linear_matched,5,s4-s6,1,svd+ransac,273,363,0,0,0,nan,nan,nan,0
baseline,0.0,linear_matched,5,s5-s6,1,svd,292,363,1,1,0,nan,nan,nan,0
baseline,0.0,linear_matched,5,s5-s6,1,svd+ransac,292,363,1,1,0,nan,nan,nan,0
baseline,0.0,linear_matched,6,s1-s2,1,svd,302,337,0,0,0,nan,nan,nan,0
baseline,0.0,linear_matched,6,s1-s2,1,svd+ransac,302,337,0,0,0,nan,nan,nan,0
baseline,0.0,linear_matched,6,s1-s3,1,svd,302,291,0,0,0,nan,nan,nan,0
baseline,0.0,linear_matched,6,s1-s3,1,svd+ransac,302,291,0,0,0,nan,nan,nan,0
baseline,0.0,linear_matched,6,s1-s4,0,svd,302,260,0,0,0,nan,nan,nan,0
baseline,0.0,linear_matched,6,s1-s4,0,svd+ransac,302,260,0,0,0,nan,nan,nan,0
baseline,0.0,linear_matched,6,s1-s5,0,svd,302,294,3,0,1,13.27308013,40.69391978,40.67863663,0
baseline,0.0,linear_matched,6,s1-s5,0,svd+ransac,302,294,3,0,1,13.27308013,40.69391978,40.67863663,0
baseline,0.0,linear_matched,6,s1-s6,0,svd,302,369,0,0,0,nan,nan,nan,0
baseline,0.0,linear_matched,6,s1-s6,0,svd+ransac,302,369,0,0,0,nan,nan,nan,0
baseline,0.0,linear_matched,6,s2-s3,1,svd,337,291,0,0,0,nan,nan,nan,0
baseline,0.0,linear_matched,6,s2-s3,1,svd+ransac,337,291,0,0,0,nan,nan,nan,0
baseline,0.0,linear_matched,6,s2-s4,1,svd,337,260,0,0,0,nan,nan,nan,0
baseline,0.0,linear_matched,6,s2-s4,1,svd+ransac,337,260,0,0,0,nan,nan,nan,0
baseline,0.0,linear_matched,6,s2-s5,1,svd,337,294,0,0,0,nan,nan,nan,0
baseline,0.0,linear_matched,6,s2-s5,1,svd+ransac,337,294,0,0,0,nan,nan,nan,0
baseline,0.0,linear_matched,6,s2-s6,0,svd,337,369,4,0,1,58.7770816,18.18875296,19.4016568,0
baseline,0.0,linear_matched,6,s2-s6,0,svd+ransac,337,369,4,0,1,59.71687065,18.01342461,19.27677911,0
baseline,0.0,linear_matched,6,s3-s4,1,svd,291,260,0,0,0,nan,nan,nan,0
baseline,0.0,linear_matched,6,s3-s4,1,svd+ransac,291,260,0,0,0,nan,nan,nan,0
baseline,0.0,linear_matched,6,s3-s5,1,svd,291,294,0,0,0,nan,nan,nan,0
baseline,0.0,linear_matched,6,s3-s5,1,svd+ransac,291,294,0,0,0,nan,nan,nan,0
baseline,0.0,linear_matched,6,s3-s6,0,svd,291,369,0,0,0,nan,nan,nan,0
baseline,0.0,linear_matched,6,s3-s6,0,svd+ransac,291,369,0,0,0,nan,nan,nan,0
baseline,0.0,linear_matched,6,s4-s5,1,svd,260,294,3,1,1,42.15375453,12.06067431,12.32084934,0
baseline,0.0,linear_matched,6,s4-s5,1,svd+ransac,260,294,3,1,1,42.15375453,12.06067431,12.32084934,0
baseline,0.0,linear_matched,6,s4-s6,1,svd,260,369,5,5,1,0.6106705242,0.2387728116,0.2419054159,1
baseline,0.0,linear_matched,6,s4-s6,1,svd+ransac,260,369,5,5,1,0.6106705242,0.2387728116,0.2419054159,1
baseline,0.0,linear_matched,6,s5-s6,1,svd,294,369,0,0,0,nan,nan,nan,0
baseline,0.0,linear_matched,6,s5-s6,1,svd+ransac,294,369,0,0,0,nan,nan,nan,0
baseline,0.0,linear_matched,7,s1-s2,1,svd,317,339,0,0,0,nan,nan,nan,0
baseline,0.0,linear_matched,7,s1-s2,1,svd+ransac,317,339,0,0,0,nan,nan,nan,0
baseline,0.0,linear_matched,7,s1-s3,1,svd,317,285,5,5,1,1.09529748,0.1192094147,0.1538488129,1
baseline,0.0,linear_matched,7,s1-s3,1,svd+ransac,317,285,5,5,1,1.09529748,0.1192094147,0.1538488129,1
baseline,0.0,linear_matched,7,s1-s4,0,svd,317,284,4,0,1,66.58395394,25.54940554,25.89578254,0
baseline,0.0,linear_matched,7,s1-s4,0,svd+ransac,317,284,4,0,1,66.58395394,25.54940554,25.89578254,0
baseline,0.0,linear_matched,7,s1-s5,0,svd,317,282,0,0,0,nan,nan,nan,0
baseline,0.0,linear_matched,7,s1-s5,0,svd+ransac,317,282,0,0,0,nan,nan,nan,0
baseline,0.0,linear_matched,7,s1-s6,0,svd,317,354,0,0,0,nan,nan,nan,0
baseline,0.0,linear_matched,7,s1-s6,0,svd+ransac,317,354,0,0,0,nan,nan,nan,0
baseline,0.0,linear_matched,7,s2-s3,1,svd,339,285,3,3,1,0.9514644519,0.2605493828,0.2701429548,1
baseline,0.0,linear_matched,7,s2-s3,1,svd+ransac,339,285,3,3,1,0.9514644519,0.2605493828,0.2701429548,1
baseline,0.0,linear_matched,7,s2-s4,1,svd,339,284,0,0,0,nan,nan,nan,0
baseline,0.0,linear_matched,7,s2-s4,1,svd+ransac,339,284,0,0,0,nan,nan,nan,0
baseline,0.0,linear_matched,7,s2-s5,1,svd,339,282,0,0,0,nan,nan,nan,0
baseline,0.0,linear_matched,7,s2-s5,1,svd+ransac,339,282,0,0,0,nan,nan,nan,0
baseline,0.0,linear_matched,7,s2-s6,0,svd,339,354,0,0,0,nan,nan,nan,0
baseline,0.0,linear_matched,7,s2-s6,0,svd+ransac,339,354,0,0,0,nan,nan,nan,0
baseline,0.0,linear_matched,7,s3-s4,1,svd,285,284,0,0,0,nan,nan,nan,0
baseline,0.0,linear_matched,7,s3-s4,1,svd+ransac,285,284,0,0,0,nan,nan,nan,0
baseline,0.0,linear_matched,7,s3-s5,1,svd,285,282,3,0,1,22.5494801,39.09951448,39.25774994,0
baseline,0.0,linear_matched,7,s3-s5,1,svd+ransac,285,282,3,0,1,22.5494801,39.09951448,39.25774994,0
baseline,0.0,linear_matched,7,s3-s6,0,svd,285,354,0,0,0,nan,nan,nan,0
baseline,0.0,linear_matched,7,s3-s6,0,svd+ransac,285,354,0,0,0,nan,nan,nan,0
baseline,0.0,linear_matched,7,s4-s5,1,svd,284,282,5,0,1,132.1044712,5.227911633,10.54940383,0
baseline,0.0,linear_matched,7,s4-s5,1,svd+ransac,284,282,5,0,1,131.8522344,5.460268026,10.61705766,0
baseline,0.0,linear_matched,7,s4-s6,1,svd,284,354,3,0,1,177.5662144,18.1900899,21.0693136,0
baseline,0.0,linear_matched,7,s4-s6,1,svd+ransac,284,354,3,0,1,177.5662144,18.1900899,21.0693136,0
baseline,0.0,linear_matched,7,s5-s6,1,svd,282,354,3,3,1,0.9062986127,0.1912701607,0.1996181186,1
baseline,0.0,linear_matched,7,s5-s6,1,svd+ransac,282,354,3,3,1,0.9062986127,0.1912701607,0.1996181186,1
baseline,0.0,linear_matched,8,s1-s2,1,svd,283,343,0,0,0,nan,nan,nan,0
baseline,0.0,linear_matched,8,s1-s2,1,svd+ransac,283,343,0,0,0,nan,nan,nan,0
baseline,0.0,linear_matched,8,s1-s3,1,svd,283,289,0,0,0,nan,nan,nan,0
baseline,0.0,linear_matched,8,s1-s3,1,svd+ransac,283,289,0,0,0,nan,nan,nan,0
baseline,0.0,linear_matched,8,s1-s4,0,svd,283,263,0,0,0,nan,nan,nan,0
baseline,0.0,linear_matched,8,s1-s4,0,svd+ransac,283,263,0,0,0,nan,nan,nan,0
baseline,0.0,linear_matched,8,s1-s5,0,svd,283,304,0,0,0,nan,nan,nan,0
baseline,0.0,linear_matched,8,s1-s5,0,svd+ransac,283,304,0,0,0,nan,nan,nan,0
baseline,0.0,linear_matched,8,s1-s6,0,svd,283,349,3,0,1,14.90349376,39.86992564,39.81165162,0
baseline,0.0,linear_matched,8,s1-s6,0,svd+ransac,283,349,3,0,1,14.90349376,39.86992564,39.81165162,0
baseline,0.0,linear_matched,8,s2-s3,1,svd,343,289,8,8,1,0.7253381151,0.02384922346,0.05374269872,1
baseline,0.0,linear_matched,8,s2-s3,1,svd+ransac,343,289,8,8,1,0.7253381151,0.02384922346,0.05374269872,1
baseline,0.0,linear_matched,8,s2-s4,1,svd,343,263,0,0,0,nan,nan,nan,0
baseline,0.0,linear_matched,8,s2-s4,1,svd+ransac,343,263,0,0,0,nan,nan,nan,0
baseline,0.0,linear_matched,8,s2-s5,1,svd,343,304,0,0,0,nan,nan,nan,0
baseline,0.0,linear_matched,8,s2-s5,1,svd+ransac,343,304,0,0,0,nan,nan,nan,0
baseline,0.0,linear_matched,8,s2-s6,0,svd,343,349,0,0,0,nan,nan,nan,0
baseline,0.0,linear_matched,8,s2-s6,0,svd+ransac,343,349,0,0,0,nan,nan,nan,0
baseline,0.0,linear_matched,8,s3-s4,1,svd,289,263,4,0,1,76.23236099,15.33780766,16.55956207,0
baseline,0.0,linear_matched,8,s3-s4,1,svd+ransac,289,263,4,0,1,76.23236099,15.33780766,16.55956207,0
baseline,0.0,linear_matched,8,s3-s5,1,svd,289,304,5,5,1,1.587124024,0.570118879,0.568760728,0
baseline,0.0,linear_matched,8,s3-s5,1,svd+ransac,289,304,5,5,1,1.587124024,0.570118879,0.568760728,0
baseline,0.0,linear_matched,8,s3-s6,0,svd,289,349,0,0,0,nan,nan,nan,0
baseline,0.0,linear_matched,8,s3-s6,0,svd+ransac,289,349,0,0,0,nan,nan,nan,0
baseline,0.0,linear_matched,8,s4-s5,1,svd,263,304,0,0,0,nan,nan,nan,0
baseline,0.0,linear_matched,8,s4-s5,1,svd+ransac,263,304,0,0,0,nan,nan,nan,0
baseline,0.0,linear_matched,8,s4-s6,1,svd,263,349,1,1,0,nan,nan,nan,0
baseline,0.0,linear_matched,8,s4-s6,1,svd+ransac,263,349,1,1,0,nan,nan,nan,0
baseline,0.0,linear_matched,8,s5-s6,1,svd,304,349,15,14,1,0.4890304046,0.04987828139,0.05975480931,1
baseline,0.0,linear_matched,8,s5-s6,1,svd+ransac,304,349,15,14,1,0.6805521713,0.07349827827,0.08510014598,1
baseline,0.0,linear_matched,9,s1-s2,1,svd,301,346,0,0,0,nan,nan,nan,0
baseline,0.0,linear_matched,9,s1-s2,1,svd+ransac,301,346,0,0,0,nan,nan,nan,0
baseline,0.0,linear_matched,9,s1-s3,1,svd,301,304,0,0,0,nan,nan,nan,0
baseline,0.0,linear_matched,9,s1-s3,1,svd+ransac,301,304,0,0,0,nan,nan,nan,0
baseline,0.0,linear_matched,9,s1-s4,0,svd,301,267,4,0,1,26.09508403,23.80473463,24.04921307,0
baseline,0.0,linear_matched,9,s1-s4,0,svd+ransac,301,267,4,0,1,26.09508403,23.80473463,24.04921307,0
baseline,0.0,linear_matched,9,s1-s5,0,svd,301,288,0,0,0,nan,nan,nan,0
baseline,0.0,linear_matched,9,s1-s5,0,svd+ransac,301,288,0,0,0,nan,nan,nan,0
baseline,0.0,linear_matched,9,s1-s6,0,svd,301,371,3,0,1,57.50412539,41.10485649,41.64132472,0
baseline,0.0,linear_matched,9,s1-s6,0,svd+ransac,301,371,3,0,1,57.50412539,41.10485649,41.64132472,0
baseline,0.0,linear_matched,9,s2-s3,1,svd,346,304,0,0,0,nan,nan,nan,0
baseline,0.0,linear_matched,9,s2-s3,1,svd+ransac,346,304,0,0,0,nan,nan,nan,0
baseline,0.0,linear_matched,9,s2-s4,1,svd,346,267,0,0,0,nan,nan,nan,0
baseline,0.0,linear_matched,9,s2-s4,1,svd+ransac,346,267,0,0,0,nan,nan,nan,0
baseline,0.0,linear_matched,9,s2-s5,1,svd,346,288,3,3,1,1.883337516,0.1517946131,0.1866890175,1
baseline,0.0,linear_matched,9,s2-s5,1,svd+ransac,346,288,3,3,1,1.883337516,0.1517946131,0.1866890175,1
baseline,0.0,linear_matched,9,s2-s6,0,svd,346,371,0,0,0,nan,nan,nan,0
baseline,0.0,linear_matched,9,s2-s6,0,svd+ransac,346,371,0,0,0,nan,nan,nan,0
baseline,0.0,linear_matched,9,s3-s4,1,svd,304,267,3,3,1,3.260851478,0.1934880944,0.3154694878,0
baseline,0.0,linear_matched,9,s3-s4,1,svd+ransac,304,267,3,3,1,3.260851478,0.1934880944,0.3154694878,0
baseline,0.0,linear_matched,9,s3-s5,1,svd,304,288,0,0,0,nan,nan,nan,0
baseline,0.0,linear_matched,9,s3-s5,1,svd+ransac,304,288,0,0,0,nan,nan,nan,0
baseline,0.0,linear_matched,9,s3-s6,0,svd,304,371,0,0,0,nan,nan,nan,0
baseline,0.0,linear_matched,9,s3-s6,0,svd+ransac,304,371,0,0,0,nan,nan,nan,0
baseline,0.0,linear_matched,9,s4-s5,1,svd,267,288,7,6,1,0.5431413256,0.1605026061,0.1673783817,1
baseline,0.0,linear_matched,9,s4-s5,1,svd+ransac,267,288,7,6,1,0.6744226702,0.1665837481,0.1750933942,1
baseline,0.0,linear_matched,9,s4-s6,1,svd,267,371,0,0,0,nan,nan,nan,0
baseline,0.0,linear_matched,9,s4-s6,1,svd+ransac,267,371,0,0,0,nan,nan,nan,0
baseline,0.0,linear_matched,9,s5-s6,1,svd,288,371,18,18,1,2.021253307,0.167861536,0.2023173931,0
baseline,0.0,linear_matched,9,s5-s6,1,svd+ransac,288,371,18,18,1,2.050708503,0.09339147851,0.1501785705,0
baseline,0.0,linear_matched,10,s1-s2,1,svd,313,348,0,0,0,nan,nan,nan,0
baseline,0.0,linear_matched,10,s1-s2,1,svd+ransac,313,348,0,0,0,nan,nan,nan,0
baseline,0.0,linear_matched,10,s1-s3,1,svd,313,297,4,0,1,159.141077,14.8750097,17.75267088,0
baseline,0.0,linear_matched,10,s1-s3,1,svd+ransac,313,297,4,0,1,158.9336144,14.73971659,17.71367936,0
baseline,0.0,linear_matched,10,s1-s4,0,svd,313,259,0,0,0,nan,nan,nan,0
baseline,0.0,linear_matched,10,s1-s4,0,svd+ransac,313,259,0,0,0,nan,nan,nan,0
baseline,0.0,linear_matched,10,s1-s5,0,svd,313,279,0,0,0,nan,nan,nan,0
baseline,0.0,linear_matched,10,s1-s5,0,svd+ransac,313,279,0,0,0,nan,nan,nan,0
baseline,0.0,linear_matched,10,s1-s6,0,svd,313,344,3,0,1,77.78660567,42.10868693,42.21765273,0
baseline,0.0,linear_matched,10,s1-s6,0,svd+ransac,313,344,3,0,1,77.78660567,42.10868693,42.21765273,0
baseline,0.0,linear_matched,10,s2-s3,1,svd,348,297,0,0,0,nan,nan,nan,0
baseline,0.0,linear_matched,10,s2-s3,1,svd+ransac,348,297,0,0,0,nan,nan,nan,0
baseline,0.0,linear_matched,10,s2-s4,1,svd,348,259,3,0,1,89.42361064,14.8033846,17.20140033,0
baseline,0.0,linear_matched,10,s2-s4,1,svd+ransac,348,259,3,0,1,89.42361064,14.8033846,17.20140033,0
baseline,0.0,linear_matched,10,s2-s5,1,svd,348,279,0,0,0,nan,nan,nan,0
baseline,0.0,linear_matched,10,s2-s5,1,svd+ransac,348,279,0,0,0,nan,nan,nan,0
baseline,0.0,linear_matched,10,s2-s6,0,svd,348,344,3,0,1,75.50243806,35.35009484,35.54523749,0
baseline,0.0,linear_matched,10,s2-s6,0,svd+ransac,348,344,3,0,1,75.50243806,35.35009484,35.54523749,0
baseline,0.0,linear_matched,10,s3-s4,1,svd,297,259,0,0,0,nan,nan,nan,0
baseline,0.0,linear_matched,10,s3-s4,1,svd+ransac,297,259,0,0,0,nan,nan,nan,0
baseline,0.0,linear_matched,10,s3-s5,1,svd,297,279,0,0,0,nan,nan,nan,0
baseline,0.0,linear_matched,10,s3-s5,1,svd+ransac,297,279,0,0,0,nan,nan,nan,0
baseline,0.0,linear_matched,10,s3-s6,0,svd,297,344,3,0,1,113.7819404,47.0504807,47.19243009,0
baseline,0.0,linear_matched,10,s3-s6,0,svd+ransac,297,344,3,0,1,113.7819404,47.0504807,47.19243009,0
baseline,0.0,linear_matched,10,s4-s5,1,svd,259,279,10,9,1,0.2777531591,0.1365601737,0.1376949113,1
baseline,0.0,linear_matched,10,s4-s5,1,svd+ransac,259,279,10,9,1,0.4319823498,0.03554142564,0.04630354692,1
baseline,0.0,linear_matched,10,s4-s6,1,svd,259,344,4,4,1,0.4086246468,0.1039397873,0.1066113426,1
baseline,0.0,linear_matched,10,s4-s6,1,svd+ransac,259,344,4,4,1,0.4086246468,0.1039397873,0.1066113426,1
baseline,0.0,linear_matched,10,s5-s6,1,svd,279,344,5,5,1,1.031648902,0.08776139216,0.1109865524,1
baseline,0.0,linear_matched,10,s5-s6,1,svd+ransac,279,344,5,5,1,1.031648902,0.08776139216,0.1109865524,1
baseline,0.0,physical_matched,1,s1-s2,1,svd,300,327,0,0,0,nan,nan,nan,0
baseline,0.0,physical_matched,1,s1-s2,1,svd+ransac,300,327,0,0,0,nan,nan,nan,0
baseline,0.0,physical_matched,1,s1-s3,1,svd,300,284,0,0,0,nan,nan,nan,0
baseline,0.0,physical_matched,1,s1-s3,1,svd+ransac,300,284,0,0,0,nan,nan,nan,0
baseline,0.0,physical_matched,1,s1-s4,0,svd,300,271,0,0,0,nan,nan,nan,0
baseline,0.0,physical_matched,1,s1-s4,0,svd+ransac,300,271,0,0,0,nan,nan,nan,0
baseline,0.0,physical_matched,1,s1-s5,0,svd,300,288,0,0,0,nan,nan,nan,0
baseline,0.0,physical_matched,1,s1-s5,0,svd+ransac,300,288,0,0,0,nan,nan,nan,0
baseline,0.0,physical_matched,1,s1-s6,0,svd,300,351,3,0,1,134.6237964,23.4512604,25.03378201,0
baseline,0.0,physical_matched,1,s1-s6,0,svd+ransac,300,351,3,0,1,134.6237964,23.4512604,25.03378201,0
baseline,0.0,physical_matched,1,s2-s3,1,svd,327,284,3,2,1,1.903379147,0.2745900119,0.3153436967,1
baseline,0.0,physical_matched,1,s2-s3,1,svd+ransac,327,284,3,2,1,1.903379147,0.2745900119,0.3153436967,1
baseline,0.0,physical_matched,1,s2-s4,1,svd,327,271,3,2,1,3.45160564,0.08340649263,0.2478123751,0
baseline,0.0,physical_matched,1,s2-s4,1,svd+ransac,327,271,3,2,1,3.45160564,0.08340649263,0.2478123751,0
baseline,0.0,physical_matched,1,s2-s5,1,svd,327,288,0,0,0,nan,nan,nan,0
baseline,0.0,physical_matched,1,s2-s5,1,svd+ransac,327,288,0,0,0,nan,nan,nan,0
baseline,0.0,physical_matched,1,s2-s6,0,svd,327,351,0,0,0,nan,nan,nan,0
baseline,0.0,physical_matched,1,s2-s6,0,svd+ransac,327,351,0,0,0,nan,nan,nan,0
baseline,0.0,physical_matched,1,s3-s4,1,svd,284,271,0,0,0,nan,nan,nan,0
baseline,0.0,physical_matched,1,s3-s4,1,svd+ransac,284,271,0,0,0,nan,nan,nan,0
baseline,0.0,physical_matched,1,s3-s5,1,svd,284,288,1,1,0,nan,nan,nan,0
baseline,0.0,physical_matched,1,s3-s5,1,svd+ransac,284,288,1,1,0,nan,nan,nan,0
baseline,0.0,physical_matched,1,s3-s6,0,svd,284,351,0,0,0,nan,nan,nan,0
baseline,0.0,physical_matched,1,s3-s6,0,svd+ransac,284,351,0,0,0,nan,nan,nan,0
baseline,0.0,physical_matched,1,s4-s5,1,svd,271,288,0,0,0,nan,nan,nan,0
baseline,0.0,physical_matched,1,s4-s5,1,svd+ransac,271,288,0,0,0,nan,nan,nan,0
baseline,0.0,physical_matched,1,s4-s6,1,svd,271,351,0,0,0,nan,nan,nan,0
baseline,0.0,physical_matched,1,s4-s6,1,svd+ransac,271,351,0,0,0,nan,nan,nan,0
baseline,0.0,physical_matched,1,s5-s6,1,svd,288,351,8,8,1,1.667933792,0.225076628,0.2606272395,1
baseline,0.0,physical_matched,1,s5-s6,1,svd+ransac,288,351,8,8,1,2.038479898,0.3815422129,0.4025768711,0
baseline,0.0,physical_matched,2,s1-s2,1,svd,295,326,0,0,0,nan,nan,nan,0
baseline,0.0,physical_matched,2,s1-s2,1,svd+ransac,295,326,0,0,0,nan,nan,nan,0
baseline,0.0,physical_matched,2,s1-s3,1,svd,295,291,3,0,1,60.24176752,4.370379658,6.605005302,0
baseline,0.0,physical_matched,2,s1-s3,1,svd+ransac,295,291,3,0,1,60.24176752,4.370379658,6.605005302,0
baseline,0.0,physical_matched,2,s1-s4,0,svd,295,264,0,0,0,nan,nan,nan,0
baseline,0.0,physical_matched,2,s1-s4,0,svd+ransac,295,264,0,0,0,nan,nan,nan,0
baseline,0.0,physical_matched,2,s1-s5,0,svd,295,287,0,0,0,nan,nan,nan,0
baseline,0.0,physical_matched,2,s1-s5,0,svd+ransac,295,287,0,0,0,nan,nan,nan,0
baseline,0.0,physical_matched,2,s1-s6,0,svd,295,370,0,0,0,nan,nan,nan,0
baseline,0.0,physical_matched,2,s1-s6,0,svd+ransac,295,370,0,0,0,nan,nan,nan,0
baseline,0.0,physical_matched,2,s2-s3,1,svd,326,291,0,0,0,nan,nan,nan,0
baseline,0.0,physical_matched,2,s2-s3,1,svd+ransac,326,291,0,0,0,nan,nan,nan,0
baseline,0.0,physical_matched,2,s2-s4,1,svd,326,264,3,0,1,48.95064561,12.63707817,13.36897604,0
baseline,0.0,physical_matched,2,s2-s4,1,svd+ransac,326,264,3,0,1,48.95064561,12.63707817,13.36897604,0
baseline,0.0,physical_matched,2,s2-s5,1,svd,326,287,0,0,0,nan,nan,nan,0
baseline,0.0,physical_matched,2,s2-s5,1,svd+ransac,326,287,0,0,0,nan,nan,nan,0
baseline,0.0,physical_matched,2,s2-s6,0,svd,326,370,3,0,1,123.7903563,41.08361757,41.79522783,0
baseline,0.0,physical_matched,2,s2-s6,0,svd+ransac,326,370,3,0,1,123.7903563,41.08361757,41.79522783,0
baseline,0.0,physical_matched,2,s3-s4,1,svd,291,264,3,0,1,66.71164447,32.94868823,33.19048111,0
baseline,0.0,physical_matched,2,s3-s4,1,svd+ransac,291,264,3,0,1,66.71164447,32.94868823,33.19048111,0
baseline,0.0,physical_matched,2,s3-s5,1,svd,291,287,0,0,0,nan,nan,nan,0
baseline,0.0,physical_matched,2,s3-s5,1,svd+ransac,291,287,0,0,0,nan,nan,nan,0
baseline,0.0,physical_matched,2,s3-s6,0,svd,291,370,7,7,1,0.6517148146,0.2368530458,0.2370454662,1
baseline,0.0,physical_matched,2,s3-s6,0,svd+ransac,291,370,7,7,1,0.6517148146,0.2368530458,0.2370454662,1
baseline,0.0,physical_matched,2,s4-s5,1,svd,264,287,6,6,1,0.1420182661,0.03237170602,0.03501250237,1
baseline,0.0,physical_matched,2,s4-s5,1,svd+ransac,264,287,6,6,1,0.1420182661,0.03237170602,0.03501250237,1
baseline,0.0,physical_matched,2,s4-s6,1,svd,264,370,6,6,1,0.4046978859,0.04834273025,0.05539502194,1
baseline,0.0,physical_matched,2,s4-s6,1,svd+ransac,264,370,6,6,1,0.4046978859,0.04834273025,0.05539502194,1
baseline,0.0,physical_matched,2,s5-s6,1,svd,287,370,0,0,0,nan,nan,nan,0
baseline,0.0,physical_matched,2,s5-s6,1,svd+ransac,287,370,0,0,0,nan,nan,nan,0
baseline,0.0,physical_matched,3,s1-s2,1,svd,306,329,3,0,1,45.28546177,4.920406157,6.267389552,0
baseline,0.0,physical_matched,3,s1-s2,1,svd+ransac,306,329,3,0,1,45.28546177,4.920406157,6.267389552,0
baseline,0.0,physical_matched,3,s1-s3,1,svd,306,297,0,0,0,nan,nan,nan,0
baseline,0.0,physical_matched,3,s1-s3,1,svd+ransac,306,297,0,0,0,nan,nan,nan,0
baseline,0.0,physical_matched,3,s1-s4,0,svd,306,267,4,0,1,68.88150683,17.81527867,18.71820128,0
baseline,0.0,physical_matched,3,s1-s4,0,svd+ransac,306,267,4,0,1,68.88150683,17.81527867,18.71820128,0
baseline,0.0,physical_matched,3,s1-s5,0,svd,306,290,0,0,0,nan,nan,nan,0
baseline,0.0,physical_matched,3,s1-s5,0,svd+ransac,306,290,0,0,0,nan,nan,nan,0
baseline,0.0,physical_matched,3,s1-s6,0,svd,306,365,0,0,0,nan,nan,nan,0
baseline,0.0,physical_matched,3,s1-s6,0,svd+ransac,306,365,0,0,0,nan,nan,nan,0
baseline,0.0,physical_matched,3,s2-s3,1,svd,329,297,6,6,1,0.4759251998,0.09894761378,0.1033757654,1
baseline,0.0,physical_matched,3,s2-s3,1,svd+ransac,329,297,6,6,1,0.4759251998,0.09894761378,0.1033757654,1
baseline,0.0,physical_matched,3,s2-s4,1,svd,329,267,3,0,1,152.7090247,11.96081618,15.8551828,0
baseline,0.0,physical_matched,3,s2-s4,1,svd+ransac,329,267,3,0,1,152.7090247,11.96081618,15.8551828,0
baseline,0.0,physical_matched,3,s2-s5,1,svd,329,290,0,0,0,nan,nan,nan,0
baseline,0.0,physical_matched,3,s2-s5,1,svd+ransac,329,290,0,0,0,nan,nan,nan,0
baseline,0.0,physical_matched,3,s2-s6,0,svd,329,365,3,0,1,154.8903392,21.21884036,23.34664274,0
baseline,0.0,physical_matched,3,s2-s6,0,svd+ransac,329,365,3,0,1,154.8903392,21.21884036,23.34664274,0
baseline,0.0,physical_matched,3,s3-s4,1,svd,297,267,3,0,1,90.03490622,8.551357882,11.10624687,0
baseline,0.0,physical_matched,3,s3-s4,1,svd+ransac,297,267,3,0,1,90.03490622,8.551357882,11.10624687,0
baseline,0.0,physical_matched,3,s3-s5,1,svd,297,290,0,0,0,nan,nan,nan,0
baseline,0.0,physical_matched,3,s3-s5,1,svd+ransac,297,290,0,0,0,nan,nan,nan,0
baseline,0.0,physical_matched,3,s3-s6,0,svd,297,365,0,0,0,nan,nan,nan,0
baseline,0.0,physical_matched,3,s3-s6,0,svd+ransac,297,365,0,0,0,nan,nan,nan,0
baseline,0.0,physical_matched,3,s4-s5,1,svd,267,290,0,0,0,nan,nan,nan,0
baseline,0.0,physical_matched,3,s4-s5,1,svd+ransac,267,290,0,0,0,nan,nan,nan,0
baseline,0.0,physical_matched,3,s4-s6,1,svd,267,365,1,1,0,nan,nan,nan,0
baseline,0.0,physical_matched,3,s4-s6,1,svd+ransac,267,365,1,1,0,nan,nan,nan,0
baseline,0.0,physical_matched,3,s5-s6,1,svd,290,365,1,1,0,nan,nan,nan,0
baseline,0.0,physical_matched,3,s5-s6,1,svd+ransac,290,365,1,1,0,nan,nan,nan,0
baseline,0.0,physical_matched,4,s1-s2,1,svd,307,333,0,0,0,nan,nan,nan,0
baseline,0.0,physical_matched,4,s1-s2,1,svd+ransac,307,333,0,0,0,nan,nan,nan,0
baseline,0.0,physical_matched,4,s1-s3,1,svd,307,301,0,0,0,nan,nan,nan,0
baseline,0.0,physical_matched,4,s1-s3,1,svd+ransac,307,301,0,0,0,nan,nan,nan,0
baseline,0.0,physical_matched,4,s1-s4,0,svd,307,252,3,0,1,151.0406938,53.97558109,54.33819138,0
baseline,0.0,physical_matched,4,s1-s4,0,svd+ransac,307,252,3,0,1,151.0406938,53.97558109,54.33819138,0
baseline,0.0,physical_matched,4,s1-s5,0,svd,307,285,3,0,1,20.70367487,38.73050725,38.70511475,0
baseline,0.0,physical_matched,4,s1-s5,0,svd+ransac,307,285,3,0,1,20.70367487,38.73050725,38.70511475,0
baseline,0.0,physical_matched,4,s1-s6,0,svd,307,358,4,0,1,83.43305227,18.56483794,19.68350615,0
baseline,0.0,physical_matched,4,s1-s6,0,svd+ransac,307,358,4,0,1,83.19439811,18.28196956,19.44661173,0
baseline,0.0,physical_matched,4,s2-s3,1,svd,333,301,0,0,0,nan,nan,nan,0
baseline,0.0,physical_matched,4,s2-s3,1,svd+ransac,333,301,0,0,0,nan,nan,nan,0
baseline,0.0,physical_matched,4,s2-s4,1,svd,333,252,0,0,0,nan,nan,nan,0
baseline,0.0,physical_matched,4,s2-s4,1,svd+ransac,333,252,0,0,0,nan,nan,nan,0
baseline,0.0,physical_matched,4,s2-s5,1,svd,333,285,0,0,0,nan,nan,nan,0
baseline,0.0,physical_matched,4,s2-s5,1,svd+ransac,333,285,0,0,0,nan,nan,nan,0
baseline,0.0,physical_matched,4,s2-s6,0,svd,333,358,0,0,0,nan,nan,nan,0
baseline,0.0,physical_matched,4,s2-s6,0,svd+ransac,333,358,0,0,0,nan,nan,nan,0
baseline,0.0,physical_matched,4,s3-s4,1,svd,301,252,3,0,1,90.39954135,18.85190812,20.38481965,0
baseline,0.0,physical_matched,4,s3-s4,1,svd+ransac,301,252,3,0,1,90.39954135,18.85190812,20.38481965,0
baseline,0.0,physical_matched,4,s3-s5,1,svd,301,285,9,9,1,0.6263966061,0.2133039874,0.2146035869,1
baseline,0.0,physical_matched,4,s3-s5,1,svd+ransac,301,285,9,9,1,0.1437172638,0.08412878449,0.08348508257,1
baseline,0.0,physical_matched,4,s3-s6,0,svd,301,358,0,0,0,nan,nan,nan,0
baseline,0.0,physical_matched,4,s3-s6,0,svd+ransac,301,358,0,0,0,nan,nan,nan,0
baseline,0.0,physical_matched,4,s4-s5,1,svd,252,285,0,0,0,nan,nan,nan,0
baseline,0.0,physical_matched,4,s4-s5,1,svd+ransac,252,285,0,0,0,nan,nan,nan,0
baseline,0.0,physical_matched,4,s4-s6,1,svd,252,358,1,1,0,nan,nan,nan,0
baseline,0.0,physical_matched,4,s4-s6,1,svd+ransac,252,358,1,1,0,nan,nan,nan,0
baseline,0.0,physical_matched,4,s5-s6,1,svd,285,358,13,13,1,0.3159929723,0.05347985239,0.06137279586,1
baseline,0.0,physical_matched,4,s5-s6,1,svd+ransac,285,358,13,13,1,0.3159929723,0.05347985239,0.06137279586,1
baseline,0.0,physical_matched,5,s1-s2,1,svd,299,329,3,0,1,62.9834679,14.97787776,15.76571848,0
baseline,0.0,physical_matched,5,s1-s2,1,svd+ransac,299,329,3,0,1,62.9834679,14.97787776,15.76571848,0
baseline,0.0,physical_matched,5,s1-s3,1,svd,299,290,0,0,0,nan,nan,nan,0
baseline,0.0,physical_matched,5,s1-s3,1,svd+ransac,299,290,0,0,0,nan,nan,nan,0
baseline,0.0,physical_matched,5,s1-s4,0,svd,299,273,0,0,0,nan,nan,nan,0
baseline,0.0,physical_matched,5,s1-s4,0,svd+ransac,299,273,0,0,0,nan,nan,nan,0
baseline,0.0,physical_matched,5,s1-s5,0,svd,299,292,0,0,0,nan,nan,nan,0
baseline,0.0,physical_matched,5,s1-s5,0,svd+ransac,299,292,0,0,0,nan,nan,nan,0
baseline,0.0,physical_matched,5,s1-s6,0,svd,299,370,0,0,0,nan,nan,nan,0
baseline,0.0,physical_matched,5,s1-s6,0,svd+ransac,299,370,0,0,0,nan,nan,nan,0
baseline,0.0,physical_matched,5,s2-s3,1,svd,329,290,0,0,0,nan,nan,nan,0
baseline,0.0,physical_matched,5,s2-s3,1,svd+ransac,329,290,0,0,0,nan,nan,nan,0
baseline,0.0,physical_matched,5,s2-s4,1,svd,329,273,0,0,0,nan,nan,nan,0
baseline,0.0,physical_matched,5,s2-s4,1,svd+ransac,329,273,0,0,0,nan,nan,nan,0
baseline,0.0,physical_matched,5,s2-s5,1,svd,329,292,6,6,1,3.207278579,0.1715433362,0.2583955987,0
baseline,0.0,physical_matched,5,s2-s5,1,svd+ransac,329,292,6,6,1,1.124495527,0.07604514721,0.09856929181,1
baseline,0.0,physical_matched,5,s2-s6,0,svd,329,370,0,0,0,nan,nan,nan,0
baseline,0.0,physical_matched,5,s2-s6,0,svd+ransac,329,370,0,0,0,nan,nan,nan,0
baseline,0.0,physical_matched,5,s3-s4,1,svd,290,273,6,5,1,0.5687133903,0.06737202324,0.08141526383,1
baseline,0.0,physical_matched,5,s3-s4,1,svd+ransac,290,273,6,5,1,0.5687133903,0.06737202324,0.08141526383,1
baseline,0.0,physical_matched,5,s3-s5,1,svd,290,292,5,5,1,0.5383230965,0.01822977739,0.03357710233,1
baseline,0.0,physical_matched,5,s3-s5,1,svd+ransac,290,292,5,5,1,0.5383230965,0.01822977739,0.03357710233,1
baseline,0.0,physical_matched,5,s3-s6,0,svd,290,370,3,0,1,21.28220575,14.07036839,14.22294435,0
baseline,0.0,physical_matched,5,s3-s6,0,svd+ransac,290,370,3,0,1,21.28220575,14.07036839,14.22294435,0
baseline,0.0,physical_matched,5,s4-s5,1,svd,273,292,0,0,0,nan,nan,nan,0
baseline,0.0,physical_matched,5,s4-s5,1,svd+ransac,273,292,0,0,0,nan,nan,nan,0
baseline,0.0,physical_matched,5,s4-s6,1,svd,273,370,0,0,0,nan,nan,nan,0
baseline,0.0,physical_matched,5,s4-s6,1,svd+ransac,273,370,0,0,0,nan,nan,nan,0
baseline,0.0,physical_matched,5,s5-s6,1,svd,292,370,1,1,0,nan,nan,nan,0
baseline,0.0,physical_matched,5,s5-s6,1,svd+ransac,292,370,1,1,0,nan,nan,nan,0
baseline,0.0,physical_matched,6,s1-s2,1,svd,298,334,0,0,0,nan,nan,nan,0
baseline,0.0,physical_matched,6,s1-s2,1,svd+ransac,298,334,0,0,0,nan,nan,nan,0
baseline,0.0,physical_matched,6,s1-s3,1,svd,298,287,0,0,0,nan,nan,nan,0
baseline,0.0,physical_matched,6,s1-s3,1,svd+ransac,298,287,0,0,0,nan,nan,nan,0
baseline,0.0,physical_matched,6,s1-s4,0,svd,298,269,0,0,0,nan,nan,nan,0
baseline,0.0,physical_matched,6,s1-s4,0,svd+ransac,298,269,0,0,0,nan,nan,nan,0
baseline,0.0,physical_matched,6,s1-s5,0,svd,298,293,0,0,0,nan,nan,nan,0
baseline,0.0,physical_matched,6,s1-s5,0,svd+ransac,298,293,0,0,0,nan,nan,nan,0
baseline,0.0,physical_matched,6,s1-s6,0,svd,298,361,4,0,1,158.6209595,23.85034604,26.36877781,0
baseline,0.0,physical_matched,6,s1-s6,0,svd+ransac,298,361,4,0,1,163.7850195,23.59344229,25.81466259,0
baseline,0.0,physical_matched,6,s2-s3,1,svd,334,287,0,0,0,nan,nan,nan,0
baseline,0.0,physical_matched,6,s2-s3,1,svd+ransac,334,287,0,0,0,nan,nan,nan,0
baseline,0.0,physical_matched,6,s2-s4,1,svd,334,269,4,0,1,57.2129843,6.771928888,8.300785602,0
baseline,0.0,physical_matched,6,s2-s4,1,svd+ransac,334,269,4,0,1,57.2129843,6.771928888,8.300785602,0
baseline,0.0,physical_matched,6,s2-s5,1,svd,334,293,0,0,0,nan,nan,nan,0
baseline,0.0,physical_matched,6,s2-s5,1,svd+ransac,334,293,0,0,0,nan,nan,nan,0
baseline,0.0,physical_matched,6,s2-s6,0,svd,334,361,0,0,0,nan,nan,nan,0
baseline,0.0,physical_matched,6,s2-s6,0,svd+ransac,334,361,0,0,0,nan,nan,nan,0
baseline,0.0,physical_matched,6,s3-s4,1,svd,287,269,0,0,0,nan,nan,nan,0
baseline,0.0,physical_matched,6,s3-s4,1,svd+ransac,287,269,0,0,0,nan,nan,nan,0
baseline,0.0,physical_matched,6,s3-s5,1,svd,287,293,0,0,0,nan,nan,nan,0
baseline,0.0,physical_matched,6,s3-s5,1,svd+ransac,287,293,0,0,0,nan,nan,nan,0
baseline,0.0,physical_matched,6,s3-s6,0,svd,287,361,0,0,0,nan,nan,nan,0
baseline,0.0,physical_matched,6,s3-s6,0,svd+ransac,287,361,0,0,0,nan,nan,nan,0
baseline,0.0,physical_matched,6,s4-s5,1,svd,269,293,0,0,0,nan,nan,nan,0
baseline,0.0,physical_matched,6,s4-s5,1,svd+ransac,269,293,0,0,0,nan,nan,nan,0
baseline,0.0,physical_matched,6,s4-s6,1,svd,269,361,0,0,0,nan,nan,nan,0
baseline,0.0,physical_matched,6,s4-s6,1,svd+ransac,269,361,0,0,0,nan,nan,nan,0
baseline,0.0,physical_matched,6,s5-s6,1,svd,293,361,14,14,1,0.8485185824,0.1238304803,0.1387482317,1
baseline,0.0,physical_matched,6,s5-s6,1,svd+ransac,293,361,14,14,1,0.6188790784,0.1200022397,0.1297479254,1
baseline,0.0,physical_matched,7,s1-s2,1,svd,304,342,3,0,1,119.3725752,42.93454827,43.13168837,0
baseline,0.0,physical_matched,7,s1-s2,1,svd+ransac,304,342,3,0,0,nan,nan,nan,0
baseline,0.0,physical_matched,7,s1-s3,1,svd,304,281,0,0,0,nan,nan,nan,0
baseline,0.0,physical_matched,7,s1-s3,1,svd+ransac,304,281,0,0,0,nan,nan,nan,0
baseline,0.0,physical_matched,7,s1-s4,0,svd,304,270,0,0,0,nan,nan,nan,0
baseline,0.0,physical_matched,7,s1-s4,0,svd+ransac,304,270,0,0,0,nan,nan,nan,0
baseline,0.0,physical_matched,7,s1-s5,0,svd,304,286,3,0,1,115.9947526,23.33372679,24.62570307,0
baseline,0.0,physical_matched,7,s1-s5,0,svd+ransac,304,286,3,0,1,115.9947526,23.33372679,24.62570307,0
baseline,0.0,physical_matched,7,s1-s6,0,svd,304,350,5,0,1,87.20169993,28.0109917,28.65473333,0
baseline,0.0,physical_matched,7,s1-s6,0,svd+ransac,304,350,5,0,1,87.5934314,27.84010718,28.57910396,0
baseline,0.0,physical_matched,7,s2-s3,1,svd,342,281,7,7,1,0.4278288526,0.02570767071,0.03941540446,1
baseline,0.0,physical_matched,7,s2-s3,1,svd+ransac,342,281,7,7,1,0.4278288526,0.02570767071,0.03941540446,1
baseline,0.0,physical_matched,7,s2-s4,1,svd,342,270,0,0,0,nan,nan,nan,0
baseline,0.0,physical_matched,7,s2-s4,1,svd+ransac,342,270,0,0,0,nan,nan,nan,0
baseline,0.0,physical_matched,7,s2-s5,1,svd,342,286,0,0,0,nan,nan,nan,0
baseline,0.0,physical_matched,7,s2-s5,1,svd+ransac,342,286,0,0,0,nan,nan,nan,0
baseline,0.0,physical_matched,7,s2-s6,0,svd,342,350,3,0,1,162.1813975,28.54969317,30.35508785,0
baseline,0.0,physical_matched,7,s2-s6,0,svd+ransac,342,350,3,0,1,162.1813975,28.54969317,30.35508785,0
baseline,0.0,physical_matched,7,s3-s4,1,svd,281,270,3,0,1,62.44223789,18.60999223,19.13932937,0
baseline,0.0,physical_matched,7,s3-s4,1,svd+ransac,281,270,3,0,1,62.44223789,18.60999223,19.13932937,0
baseline,0.0,physical_matched,7,s3-s5,1,svd,281,286,0,0,0,nan,nan,nan,0
baseline,0.0,physical_matched,7,s3-s5,1,svd+ransac,281,286,0,0,0,nan,nan,nan,0
baseline,0.0,physical_matched,7,s3-s6,0,svd,281,350,0,0,0,nan,nan,nan,0
baseline,0.0,physical_matched,7,s3-s6,0,svd+ransac,281,350,0,0,0,nan,nan,nan,0
baseline,0.0,physical_matched,7,s4-s5,1,svd,270,286,7,7,1,0.08328532157,0.02048899415,0.0222869283,1
baseline,0.0,physical_matched,7,s4-s5,1,svd+ransac,270,286,7,7,1,0.08328532157,0.02048899415,0.0222869283,1
baseline,0.0,physical_matched,7,s4-s6,1,svd,270,350,3,0,1,94.22486186,22.69324011,23.70702759,0
baseline,0.0,physical_matched,7,s4-s6,1,svd+ransac,270,350,3,0,1,94.22486186,22.69324011,23.70702759,0
baseline,0.0,physical_matched,7,s5-s6,1,svd,286,350,9,9,1,0.2707417325,0.06476770283,0.06721107662,1
baseline,0.0,physical_matched,7,s5-s6,1,svd+ransac,286,350,9,9,1,0.2707417325,0.06476770283,0.06721107662,1
baseline,0.0,physical_matched,8,s1-s2,1,svd,299,330,4,4,1,0.8773893853,0.05950927105,0.09862438611,1
baseline,0.0,physical_matched,8,s1-s2,1,svd+ransac,299,330,4,4,1,0.8773893853,0.05950927105,0.09862438611,1
baseline,0.0,physical_matched,8,s1-s3,1,svd,299,300,0,0,0,nan,nan,nan,0
baseline,0.0,physical_matched,8,s1-s3,1,svd+ransac,299,300,0,0,0,nan,nan,nan,0
baseline,0.0,physical_matched,8,s1-s4,0,svd,299,259,0,0,0,nan,nan,nan,0
baseline,0.0,physical_matched,8,s1-s4,0,svd+ransac,299,259,0,0,0,nan,nan,nan,0
baseline,0.0,physical_matched,8,s1-s5,0,svd,299,288,0,0,0,nan,nan,nan,0
baseline,0.0,physical_matched,8,s1-s5,0,svd+ransac,299,288,0,0,0,nan,nan,nan,0
baseline,0.0,physical_matched,8,s1-s6,0,svd,299,347,3,0,1,14.90349376,39.86992564,39.81165162,0
baseline,0.0,physical_matched,8,s1-s6,0,svd+ransac,299,347,3,0,1,14.90349376,39.86992564,39.81165162,0
baseline,0.0,physical_matched,8,s2-s3,1,svd,330,300,10,10,1,0.1557634431,0.06526234838,0.06659704426,1
baseline,0.0,physical_matched,8,s2-s3,1,svd+ransac,330,300,10,10,1,0.1557634431,0.06526234838,0.06659704426,1
baseline,0.0,physical_matched,8,s2-s4,1,svd,330,259,3,0,1,45.18985326,23.43191972,24.062031,0
baseline,0.0,physical_matched,8,s2-s4,1,svd+ransac,330,259,3,0,1,45.18985326,23.43191972,24.062031,0
baseline,0.0,physical_matched,8,s2-s5,1,svd,330,288,0,0,0,nan,nan,nan,0
baseline,0.0,physical_matched,8,s2-s5,1,svd+ransac,330,288,0,0,0,nan,nan,nan,0
baseline,0.0,physical_matched,8,s2-s6,0,svd,330,347,3,0,1,19.96728562,44.7273749,44.89145138,0
baseline,0.0,physical_matched,8,s2-s6,0,svd+ransac,330,347,3,0,1,19.96728562,44.7273749,44.89145138,0
baseline,0.0,physical_matched,8,s3-s4,1,svd,300,259,0,0,0,nan,nan,nan,0
baseline,0.0,physical_matched,8,s3-s4,1,svd+ransac,300,259,0,0,0,nan,nan,nan,0
baseline,0.0,physical_matched,8,s3-s5,1,svd,300,288,0,0,0,nan,nan,nan,0
baseline,0.0,physical_matched,8,s3-s5,1,svd+ransac,300,288,0,0,0,nan,nan,nan,0
baseline,0.0,physical_matched,8,s3-s6,0,svd,300,347,11,11,1,0.5856949065,0.04333657956,0.05565738973,1
baseline,0.0,physical_matched,8,s3-s6,0,svd+ransac,300,347,11,11,1,0.5856949065,0.04333657956,0.05565738973,1
baseline,0.0,physical_matched,8,s4-s5,1,svd,259,288,4,0,1,25.23249312,11.47076668,11.77797597,0
baseline,0.0,physical_matched,8,s4-s5,1,svd+ransac,259,288,4,0,1,25.23249312,11.47076668,11.77797597,0
baseline,0.0,physical_matched,8,s4-s6,1,svd,259,347,9,9,1,0.7389058665,0.1632211532,0.1726578926,1
baseline,0.0,physical_matched,8,s4-s6,1,svd+ransac,259,347,9,9,1,0.2474744439,0.12513346,0.1270075265,1
baseline,0.0,physical_matched,8,s5-s6,1,svd,288,347,1,1,0,nan,nan,nan,0
baseline,0.0,physical_matched,8,s5-s6,1,svd+ransac,288,347,1,1,0,nan,nan,nan,0
baseline,0.0,physical_matched,9,s1-s2,1,svd,290,346,3,0,1,92.13013963,4.347968746,8.472165419,0
baseline,0.0,physical_matched,9,s1-s2,1,svd+ransac,290,346,3,0,1,92.13013963,4.347968746,8.472165419,0
baseline,0.0,physical_matched,9,s1-s3,1,svd,290,298,0,0,0,nan,nan,nan,0
baseline,0.0,physical_matched,9,s1-s3,1,svd+ransac,290,298,0,0,0,nan,nan,nan,0
baseline,0.0,physical_matched,9,s1-s4,0,svd,290,266,0,0,0,nan,nan,nan,0
baseline,0.0,physical_matched,9,s1-s4,0,svd+ransac,290,266,0,0,0,nan,nan,nan,0
baseline,0.0,physical_matched,9,s1-s5,0,svd,290,297,0,0,0,nan,nan,nan,0
baseline,0.0,physical_matched,9,s1-s5,0,svd+ransac,290,297,0,0,0,nan,nan,nan,0
baseline,0.0,physical_matched,9,s1-s6,0,svd,290,369,3,0,1,94.37637898,40.15562587,41.01364673,0
baseline,0.0,physical_matched,9,s1-s6,0,svd+ransac,290,369,3,0,1,94.37637898,40.15562587,41.01364673,0
baseline,0.0,physical_matched,9,s2-s3,1,svd,346,298,3,3,1,0.09686412027,0.04553399788,0.0465002099,1
baseline,0.0,physical_matched,9,s2-s3,1,svd+ransac,346,298,3,3,1,0.09686412027,0.04553399788,0.0465002099,1
baseline,0.0,physical_matched,9,s2-s4,1,svd,346,266,3,0,1,122.1030414,21.63980568,24.0930662,0
baseline,0.0,physical_matched,9,s2-s4,1,svd+ransac,346,266,3,0,0,nan,nan,nan,0
baseline,0.0,physical_matched,9,s2-s5,1,svd,346,297,0,0,0,nan,nan,nan,0
baseline,0.0,physical_matched,9,s2-s5,1,svd+ransac,346,297,0,0,0,nan,nan,nan,0
baseline,0.0,physical_matched,9,s2-s6,0,svd,346,369,0,0,0,nan,nan,nan,0
baseline,0.0,physical_matched,9,s2-s6,0,svd+ransac,346,369,0,0,0,nan,nan,nan,0
baseline,0.0,physical_matched,9,s3-s4,1,svd,298,266,3,0,1,18.86284848,27.77880137,27.81909898,0
baseline,0.0,physical_matched,9,s3-s4,1,svd+ransac,298,266,3,0,1,18.86284848,27.77880137,27.81909898,0
baseline,0.0,physical_matched,9,s3-s5,1,svd,298,297,0,0,0,nan,nan,nan,0
baseline,0.0,physical_matched,9,s3-s5,1,svd+ransac,298,297,0,0,0,nan,nan,nan,0
baseline,0.0,physical_matched,9,s3-s6,0,svd,298,369,0,0,0,nan,nan,nan,0
baseline,0.0,physical_matched,9,s3-s6,0,svd+ransac,298,369,0,0,0,nan,nan,nan,0
baseline,0.0,physical_matched,9,s4-s5,1,svd,266,297,19,18,1,0.05856936363,0.05395139771,0.05411789731,1
baseline,0.0,physical_matched,9,s4-s5,1,svd+ransac,266,297,19,18,1,0.05856936363,0.05395139771,0.05411789731,1
baseline,0.0,physical_matched,9,s4-s6,1,svd,266,369,3,1,1,3.676194918,1.407260869,1.447894908,0
baseline,0.0,physical_matched,9,s4-s6,1,svd+ransac,266,369,3,1,1,3.676194918,1.407260869,1.447894908,0
baseline,0.0,physical_matched,9,s5-s6,1,svd,297,369,19,19,1,0.2360835477,0.09109450754,0.09079706668,1
baseline,0.0,physical_matched,9,s5-s6,1,svd+ransac,297,369,19,19,1,0.330780348,0.07396167922,0.07531270182,1
baseline,0.0,physical_matched,10,s1-s2,1,svd,308,332,0,0,0,nan,nan,nan,0
baseline,0.0,physical_matched,10,s1-s2,1,svd+ransac,308,332,0,0,0,nan,nan,nan,0
baseline,0.0,physical_matched,10,s1-s3,1,svd,308,294,0,0,0,nan,nan,nan,0
baseline,0.0,physical_matched,10,s1-s3,1,svd+ransac,308,294,0,0,0,nan,nan,nan,0
baseline,0.0,physical_matched,10,s1-s4,0,svd,308,256,0,0,0,nan,nan,nan,0
baseline,0.0,physical_matched,10,s1-s4,0,svd+ransac,308,256,0,0,0,nan,nan,nan,0
baseline,0.0,physical_matched,10,s1-s5,0,svd,308,287,0,0,0,nan,nan,nan,0
baseline,0.0,physical_matched,10,s1-s5,0,svd+ransac,308,287,0,0,0,nan,nan,nan,0
baseline,0.0,physical_matched,10,s1-s6,0,svd,308,349,0,0,0,nan,nan,nan,0
baseline,0.0,physical_matched,10,s1-s6,0,svd+ransac,308,349,0,0,0,nan,nan,nan,0
baseline,0.0,physical_matched,10,s2-s3,1,svd,332,294,3,3,1,3.715322394,0.4682464655,0.5426637961,0
baseline,0.0,physical_matched,10,s2-s3,1,svd+ransac,332,294,3,3,1,3.715322394,0.4682464655,0.5426637961,0
baseline,0.0,physical_matched,10,s2-s4,1,svd,332,256,0,0,0,nan,nan,nan,0
baseline,0.0,physical_matched,10,s2-s4,1,svd+ransac,332,256,0,0,0,nan,nan,nan,0
baseline,0.0,physical_matched,10,s2-s5,1,svd,332,287,0,0,0,nan,nan,nan,0
baseline,0.0,physical_matched,10,s2-s5,1,svd+ransac,332,287,0,0,0,nan,nan,nan,0
baseline,0.0,physical_matched,10,s2-s6,0,svd,332,349,0,0,0,nan,nan,nan,0
baseline,0.0,physical_matched,10,s2-s6,0,svd+ransac,332,349,0,0,0,nan,nan,nan,0
baseline,0.0,physical_matched,10,s3-s4,1,svd,294,256,10,10,1,1.083260107,0.07864165126,0.1042352062,1
baseline,0.0,physical_matched,10,s3-s4,1,svd+ransac,294,256,10,10,1,1.083260107,0.07864165126,0.1042352062,1
baseline,0.0,physical_matched,10,s3-s5,1,svd,294,287,0,0,0,nan,nan,nan,0
baseline,0.0,physical_matched,10,s3-s5,1,svd+ransac,294,287,0,0,0,nan,nan,nan,0
baseline,0.0,physical_matched,10,s3-s6,0,svd,294,349,0,0,0,nan,nan,nan,0
baseline,0.0,physical_matched,10,s3-s6,0,svd+ransac,294,349,0,0,0,nan,nan,nan,0
baseline,0.0,physical_matched,10,s4-s5,1,svd,256,287,8,7,1,0.3194652161,0.2034731677,0.2038694208,1
baseline,0.0,physical_matched,10,s4-s5,1,svd+ransac,256,287,8,7,1,0.4155554638,0.08532861574,0.09044588337,1
baseline,0.0,physical_matched,10,s4-s6,1,svd,256,349,7,6,1,0.9842243162,0.1125454122,0.1433120591,1
baseline,0.0,physical_matched,10,s4-s6,1,svd+ransac,256,349,7,6,1,0.9775092337,0.0878499029,0.1067148677,1
baseline,0.0,physical_matched,10,s5-s6,1,svd,287,349,1,1,0,nan,nan,nan,0
baseline,0.0,physical_matched,10,s5-s6,1,svd+ransac,287,349,1,1,0,nan,nan,nan,0
improved,0.0,step_raw,1,s1-s2,1,svd,58,57,7,7,1,0.2245552085,0.02351098152,0.02660412451,1
improved,0.0,step_raw,1,s1-s2,1,svd+ransac,58,57,7,7,1,0.2245552085,0.02351098152,0.02660412451,1
improved,0.0,step_raw,1,s1-s3,1,svd,58,49,6,6,1,0.3877068383,0.03912403919,0.04442696511,1
improved,0.0,step_raw,1,s1-s3,1,svd+ransac,58,49,6,6,1,0.3877068383,0.03912403919,0.04442696511,1
improved,0.0,step_raw,1,s1-s4,0,svd,58,68,0,0,0,nan,nan,nan,0
improved,0.0,step_raw,1,s1-s4,0,svd+ransac,58,68,0,0,0,nan,nan,nan,0
improved,0.0,step_raw,1,s1-s5,0,svd,58,86,0,0,0,nan,nan,nan,0
improved,0.0,step_raw,1,s1-s5,0,svd+ransac,58,86,0,0,0,nan,nan,nan,0
improved,0.0,step_raw,1,s1-s6,0,svd,58,102,0,0,0,nan,nan,nan,0
improved,0.0,step_raw,1,s1-s6,0,svd+ransac,58,102,0,0,0,nan,nan,nan,0
improved,0.0,step_raw,1,s2-s3,1,svd,57,49,9,9,1,0.2069130299,0.01730555908,0.0219130582,1
improved,0.0,step_raw,1,s2-s3,1,svd+ransac,57,49,9,9,1,0.2069130299,0.01730555908,0.0219130582,1
improved,0.0,step_raw,1,s2-s4,1,svd,57,68,2,2,0,nan,nan,nan,0
improved,0.0,step_raw,1,s2-s4,1,svd+ransac,57,68,2,2,0,nan,nan,nan,0
improved,0.0,step_raw,1,s2-s5,1,svd,57,86,1,1,0,nan,nan,nan,0
improved,0.0,step_raw,1,s2-s5,1,svd+ransac,57,86,1,1,0,nan,nan,nan,0
improved,0.0,step_raw,1,s2-s6,0,svd,57,102,8,8,1,0.471449571,0.09745899876,0.1035442652,1
improved,0.0,step_raw,1,s2-s6,0,svd+ransac,57,102,8,8,1,0.471449571,0.09745899876,0.1035442652,1
improved,0.0,step_raw,1,s3-s4,1,svd,49,68,6,6,1,0.8467053012,0.007082036812,0.05871954384,1
improved,0.0,step_raw,1,s3-s4,1,svd+ransac,49,68,6,6,1,0.8467053012,0.007082036812,0.05871954384,1
improved,0.0,step_raw,1,s3-s5,1,svd,49,86,4,4,1,0.1466207666,0.06649955474,0.06732032038,1
improved,0.0,step_raw,1,s3-s5,1,svd+ransac,49,86,4,4,1,0.1466207666,0.06649955474,0.06732032038,1
improved,0.0,step_raw,1,s3-s6,0,svd,49,102,1,1,0,nan,nan,nan,0
improved,0.0,step_raw,1,s3-s6,0,svd+ransac,49,102,1,1,0,nan,nan,nan,0
improved,0.0,step_raw,1,s4-s5,1,svd,68,86,8,8,1,0.2118802995,0.02669413843,0.03054644905,1
improved,0.0,step_raw,1,s4-s5,1,svd+ransac,68,86,8,8,1,0.2118802995,0.02669413843,0.03054644905,1
improved,0.0,step_raw,1,s4-s6,1,svd,68,102,9,9,1,0.07571880583,0.03030660569,0.03171665804,1
improved,0.0,step_raw,1,s4-s6,1,svd+ransac,68,102,9,9,1,0.07571880583,0.03030660569,0.03171665804,1
improved,0.0,step_raw,1,s5-s6,1,svd,86,102,12,12,1,0.5108324578,0.02840037612,0.04253518869,1
improved,0.0,step_raw,1,s5-s6,1,svd+ransac,86,102,12,12,1,0.5108324578,0.02840037612,0.04253518869,1
improved,0.0,step_raw,2,s1-s2,1,svd,60,63,5,5,1,0.6119475145,0.1535081354,0.1641545879,1
improved,0.0,step_raw,2,s1-s2,1,svd+ransac,60,63,5,5,1,0.6119475145,0.1535081354,0.1641545879,1
improved,0.0,step_raw,2,s1-s3,1,svd,60,49,8,8,1,0.6123624405,0.04739291763,0.06404226983,1
improved,0.0,step_raw,2,s1-s3,1,svd+ransac,60,49,8,8,1,0.6123624405,0.04739291763,0.06404226983,1
improved,0.0,step_raw,2,s1-s4,0,svd,60,68,1,1,0,nan,nan,nan,0
improved,0.0,step_raw,2,s1-s4,0,svd+ransac,60,68,1,1,0,nan,nan,nan,0
improved,0.0,step_raw,2,s1-s5,0,svd,60,89,1,1,0,nan,nan,nan,0
improved,0.0,step_raw,2,s1-s5,0,svd+ransac,60,89,1,1,0,nan,nan,nan,0
improved,0.0,step_raw,2,s1-s6,0,svd,60,102,4,4,1,4.03084117,0.2097892827,0.3202500604,0
improved,0.0,step_raw,2,s1-s6,0,svd+ransac,60,102,4,4,1,1.918006892,0.1402085045,0.1869039789,1
improved,0.0,step_raw,2,s2-s3,1,svd,63,49,8,8,1,0.5372751506,0.05621423956,0.0648387299,1
improved,0.0,step_raw,2,s2-s3,1,svd+ransac,63,49,8,8,1,0.1408831977,0.01626447815,0.02037794452,1
improved,0.0,step_raw,2,s2-s4,1,svd,63,68,0,0,0,nan,nan,nan,0
improved,0.0,step_raw,2,s2-s4,1,svd+ransac,63,68,0,0,0,nan,nan,nan,0
improved,0.0,step_raw,2,s2-s5,1,svd,63,89,11,11,1,0.366331695,0.08892262785,0.0944914499,1
improved,0.0,step_raw,2,s2-s5,1,svd+ransac,63,89,11,11,1,0.09471420107,0.02645069832,0.0280933064,1
improved,0.0,step_raw,2,s2-s6,0,svd,63,102,7,7,1,1.023187175,0.04757938363,0.08207829412,1
improved,0.0,step_raw,2,s2-s6,0,svd+ransac,63,102,7,7,1,1.023187175,0.04757938363,0.08207829412,1
improved,0.0,step_raw,2,s3-s4,1,svd,49,68,2,2,0,nan,nan,nan,0
improved,0.0,step_raw,2,s3-s4,1,svd+ransac,49,68,2,2,0,nan,nan,nan,0
improved,0.0,step_raw,2,s3-s5,1,svd,49,89,5,5,1,1.171955931,0.2860800364,0.2920891468,1
improved,0.0,step_raw,2,s3-s5,1,svd+ransac,49,89,5,5,1,1.171955931,0.2860800364,0.2920891468,1
improved,0.0,step_raw,2,s3-s6,0,svd,49,102,1,1,0,nan,nan,nan,0
improved,0.0,step_raw,2,s3-s6,0,svd+ransac,49,102,1,1,0,nan,nan,nan,0
improved,0.0,step_raw,2,s4-s5,1,svd,68,89,5,5,1,0.809329935,0.1520842423,0.1620564032,1
improved,0.0,step_raw,2,s4-s5,1,svd+ransac,68,89,5,5,1,0.809329935,0.1520842423,0.1620564032,1
improved,0.0,step_raw,2,s4-s6,1,svd,68,102,6,6,1,2.062687975,0.04869660177,0.1358659348,0
improved,0.0,step_raw,2,s4-s6,1,svd+ransac,68,102,6,6,1,2.062687975,0.04869660177,0.1358659348,0
improved,0.0,step_raw,2,s5-s6,1,svd,89,102,4,4,1,5.840729439,0.2565847136,0.4119001636,0
improved,0.0,step_raw,2,s5-s6,1,svd+ransac,89,102,4,4,1,5.840729439,0.2565847136,0.4119001636,0
improved,0.0,step_raw,3,s1-s2,1,svd,63,59,6,6,1,0.3595329349,0.01448291492,0.0300893853,1
improved,0.0,step_raw,3,s1-s2,1,svd+ransac,63,59,6,6,1,0.3595329349,0.01448291492,0.0300893853,1
improved,0.0,step_raw,3,s1-s3,1,svd,63,56,10,10,1,0.4373095648,0.02815720422,0.03822840273,1
improved,0.0,step_raw,3,s1-s3,1,svd+ransac,63,56,10,10,1,0.4373095648,0.02815720422,0.03822840273,1
improved,0.0,step_raw,3,s1-s4,0,svd,63,66,1,1,0,nan,nan,nan,0
improved,0.0,step_raw,3,s1-s4,0,svd+ransac,63,66,1,1,0,nan,nan,nan,0
improved,0.0,step_raw,3,s1-s5,0,svd,63,87,0,0,0,nan,nan,nan,0
improved,0.0,step_raw,3,s1-s5,0,svd+ransac,63,87,0,0,0,nan,nan,nan,0
improved,0.0,step_raw,3,s1-s6,0,svd,63,101,0,0,0,nan,nan,nan,0
improved,0.0,step_raw,3,s1-s6,0,svd+ransac,63,101,0,0,0,nan,nan,nan,0
improved,0.0,step_raw,3,s2-s3,1,svd,59,56,7,7,1,0.1964215627,0.01417869357,0.02232957901,1
improved,0.0,step_raw,3,s2-s3,1,svd+ransac,59,56,7,7,1,0.1964215627,0.01417869357,0.02232957901,1
improved,0.0,step_raw,3,s2-s4,1,svd,59,66,3,3,1,1.774177454,0.06930373967,0.1235098123,1
improved,0.0,step_raw,3,s2-s4,1,svd+ransac,59,66,3,3,1,1.774177454,0.06930373967,0.1235098123,1
improved,0.0,step_raw,3,s2-s5,1,svd,59,87,6,6,1,0.3852095535,0.03035900673,0.03979531393,1
improved,0.0,step_raw,3,s2-s5,1,svd+ransac,59,87,6,6,1,0.3852095535,0.03035900673,0.03979531393,1
improved,0.0,step_raw,3,s2-s6,0,svd,59,101,5,5,1,1.01194833,0.05306975428,0.08541855311,1
improved,0.0,step_raw,3,s2-s6,0,svd+ransac,59,101,5,5,1,1.01194833,0.05306975428,0.08541855311,1
improved,0.0,step_raw,3,s3-s4,1,svd,56,66,1,1,0,nan,nan,nan,0
improved,0.0,step_raw,3,s3-s4,1,svd+ransac,56,66,1,1,0,nan,nan,nan,0
improved,0.0,step_raw,3,s3-s5,1,svd,56,87,5,5,1,0.1649219482,0.03033279299,0.03121421783,1
improved,0.0,step_raw,3,s3-s5,1,svd+ransac,56,87,5,5,1,0.1649219482,0.03033279299,0.03121421783,1
improved,0.0,step_raw,3,s3-s6,0,svd,56,101,3,3,1,1.407628713,0.3370634187,0.3455327289,1
improved,0.0,step_raw,3,s3-s6,0,svd+ransac,56,101,3,3,1,1.407628713,0.3370634187,0.3455327289,1
improved,0.0,step_raw,3,s4-s5,1,svd,66,87,7,7,1,0.1052390897,0.0478138243,0.04853952945,1
improved,0.0,step_raw,3,s4-s5,1,svd+ransac,66,87,7,7,1,0.1052390897,0.0478138243,0.04853952945,1
improved,0.0,step_raw,3,s4-s6,1,svd,66,101,10,10,1,0.1725866255,0.02173971822,0.02450171734,1
improved,0.0,step_raw,3,s4-s6,1,svd+ransac,66,101,10,10,1,0.1725866255,0.02173971822,0.02450171734,1
improved,0.0,step_raw,3,s5-s6,1,svd,87,101,12,12,1,0.1904442936,0.01298060381,0.01800269789,1
improved,0.0,step_raw,3,s5-s6,1,svd+ransac,87,101,12,12,1,0.1904442936,0.01298060381,0.01800269789,1
improved,0.0,step_raw,4,s1-s2,1,svd,60,65,11,11,1,0.2366231469,0.0199723878,0.02628080978,1
improved,0.0,step_raw,4,s1-s2,1,svd+ransac,60,65,11,11,1,0.2366231469,0.0199723878,0.02628080978,1
improved,0.0,step_raw,4,s1-s3,1,svd,60,50,9,9,1,0.3008130298,0.007392169143,0.01912657091,1
improved,0.0,step_raw,4,s1-s3,1,svd+ransac,60,50,9,9,1,0.3008130298,0.007392169143,0.01912657091,1
improved,0.0,step_raw,4,s1-s4,0,svd,60,64,0,0,0,nan,nan,nan,0
improved,0.0,step_raw,4,s1-s4,0,svd+ransac,60,64,0,0,0,nan,nan,nan,0
improved,0.0,step_raw,4,s1-s5,0,svd,60,85,3,3,1,0.3858783427,0.0481817892,0.05875823629,1
improved,0.0,step_raw,4,s1-s5,0,svd+ransac,60,85,3,3,1,0.3858783427,0.0481817892,0.05875823629,1
improved,0.0,step_raw,4,s1-s6,0,svd,60,100,0,0,0,nan,nan,nan,0
improved,0.0,step_raw,4,s1-s6,0,svd+ransac,60,100,0,0,0,nan,nan,nan,0
improved,0.0,step_raw,4,s2-s3,1,svd,65,50,10,10,1,0.3521736175,0.04739611758,0.05322950553,1
improved,0.0,step_raw,4,s2-s3,1,svd+ransac,65,50,10,10,1,0.3521736175,0.04739611758,0.05322950553,1
improved,0.0,step_raw,4,s2-s4,1,svd,65,64,6,6,1,0.2773232701,0.04494857626,0.05037103667,1
improved,0.0,step_raw,4,s2-s4,1,svd+ransac,65,64,6,6,1,0.2773232701,0.04494857626,0.05037103667,1
improved,0.0,step_raw,4,s2-s5,1,svd,65,85,2,2,0,nan,nan,nan,0
improved,0.0,step_raw,4,s2-s5,1,svd+ransac,65,85,2,2,0,nan,nan,nan,0
improved,0.0,step_raw,4,s2-s6,0,svd,65,100,5,5,1,0.9948115733,0.05538050995,0.08821513026,1
improved,0.0,step_raw,4,s2-s6,0,svd+ransac,65,100,5,5,1,0.9948115733,0.05538050995,0.08821513026,1
improved,0.0,step_raw,4,s3-s4,1,svd,50,64,3,3,1,0.03595865641,0.02447264531,0.0245807015,1
improved,0.0,step_raw,4,s3-s4,1,svd+ransac,50,64,3,3,1,0.03595865641,0.02447264531,0.0245807015,1
improved,0.0,step_raw,4,s3-s5,1,svd,50,85,2,2,0,nan,nan,nan,0
improved,0.0,step_raw,4,s3-s5,1,svd+ransac,50,85,2,2,0,nan,nan,nan,0
improved,0.0,step_raw,4,s3-s6,0,svd,50,100,1,1,0,nan,nan,nan,0
improved,0.0,step_raw,4,s3-s6,0,svd+ransac,50,100,1,1,0,nan,nan,nan,0
improved,0.0,step_raw,4,s4-s5,1,svd,64,85,8,8,1,0.3475108635,0.06238718603,0.06648920045,1
improved,0.0,step_raw,4,s4-s5,1,svd+ransac,64,85,8,8,1,0.3475108635,0.06238718603,0.06648920045,1
improved,0.0,step_raw,4,s4-s6,1,svd,64,100,9,9,1,0.1059140285,0.03413224366,0.03550059722,1
improved,0.0,step_raw,4,s4-s6,1,svd+ransac,64,100,9,9,1,0.1059140285,0.03413224366,0.03550059722,1
improved,0.0,step_raw,4,s5-s6,1,svd,85,100,11,11,1,0.616877986,0.04957844369,0.06085182418,1
improved,0.0,step_raw,4,s5-s6,1,svd+ransac,85,100,11,11,1,0.616877986,0.04957844369,0.06085182418,1
improved,0.0,step_raw,5,s1-s2,1,svd,64,63,4,4,1,0.6930082444,0.1014411699,0.109167118,1
improved,0.0,step_raw,5,s1-s2,1,svd+ransac,64,63,4,4,1,0.6930082444,0.1014411699,0.109167118,1
improved,0.0,step_raw,5,s1-s3,1,svd,64,55,9,9,1,0.3543765155,0.02384669318,0.03135958441,1
improved,0.0,step_raw,5,s1-s3,1,svd+ransac,64,55,9,9,1,0.3543765155,0.02384669318,0.03135958441,1
improved,0.0,step_raw,5,s1-s4,0,svd,64,68,2,2,0,nan,nan,nan,0
improved,0.0,step_raw,5,s1-s4,0,svd+ransac,64,68,2,2,0,nan,nan,nan,0
improved,0.0,step_raw,5,s1-s5,0,svd,64,83,6,6,1,1.152809387,0.313132541,0.3171976417,1
improved,0.0,step_raw,5,s1-s5,0,svd+ransac,64,83,6,6,1,1.152809387,0.313132541,0.3171976417,1
improved,0.0,step_raw,5,s1-s6,0,svd,64,104,0,0,0,nan,nan,nan,0
improved,0.0,step_raw,5,s1-s6,0,svd+ransac,64,104,0,0,0,nan,nan,nan,0
improved,0.0,step_raw,5,s2-s3,1,svd,63,55,11,11,1,0.09163955762,0.01831673049,0.01950273398,1
improved,0.0,step_raw,5,s2-s3,1,svd+ransac,63,55,11,11,1,0.09163955762,0.01831673049,0.01950273398,1
improved,0.0,step_raw,5,s2-s4,1,svd,63,68,1,1,0,nan,nan,nan,0
improved,0.0,step_raw,5,s2-s4,1,svd+ransac,63,68,1,1,0,nan,nan,nan,0
improved,0.0,step_raw,5,s2-s5,1,svd,63,83,8,8,1,0.3314725008,0.008194993657,0.02371883238,1
improved,0.0,step_raw,5,s2-s5,1,svd+ransac,63,83,8,8,1,0.3314725008,0.008194993657,0.02371883238,1
improved,0.0,step_raw,5,s2-s6,0,svd,63,104,2,2,0,nan,nan,nan,0
improved,0.0,step_raw,5,s2-s6,0,svd+ransac,63,104,2,2,0,nan,nan,nan,0
improved,0.0,step_raw,5,s3-s4,1,svd,55,68,2,2,0,nan,nan,nan,0
improved,0.0,step_raw,5,s3-s4,1,svd+ransac,55,68,2,2,0,nan,nan,nan,0
improved,0.0,step_raw,5,s3-s5,1,svd,55,83,2,2,0,nan,nan,nan,0
improved,0.0,step_raw,5,s3-s5,1,svd+ransac,55,83,2,2,0,nan,nan,nan,0
improved,0.0,step_raw,5,s3-s6,0,svd,55,104,7,7,1,0.4589476441,0.03258968014,0.04642263856,1
improved,0.0,step_raw,5,s3-s6,0,svd+ransac,55,104,7,7,1,0.4589476441,0.03258968014,0.04642263856,1
improved,0.0,step_raw,5,s4-s5,1,svd,68,83,5,5,1,0.2919156906,0.0906293426,0.09304435168,1
improved,0.0,step_raw,5,s4-s5,1,svd+ransac,68,83,5,5,1,0.2919156906,0.0906293426,0.09304435168,1
improved,0.0,step_raw,5,s4-s6,1,svd,68,104,5,5,1,1.053593891,0.1073419994,0.1281763259,1
improved,0.0,step_raw,5,s4-s6,1,svd+ransac,68,104,5,5,1,1.053593891,0.1073419994,0.1281763259,1
improved,0.0,step_raw,5,s5-s6,1,svd,83,104,4,4,1,0.5135177408,0.02811120439,0.04408107983,1
improved,0.0,step_raw,5,s5-s6,1,svd+ransac,83,104,4,4,1,0.5135177408,0.02811120439,0.04408107983,1
improved,0.0,step_raw,6,s1-s2,1,svd,58,63,6,6,1,0.1560640955,0.03012298805,0.03331913356,1
improved,0.0,step_raw,6,s1-s2,1,svd+ransac,58,63,6,6,1,0.1560640955,0.03012298805,0.03331913356,1
improved,0.0,step_raw,6,s1-s3,1,svd,58,49,4,4,1,0.4597966627,0.05530421421,0.06103626574,1
improved,0.0,step_raw,6,s1-s3,1,svd+ransac,58,49,4,4,1,0.4597966627,0.05530421421,0.06103626574,1
improved,0.0,step_raw,6,s1-s4,0,svd,58,68,7,7,1,0.6949771127,0.1180316621,0.1241448669,1
improved,0.0,step_raw,6,s1-s4,0,svd+ransac,58,68,7,7,1,0.6949771127,0.1180316621,0.1241448669,1
improved,0.0,step_raw,6,s1-s5,0,svd,58,83,4,4,1,0.8533793977,0.1026967803,0.1197116502,1
improved,0.0,step_raw,6,s1-s5,0,svd+ransac,58,83,4,4,1,0.8533793977,0.1026967803,0.1197116502,1
improved,0.0,step_raw,6,s1-s6,0,svd,58,103,4,4,1,1.665973646,0.06178168725,0.1318187972,1
improved,0.0,step_raw,6,s1-s6,0,svd+ransac,58,103,4,4,1,1.665973646,0.06178168725,0.1318187972,1
improved,0.0,step_raw,6,s2-s3,1,svd,63,49,10,10,1,0.2182043513,0.006141592455,0.01766543508,1
improved,0.0,step_raw,6,s2-s3,1,svd+ransac,63,49,10,10,1,0.2182043513,0.006141592455,0.01766543508,1
improved,0.0,step_raw,6,s2-s4,1,svd,63,68,1,1,0,nan,nan,nan,0
improved,0.0,step_raw,6,s2-s4,1,svd+ransac,63,68,1,1,0,nan,nan,nan,0
improved,0.0,step_raw,6,s2-s5,1,svd,63,83,5,5,1,0.3768299019,0.04043187721,0.04902607456,1
improved,0.0,step_raw,6,s2-s5,1,svd+ransac,63,83,5,5,1,0.3768299019,0.04043187721,0.04902607456,1
improved,0.0,step_raw,6,s2-s6,0,svd,63,103,8,8,1,0.7688807645,0.01588795909,0.05344099693,1
improved,0.0,step_raw,6,s2-s6,0,svd+ransac,63,103,8,8,1,0.7688807645,0.01588795909,0.05344099693,1
improved,0.0,step_raw,6,s3-s4,1,svd,49,68,2,2,0,nan,nan,nan,0
improved,0.0,step_raw,6,s3-s4,1,svd+ransac,49,68,2,2,0,nan,nan,nan,0
improved,0.0,step_raw,6,s3-s5,1,svd,49,83,4,4,1,0.3113716109,0.04388255072,0.04820629923,1
improved,0.0,step_raw,6,s3-s5,1,svd+ransac,49,83,4,4,1,0.3113716109,0.04388255072,0.04820629923,1
improved,0.0,step_raw,6,s3-s6,0,svd,49,103,1,1,0,nan,nan,nan,0
improved,0.0,step_raw,6,s3-s6,0,svd+ransac,49,103,1,1,0,nan,nan,nan,0
improved,0.0,step_raw,6,s4-s5,1,svd,68,83,10,10,1,0.3017783024,0.06360525296,0.06655032728,1
improved,0.0,step_raw,6,s4-s5,1,svd+ransac,68,83,10,10,1,0.3017783024,0.06360525296,0.06655032728,1
improved,0.0,step_raw,6,s4-s6,1,svd,68,103,3,3,1,2.676875246,0.05010780312,0.1739590132,0
improved,0.0,step_raw,6,s4-s6,1,svd+ransac,68,103,3,3,1,2.676875246,0.05010780312,0.1739590132,0
improved,0.0,step_raw,6,s5-s6,1,svd,83,103,6,6,1,0.5339222596,0.02675402891,0.04260472015,1
improved,0.0,step_raw,6,s5-s6,1,svd+ransac,83,103,6,6,1,0.5339222596,0.02675402891,0.04260472015,1
improved,0.0,step_raw,7,s1-s2,1,svd,56,60,1,1,0,nan,nan,nan,0
improved,0.0,step_raw,7,s1-s2,1,svd+ransac,56,60,1,1,0,nan,nan,nan,0
improved,0.0,step_raw,7,s1-s3,1,svd,56,50,2,2,0,nan,nan,nan,0
improved,0.0,step_raw,7,s1-s3,1,svd+ransac,56,50,2,2,0,nan,nan,nan,0
improved,0.0,step_raw,7,s1-s4,0,svd,56,64,7,7,1,2.754183466,0.3743783654,0.4018817177,0
improved,0.0,step_raw,7,s1-s4,0,svd+ransac,56,64,7,7,1,1.421036486,0.2728735399,0.2823056275,1
improved,0.0,step_raw,7,s1-s5,0,svd,56,88,6,6,1,0.4856544609,0.06475920185,0.07013024255,1
improved,0.0,step_raw,7,s1-s5,0,svd+ransac,56,88,6,6,1,0.4856544609,0.06475920185,0.07013024255,1
improved,0.0,step_raw,7,s1-s6,0,svd,56,98,4,4,1,0.9505892322,0.1878077951,0.1929976077,1
improved,0.0,step_raw,7,s1-s6,0,svd+ransac,56,98,4,4,1,0.9505892322,0.1878077951,0.1929976077,1
improved,0.0,step_raw,7,s2-s3,1,svd,60,50,10,10,1,0.1425845644,0.0138832516,0.01805697059,1
improved,0.0,step_raw,7,s2-s3,1,svd+ransac,60,50,10,10,1,0.1425845644,0.0138832516,0.01805697059,1
improved,0.0,step_raw,7,s2-s4,1,svd,60,64,4,4,1,1.74498806,0.06371895234,0.1171543981,1
improved,0.0,step_raw,7,s2-s4,1,svd+ransac,60,64,4,4,1,1.74498806,0.06371895234,0.1171543981,1
improved,0.0,step_raw,7,s2-s5,1,svd,60,88,5,5,1,0.6002299129,0.05628511842,0.06789055879,1
improved,0.0,step_raw,7,s2-s5,1,svd+ransac,60,88,5,5,1,0.6002299129,0.05628511842,0.06789055879,1
improved,0.0,step_raw,7,s2-s6,0,svd,60,98,7,7,1,0.9915425645,0.04750499307,0.07938721855,1
improved,0.0,step_raw,7,s2-s6,0,svd+ransac,60,98,7,7,1,0.9915425645,0.04750499307,0.07938721855,1
improved,0.0,step_raw,7,s3-s4,1,svd,50,64,2,2,0,nan,nan,nan,0
improved,0.0,step_raw,7,s3-s4,1,svd+ransac,50,64,2,2,0,nan,nan,nan,0
improved,0.0,step_raw,7,s3-s5,1,svd,50,88,6,6,1,0.1065911179,0.01379888279,0.01674695731,1
improved,0.0,step_raw,7,s3-s5,1,svd+ransac,50,88,6,6,1,0.1065911179,0.01379888279,0.01674695731,1
improved,0.0,step_raw,7,s3-s6,0,svd,50,98,6,6,1,0.4975373388,0.157767541,0.1587687245,1
improved,0.0,step_raw,7,s3-s6,0,svd+ransac,50,98,6,6,1,0.4975373388,0.157767541,0.1587687245,1
improved,0.0,step_raw,7,s4-s5,1,svd,64,88,7,7,1,0.448248125,0.07321912925,0.07912447082,1
improved,0.0,step_raw,7,s4-s5,1,svd+ransac,64,88,7,7,1,0.448248125,0.07321912925,0.07912447082,1
improved,0.0,step_raw,7,s4-s6,1,svd,64,98,7,7,1,0.325699988,0.02268742164,0.03395138135,1
improved,0.0,step_raw,7,s4-s6,1,svd+ransac,64,98,7,7,1,0.325699988,0.02268742164,0.03395138135,1
improved,0.0,step_raw,7,s5-s6,1,svd,88,98,9,9,1,2.542919603,0.07246240332,0.1611689847,0
improved,0.0,step_raw,7,s5-s6,1,svd+ransac,88,98,9,9,1,0.4819547243,0.02090373838,0.03616040201,1
improved,0.0,step_raw,8,s1-s2,1,svd,64,64,8,8,1,0.3402274174,0.08559306957,0.0874695561,1
improved,0.0,step_raw,8,s1-s2,1,svd+ransac,64,64,8,8,1,0.3402274174,0.08559306957,0.0874695561,1
improved,0.0,step_raw,8,s1-s3,1,svd,64,51,7,7,1,0.345650283,0.0315262708,0.03917881618,1
improved,0.0,step_raw,8,s1-s3,1,svd+ransac,64,51,7,7,1,0.345650283,0.0315262708,0.03917881618,1
improved,0.0,step_raw,8,s1-s4,0,svd,64,64,1,1,0,nan,nan,nan,0
improved,0.0,step_raw,8,s1-s4,0,svd+ransac,64,64,1,1,0,nan,nan,nan,0
improved,0.0,step_raw,8,s1-s5,0,svd,64,92,7,7,1,0.5827509419,0.1065405821,0.1109515515,1
improved,0.0,step_raw,8,s1-s5,0,svd+ransac,64,92,7,7,1,0.5827509419,0.1065405821,0.1109515515,1
improved,0.0,step_raw,8,s1-s6,0,svd,64,107,6,6,1,0.875842882,0.1162092532,0.1267652432,1
improved,0.0,step_raw,8,s1-s6,0,svd+ransac,64,107,6,6,1,0.875842882,0.1162092532,0.1267652432,1
improved,0.0,step_raw,8,s2-s3,1,svd,64,51,7,7,1,0.2350270918,0.03016275441,0.03448638369,1
improved,0.0,step_raw,8,s2-s3,1,svd+ransac,64,51,7,7,1,0.2350270918,0.03016275441,0.03448638369,1
improved,0.0,step_raw,8,s2-s4,1,svd,64,64,3,3,1,1.780178074,0.06333937961,0.1222608913,1
improved,0.0,step_raw,8,s2-s4,1,svd+ransac,64,64,3,3,1,1.780178074,0.06333937961,0.1222608913,1
improved,0.0,step_raw,8,s2-s5,1,svd,64,92,8,8,1,1.470276699,0.01605801535,0.09550398971,1
improved,0.0,step_raw,8,s2-s5,1,svd+ransac,64,92,8,8,1,3.042691742,0.1941164388,0.2592856328,0
improved,0.0,step_raw,8,s2-s6,0,svd,64,107,6,6,1,0.7923301489,0.01643987966,0.05366616209,1
improved,0.0,step_raw,8,s2-s6,0,svd+ransac,64,107,6,6,1,0.7923301489,0.01643987966,0.05366616209,1
improved,0.0,step_raw,8,s3-s4,1,svd,51,64,1,1,0,nan,nan,nan,0
improved,0.0,step_raw,8,s3-s4,1,svd+ransac,51,64,1,1,0,nan,nan,nan,0
improved,0.0,step_raw,8,s3-s5,1,svd,51,92,1,1,0,nan,nan,nan,0
improved,0.0,step_raw,8,s3-s5,1,svd+ransac,51,92,1,1,0,nan,nan,nan,0
improved,0.0,step_raw,8,s3-s6,0,svd,51,107,4,4,1,0.7478397673,0.4405488565,0.437503556,1
improved,0.0,step_raw,8,s3-s6,0,svd+ransac,51,107,4,4,1,0.7478397673,0.4405488565,0.437503556,1
improved,0.0,step_raw,8,s4-s5,1,svd,64,92,4,4,1,0.3012916146,0.02128361766,0.02860177583,1
improved,0.0,step_raw,8,s4-s5,1,svd+ransac,64,92,4,4,1,0.3012916146,0.02128361766,0.02860177583,1
improved,0.0,step_raw,8,s4-s6,1,svd,64,107,6,6,1,1.018602705,0.111103536,0.1314664455,1
improved,0.0,step_raw,8,s4-s6,1,svd+ransac,64,107,6,6,1,1.018602705,0.111103536,0.1314664455,1
improved,0.0,step_raw,8,s5-s6,1,svd,92,107,2,2,0,nan,nan,nan,0
improved,0.0,step_raw,8,s5-s6,1,svd+ransac,92,107,2,2,0,nan,nan,nan,0
improved,0.0,step_raw,9,s1-s2,1,svd,59,70,5,5,1,0.244556912,0.02220722603,0.02738177551,1
improved,0.0,step_raw,9,s1-s2,1,svd+ransac,59,70,5,5,1,0.244556912,0.02220722603,0.02738177551,1
improved,0.0,step_raw,9,s1-s3,1,svd,59,53,7,7,1,0.4244503315,0.04406787866,0.05184458041,1
improved,0.0,step_raw,9,s1-s3,1,svd+ransac,59,53,7,7,1,0.4244503315,0.04406787866,0.05184458041,1
improved,0.0,step_raw,9,s1-s4,0,svd,59,66,5,5,1,3.243877271,0.2907696187,0.3415746894,0
improved,0.0,step_raw,9,s1-s4,0,svd+ransac,59,66,5,5,1,3.243877271,0.2907696187,0.3415746894,0
improved,0.0,step_raw,9,s1-s5,0,svd,59,85,10,10,1,0.427692715,0.05993962738,0.06466432724,1
improved,0.0,step_raw,9,s1-s5,0,svd+ransac,59,85,10,10,1,0.427692715,0.05993962738,0.06466432724,1
improved,0.0,step_raw,9,s1-s6,0,svd,59,105,0,0,0,nan,nan,nan,0
improved,0.0,step_raw,9,s1-s6,0,svd+ransac,59,105,0,0,0,nan,nan,nan,0
improved,0.0,step_raw,9,s2-s3,1,svd,70,53,3,3,1,0.493188188,0.09172298405,0.09838321636,1
improved,0.0,step_raw,9,s2-s3,1,svd+ransac,70,53,3,3,1,0.493188188,0.09172298405,0.09838321636,1
improved,0.0,step_raw,9,s2-s4,1,svd,70,66,12,12,1,0.2332671597,0.03609076633,0.04176716729,1
improved,0.0,step_raw,9,s2-s4,1,svd+ransac,70,66,12,12,1,0.2332671597,0.03609076633,0.04176716729,1
improved,0.0,step_raw,9,s2-s5,1,svd,70,85,0,0,0,nan,nan,nan,0
improved,0.0,step_raw,9,s2-s5,1,svd+ransac,70,85,0,0,0,nan,nan,nan,0
improved,0.0,step_raw,9,s2-s6,0,svd,70,105,8,8,1,0.3381927294,0.09108279233,0.09535612544,1
improved,0.0,step_raw,9,s2-s6,0,svd+ransac,70,105,8,8,1,0.3381927294,0.09108279233,0.09535612544,1
improved,0.0,step_raw,9,s3-s4,1,svd,53,66,4,4,1,0.5182198148,0.06279891762,0.07281115516,1
improved,0.0,step_raw,9,s3-s4,1,svd+ransac,53,66,4,4,1,0.5182198148,0.06279891762,0.07281115516,1
improved,0.0,step_raw,9,s3-s5,1,svd,53,85,0,0,0,nan,nan,nan,0
improved,0.0,step_raw,9,s3-s5,1,svd+ransac,53,85,0,0,0,nan,nan,nan,0
improved,0.0,step_raw,9,s3-s6,0,svd,53,105,6,6,1,0.2802391374,0.04293062456,0.04791809891,1
improved,0.0,step_raw,9,s3-s6,0,svd+ransac,53,105,6,6,1,0.2802391374,0.04293062456,0.04791809891,1
improved,0.0,step_raw,9,s4-s5,1,svd,66,85,1,1,0,nan,nan,nan,0
improved,0.0,step_raw,9,s4-s5,1,svd+ransac,66,85,1,1,0,nan,nan,nan,0
improved,0.0,step_raw,9,s4-s6,1,svd,66,105,7,7,1,0.1552548065,0.06649700353,0.06750607437,1
improved,0.0,step_raw,9,s4-s6,1,svd+ransac,66,105,7,7,1,0.1552548065,0.06649700353,0.06750607437,1
improved,0.0,step_raw,9,s5-s6,1,svd,85,105,12,12,1,1.695540576,0.04826269242,0.1128225716,1
improved,0.0,step_raw,9,s5-s6,1,svd+ransac,85,105,12,12,1,0.1963420926,0.02401531206,0.02741026601,1
improved,0.0,step_raw,10,s1-s2,1,svd,59,67,5,5,1,1.096818803,0.2811180912,0.2928457658,1
improved,0.0,step_raw,10,s1-s2,1,svd+ransac,59,67,5,5,1,1.096818803,0.2811180912,0.2928457658,1
improved,0.0,step_raw,10,s1-s3,1,svd,59,52,7,7,1,0.3640657261,0.04328292225,0.0478609234,1
improved,0.0,step_raw,10,s1-s3,1,svd+ransac,59,52,7,7,1,0.3640657261,0.04328292225,0.0478609234,1
improved,0.0,step_raw,10,s1-s4,0,svd,59,64,8,8,1,2.281535735,0.1465081182,0.1987463976,0
improved,0.0,step_raw,10,s1-s4,0,svd+ransac,59,64,8,8,1,3.075074539,0.2081283785,0.273518017,0
improved,0.0,step_raw,10,s1-s5,0,svd,59,84,5,5,1,1.201985614,0.5746781045,0.5802670494,0
improved,0.0,step_raw,10,s1-s5,0,svd+ransac,59,84,5,5,1,0.8418947326,0.2288207735,0.2313142735,1
improved,0.0,step_raw,10,s1-s6,0,svd,59,101,3,3,1,4.201351248,1.2939639,1.321939695,0
improved,0.0,step_raw,10,s1-s6,0,svd+ransac,59,101,3,3,1,4.201351248,1.2939639,1.321939695,0
improved,0.0,step_raw,10,s2-s3,1,svd,67,52,9,9,1,0.1666678748,0.02399425275,0.02797458242,1
improved,0.0,step_raw,10,s2-s3,1,svd+ransac,67,52,9,9,1,0.1666678748,0.02399425275,0.02797458242,1
improved,0.0,step_raw,10,s2-s4,1,svd,67,64,2,2,0,nan,nan,nan,0
improved,0.0,step_raw,10,s2-s4,1,svd+ransac,67,64,2,2,0,nan,nan,nan,0
improved,0.0,step_raw,10,s2-s5,1,svd,67,84,14,14,1,0.3475622979,0.009396749041,0.02474463245,1
improved,0.0,step_raw,10,s2-s5,1,svd+ransac,67,84,14,14,1,0.224653263,0.0186961045,0.02404193188,1
improved,0.0,step_raw,10,s2-s6,0,svd,67,101,3,3,1,3.746128597,0.5230339698,0.5873460372,0
improved,0.0,step_raw,10,s2-s6,0,svd+ransac,67,101,3,3,1,3.746128597,0.5230339698,0.5873460372,0
improved,0.0,step_raw,10,s3-s4,1,svd,52,64,3,3,1,0.9470858066,0.0200473323,0.06639885845,1
improved,0.0,step_raw,10,s3-s4,1,svd+ransac,52,64,3,3,1,0.9470858066,0.0200473323,0.06639885845,1
improved,0.0,step_raw,10,s3-s5,1,svd,52,84,1,1,0,nan,nan,nan,0
improved,0.0,step_raw,10,s3-s5,1,svd+ransac,52,84,1,1,0,nan,nan,nan,0
improved,0.0,step_raw,10,s3-s6,0,svd,52,101,10,10,1,0.2676500002,0.04513479932,0.0480058198,1
improved,0.0,step_raw,10,s3-s6,0,svd+ransac,52,101,10,10,1,0.2676500002,0.04513479932,0.0480058198,1
improved,0.0,step_raw,10,s4-s5,1,svd,64,84,7,7,1,0.1401855447,0.04878355142,0.05019054805,1
improved,0.0,step_raw,10,s4-s5,1,svd+ransac,64,84,7,7,1,0.1401855447,0.04878355142,0.05019054805,1
improved,0.0,step_raw,10,s4-s6,1,svd,64,101,9,9,1,0.9250460403,0.1022363148,0.1233875173,1
improved,0.0,step_raw,10,s4-s6,1,svd+ransac,64,101,9,9,1,0.2815153118,0.08633794018,0.0882350922,1
improved,0.0,step_raw,10,s5-s6,1,svd,84,101,6,6,1,0.06629855623,0.02324970322,0.02337187095,1
improved,0.0,step_raw,10,s5-s6,1,svd+ransac,84,101,6,6,1,0.06629855623,0.02324970322,0.02337187095,1
improved,0.0,linear_a_raw,1,s1-s2,1,svd,56,61,7,7,1,0.2847381437,0.01602984802,0.02292428854,1
improved,0.0,linear_a_raw,1,s1-s2,1,svd+ransac,56,61,7,7,1,0.2847381437,0.01602984802,0.02292428854,1
improved,0.0,linear_a_raw,1,s1-s3,1,svd,56,53,9,9,1,0.3414560916,0.01350740324,0.02465739391,1
improved,0.0,linear_a_raw,1,s1-s3,1,svd+ransac,56,53,9,9,1,0.3414560916,0.01350740324,0.02465739391,1
improved,0.0,linear_a_raw,1,s1-s4,0,svd,56,67,0,0,0,nan,nan,nan,0
improved,0.0,linear_a_raw,1,s1-s4,0,svd+ransac,56,67,0,0,0,nan,nan,nan,0
improved,0.0,linear_a_raw,1,s1-s5,0,svd,56,85,3,3,1,2.502683506,0.7930929917,0.815748331,0
improved,0.0,linear_a_raw,1,s1-s5,0,svd+ransac,56,85,3,3,1,2.502683506,0.7930929917,0.815748331,0
improved,0.0,linear_a_raw,1,s1-s6,0,svd,56,103,5,5,1,1.404647282,0.0899514986,0.1255835493,1
improved,0.0,linear_a_raw,1,s1-s6,0,svd+ransac,56,103,5,5,1,1.670325093,0.06188230575,0.1176821937,1
improved,0.0,linear_a_raw,1,s2-s3,1,svd,61,53,9,9,1,0.2910311471,0.01945866825,0.02837337031,1
improved,0.0,linear_a_raw,1,s2-s3,1,svd+ransac,61,53,9,9,1,0.2910311471,0.01945866825,0.02837337031,1
improved,0.0,linear_a_raw,1,s2-s4,1,svd,61,67,8,8,1,0.2594007813,0.01720327469,0.02720154914,1
improved,0.0,linear_a_raw,1,s2-s4,1,svd+ransac,61,67,8,8,1,0.2594007813,0.01720327469,0.02720154914,1
improved,0.0,linear_a_raw,1,s2-s5,1,svd,61,85,1,1,0,nan,nan,nan,0
improved,0.0,linear_a_raw,1,s2-s5,1,svd+ransac,61,85,1,1,0,nan,nan,nan,0
improved,0.0,linear_a_raw,1,s2-s6,0,svd,61,103,7,7,1,0.4713087146,0.1162506752,0.1217719303,1
improved,0.0,linear_a_raw,1,s2-s6,0,svd+ransac,61,103,7,7,1,0.4713087146,0.1162506752,0.1217719303,1
improved,0.0,linear_a_raw,1,s3-s4,1,svd,53,67,8,8,1,0.4764234432,0.03524597501,0.04534893038,1
improved,0.0,linear_a_raw,1,s3-s4,1,svd+ransac,53,67,8,8,1,0.4764234432,0.03524597501,0.04534893038,1
improved,0.0,linear_a_raw,1,s3-s5,1,svd,53,85,6,6,1,0.2615847282,0.06284780647,0.0637635974,1
improved,0.0,linear_a_raw,1,s3-s5,1,svd+ransac,53,85,6,6,1,0.2615847282,0.06284780647,0.0637635974,1
improved,0.0,linear_a_raw,1,s3-s6,0,svd,53,103,1,1,0,nan,nan,nan,0
improved,0.0,linear_a_raw,1,s3-s6,0,svd+ransac,53,103,1,1,0,nan,nan,nan,0
improved,0.0,linear_a_raw,1,s4-s5,1,svd,67,85,10,10,1,0.1431842205,0.04852409167,0.04953119616,1
improved,0.0,linear_a_raw,1,s4-s5,1,svd+ransac,67,85,10,10,1,0.1431842205,0.04852409167,0.04953119616,1
improved,0.0,linear_a_raw,1,s4-s6,1,svd,67,103,5,5,1,0.3794915214,0.1049334389,0.1090176338,1
improved,0.0,linear_a_raw,1,s4-s6,1,svd+ransac,67,103,5,5,1,0.3794915214,0.1049334389,0.1090176338,1
improved,0.0,linear_a_raw,1,s5-s6,1,svd,85,103,8,8,1,0.5088402929,0.02749209247,0.03997211106,1
improved,0.0,linear_a_raw,1,s5-s6,1,svd+ransac,85,103,8,8,1,0.5088402929,0.02749209247,0.03997211106,1
improved,0.0,linear_a_raw,2,s1-s2,1,svd,59,61,6,6,1,0.3325409021,0.03667652836,0.0479467068,1
improved,0.0,linear_a_raw,2,s1-s2,1,svd+ransac,59,61,6,6,1,0.3325409021,0.03667652836,0.0479467068,1
improved,0.0,linear_a_raw,2,s1-s3,1,svd,59,49,7,7,1,0.4098778455,0.04432645278,0.05128700641,1
improved,0.0,linear_a_raw,2,s1-s3,1,svd+ransac,59,49,7,7,1,0.4098778455,0.04432645278,0.05128700641,1
improved,0.0,linear_a_raw,2,s1-s4,0,svd,59,67,4,4,1,0.5487561992,0.1097743528,0.1154192259,1
improved,0.0,linear_a_raw,2,s1-s4,0,svd+ransac,59,67,4,4,1,0.5487561992,0.1097743528,0.1154192259,1
improved,0.0,linear_a_raw,2,s1-s5,0,svd,59,89,2,2,0,nan,nan,nan,0
improved,0.0,linear_a_raw,2,s1-s5,0,svd+ransac,59,89,2,2,0,nan,nan,nan,0
improved,0.0,linear_a_raw,2,s1-s6,0,svd,59,104,5,5,1,2.205080618,0.1630082404,0.2157029198,0
improved,0.0,linear_a_raw,2,s1-s6,0,svd+ransac,59,104,5,5,1,3.25277643,0.1713931389,0.2645231114,0
improved,0.0,linear_a_raw,2,s2-s3,1,svd,61,49,11,11,1,0.5034537729,0.04654043639,0.05522689781,1
improved,0.0,linear_a_raw,2,s2-s3,1,svd+ransac,61,49,11,11,1,0.5034537729,0.04654043639,0.05522689781,1
improved,0.0,linear_a_raw,2,s2-s4,1,svd,61,67,2,2,0,nan,nan,nan,0
improved,0.0,linear_a_raw,2,s2-s4,1,svd+ransac,61,67,2,2,0,nan,nan,nan,0
improved,0.0,linear_a_raw,2,s2-s5,1,svd,61,89,4,4,1,0.5548973657,0.02997187034,0.04812633853,1
improved,0.0,linear_a_raw,2,s2-s5,1,svd+ransac,61,89,4,4,1,0.5548973657,0.02997187034,0.04812633853,1
improved,0.0,linear_a_raw,2,s2-s6,0,svd,61,104,8,8,1,0.7602652683,0.02126005713,0.05491064486,1
improved,0.0,linear_a_raw,2,s2-s6,0,svd+ransac,61,104,8,8,1,0.7602652683,0.02126005713,0.05491064486,1
improved,0.0,linear_a_raw,2,s3-s4,1,svd,49,67,10,10,1,1.023702948,0.05333450895,0.07515222714,1
improved,0.0,linear_a_raw,2,s3-s4,1,svd+ransac,49,67,10,10,1,1.023702948,0.05333450895,0.07515222714,1
improved,0.0,linear_a_raw,2,s3-s5,1,svd,49,89,5,5,1,0.9063489449,0.2302462506,0.235450605,1
improved,0.0,linear_a_raw,2,s3-s5,1,svd+ransac,49,89,5,5,1,0.9063489449,0.2302462506,0.235450605,1
improved,0.0,linear_a_raw,2,s3-s6,0,svd,49,104,2,2,0,nan,nan,nan,0
improved,0.0,linear_a_raw,2,s3-s6,0,svd+ransac,49,104,2,2,0,nan,nan,nan,0
improved,0.0,linear_a_raw,2,s4-s5,1,svd,67,89,5,5,1,0.8125211073,0.1534962796,0.1634241415,1
improved,0.0,linear_a_raw,2,s4-s5,1,svd+ransac,67,89,5,5,1,0.8125211073,0.1534962796,0.1634241415,1
improved,0.0,linear_a_raw,2,s4-s6,1,svd,67,104,7,7,1,0.1861796346,0.03353088606,0.03654690778,1
improved,0.0,linear_a_raw,2,s4-s6,1,svd+ransac,67,104,7,7,1,0.1861796346,0.03353088606,0.03654690778,1
improved,0.0,linear_a_raw,2,s5-s6,1,svd,89,104,3,3,1,2.890783111,0.06186560268,0.1839363944,0
improved,0.0,linear_a_raw,2,s5-s6,1,svd+ransac,89,104,3,3,1,2.890783111,0.06186560268,0.1839363944,0
improved,0.0,linear_a_raw,3,s1-s2,1,svd,61,62,6,6,1,0.5889420898,0.1421522594,0.1495166886,1
improved,0.0,linear_a_raw,3,s1-s2,1,svd+ransac,61,62,6,6,1,0.5889420898,0.1421522594,0.1495166886,1
improved,0.0,linear_a_raw,3,s1-s3,1,svd,61,57,10,10,1,0.4385368757,0.02966921027,0.04051370651,1
improved,0.0,linear_a_raw,3,s1-s3,1,svd+ransac,61,57,10,10,1,0.4385368757,0.02966921027,0.04051370651,1
improved,0.0,linear_a_raw,3,s1-s4,0,svd,61,70,1,1,0,nan,nan,nan,0
improved,0.0,linear_a_raw,3,s1-s4,0,svd+ransac,61,70,1,1,0,nan,nan,nan,0
improved,0.0,linear_a_raw,3,s1-s5,0,svd,61,90,3,3,1,1.139147185,0.1977987802,0.2079355899,1
improved,0.0,linear_a_raw,3,s1-s5,0,svd+ransac,61,90,3,3,1,1.139147185,0.1977987802,0.2079355899,1
improved,0.0,linear_a_raw,3,s1-s6,0,svd,61,99,5,5,1,1.178074176,0.0887335678,0.115769902,1
improved,0.0,linear_a_raw,3,s1-s6,0,svd+ransac,61,99,5,5,1,1.178074176,0.0887335678,0.115769902,1
improved,0.0,linear_a_raw,3,s2-s3,1,svd,62,57,8,8,1,0.4298072816,0.05975035997,0.06866917615,1
improved,0.0,linear_a_raw,3,s2-s3,1,svd+ransac,62,57,8,8,1,0.4298072816,0.05975035997,0.06866917615,1
improved,0.0,linear_a_raw,3,s2-s4,1,svd,62,70,3,3,1,1.773651674,0.06939172058,0.1230352461,1
improved,0.0,linear_a_raw,3,s2-s4,1,svd+ransac,62,70,3,3,1,1.773651674,0.06939172058,0.1230352461,1
improved,0.0,linear_a_raw,3,s2-s5,1,svd,62,90,1,1,0,nan,nan,nan,0
improved,0.0,linear_a_raw,3,s2-s5,1,svd+ransac,62,90,1,1,0,nan,nan,nan,0
improved,0.0,linear_a_raw,3,s2-s6,0,svd,62,99,5,5,1,0.4425129596,0.1033772827,0.1092010238,1
improved,0.0,linear_a_raw,3,s2-s6,0,svd+ransac,62,99,5,5,1,0.4425129596,0.1033772827,0.1092010238,1
improved,0.0,linear_a_raw,3,s3-s4,1,svd,57,70,13,13,1,0.7841449867,0.01562427014,0.05689185635,1
improved,0.0,linear_a_raw,3,s3-s4,1,svd+ransac,57,70,13,13,1,0.7841449867,0.01562427014,0.05689185635,1
improved,0.0,linear_a_raw,3,s3-s5,1,svd,57,90,3,3,1,0.3273477519,0.1441215079,0.144617052,1
improved,0.0,linear_a_raw,3,s3-s5,1,svd+ransac,57,90,3,3,1,0.3273477519,0.1441215079,0.144617052,1
improved,0.0,linear_a_raw,3,s3-s6,0,svd,57,99,1,1,0,nan,nan,nan,0
improved,0.0,linear_a_raw,3,s3-s6,0,svd+ransac,57,99,1,1,0,nan,nan,nan,0
improved,0.0,linear_a_raw,3,s4-s5,1,svd,70,90,5,5,1,0.5994065996,0.100497704,0.1080910477,1
improved,0.0,linear_a_raw,3,s4-s5,1,svd+ransac,70,90,5,5,1,0.5994065996,0.100497704,0.1080910477,1
improved,0.0,linear_a_raw,3,s4-s6,1,svd,70,99,8,8,1,0.1552067299,0.03126806172,0.03297912241,1
improved,0.0,linear_a_raw,3,s4-s6,1,svd+ransac,70,99,8,8,1,0.1552067299,0.03126806172,0.03297912241,1
improved,0.0,linear_a_raw,3,s5-s6,1,svd,90,99,8,8,1,0.3322195129,0.05000492829,0.0549588825,1
improved,0.0,linear_a_raw,3,s5-s6,1,svd+ransac,90,99,8,8,1,0.3322195129,0.05000492829,0.0549588825,1
improved,0.0,linear_a_raw,4,s1-s2,1,svd,60,66,5,5,1,0.5745037743,0.06422377975,0.07336109682,1
improved,0.0,linear_a_raw,4,s1-s2,1,svd+ransac,60,66,5,5,1,0.5745037743,0.06422377975,0.07336109682,1
improved,0.0,linear_a_raw,4,s1-s3,1,svd,60,48,7,7,1,0.2976203943,0.01607815473,0.02293975841,1
improved,0.0,linear_a_raw,4,s1-s3,1,svd+ransac,60,48,7,7,1,0.2976203943,0.01607815473,0.02293975841,1
improved,0.0,linear_a_raw,4,s1-s4,0,svd,60,64,9,9,1,1.430782383,0.05276851118,0.09529813159,1
improved,0.0,linear_a_raw,4,s1-s4,0,svd+ransac,60,64,9,9,1,0.6396580379,0.09759944801,0.1045105919,1
improved,0.0,linear_a_raw,4,s1-s5,0,svd,60,85,3,3,1,0.3858187623,0.04614558136,0.05697716536,1
improved,0.0,linear_a_raw,4,s1-s5,0,svd+ransac,60,85,3,3,1,0.3858187623,0.04614558136,0.05697716536,1
improved,0.0,linear_a_raw,4,s1-s6,0,svd,60,99,0,0,0,nan,nan,nan,0
improved,0.0,linear_a_raw,4,s1-s6,0,svd+ransac,60,99,0,0,0,nan,nan,nan,0
improved,0.0,linear_a_raw,4,s2-s3,1,svd,66,48,7,7,1,3.228838753,0.4146090685,0.4472935474,0
improved,0.0,linear_a_raw,4,s2-s3,1,svd+ransac,66,48,7,7,1,3.228838753,0.4146090685,0.4472935474,0
improved,0.0,linear_a_raw,4,s2-s4,1,svd,66,64,2,2,0,nan,nan,nan,0
improved,0.0,linear_a_raw,4,s2-s4,1,svd+ransac,66,64,2,2,0,nan,nan,nan,0
improved,0.0,linear_a_raw,4,s2-s5,1,svd,66,85,6,6,1,0.3099887327,0.03507273515,0.04305297706,1
improved,0.0,linear_a_raw,4,s2-s5,1,svd+ransac,66,85,6,6,1,0.3099887327,0.03507273515,0.04305297706,1
improved,0.0,linear_a_raw,4,s2-s6,0,svd,66,99,4,4,1,6.886079947,0.3135397579,0.4950686526,0
improved,0.0,linear_a_raw,4,s2-s6,0,svd+ransac,66,99,4,4,1,6.886079947,0.3135397579,0.4950686526,0
improved,0.0,linear_a_raw,4,s3-s4,1,svd,48,64,3,3,1,1.040259694,0.1107110711,0.1274297499,1
improved,0.0,linear_a_raw,4,s3-s4,1,svd+ransac,48,64,3,3,1,1.040259694,0.1107110711,0.1274297499,1
improved,0.0,linear_a_raw,4,s3-s5,1,svd,48,85,13,13,1,0.2667665569,0.1025750627,0.1030104557,1
improved,0.0,linear_a_raw,4,s3-s5,1,svd+ransac,48,85,13,13,1,0.1499706202,0.0202128854,0.02311274849,1
improved,0.0,linear_a_raw,4,s3-s6,0,svd,48,99,5,5,1,0.4255063571,0.1001741566,0.1025462453,1
improved,0.0,linear_a_raw,4,s3-s6,0,svd+ransac,48,99,5,5,1,0.4255063571,0.1001741566,0.1025462453,1
improved,0.0,linear_a_raw,4,s4-s5,1,svd,64,85,7,7,1,0.2732863159,0.02226969447,0.02962292431,1
improved,0.0,linear_a_raw,4,s4-s5,1,svd+ransac,64,85,7,7,1,0.2732863159,0.02226969447,0.02962292431,1
improved,0.0,linear_a_raw,4,s4-s6,1,svd,64,99,6,6,1,0.1722286486,0.04145263468,0.04350205391,1
improved,0.0,linear_a_raw,4,s4-s6,1,svd+ransac,64,99,6,6,1,0.1722286486,0.04145263468,0.04350205391,1
improved,0.0,linear_a_raw,4,s5-s6,1,svd,85,99,10,10,1,0.6570706602,0.03982325543,0.05760047501,1
improved,0.0,linear_a_raw,4,s5-s6,1,svd+ransac,85,99,10,10,1,0.6570706602,0.03982325543,0.05760047501,1
improved,0.0,linear_a_raw,5,s1-s2,1,svd,65,60,3,3,1,0.7129076045,0.1027520378,0.1107054824,1
improved,0.0,linear_a_raw,5,s1-s2,1,svd+ransac,65,60,3,3,1,0.7129076045,0.1027520378,0.1107054824,1
improved,0.0,linear_a_raw,5,s1-s3,1,svd,65,54,8,8,1,0.3787910267,0.03482795783,0.040825593,1
improved,0.0,linear_a_raw,5,s1-s3,1,svd+ransac,65,54,8,8,1,0.3787910267,0.03482795783,0.040825593,1
improved,0.0,linear_a_raw,5,s1-s4,0,svd,65,67,2,2,0,nan,nan,nan,0
improved,0.0,linear_a_raw,5,s1-s4,0,svd+ransac,65,67,2,2,0,nan,nan,nan,0
improved,0.0,linear_a_raw,5,s1-s5,0,svd,65,84,6,6,1,1.500354066,0.4321959763,0.4364274669,1
improved,0.0,linear_a_raw,5,s1-s5,0,svd+ransac,65,84,6,6,1,1.500354066,0.4321959763,0.4364274669,1
improved,0.0,linear_a_raw,5,s1-s6,0,svd,65,106,0,0,0,nan,nan,nan,0
improved,0.0,linear_a_raw,5,s1-s6,0,svd+ransac,65,106,0,0,0,nan,nan,nan,0
improved,0.0,linear_a_raw,5,s2-s3,1,svd,60,54,11,11,1,0.08963188393,0.01997355022,0.02115184405,1
improved,0.0,linear_a_raw,5,s2-s3,1,svd+ransac,60,54,11,11,1,0.08963188393,0.01997355022,0.02115184405,1
improved,0.0,linear_a_raw,5,s2-s4,1,svd,60,67,3,3,1,0.7987606183,0.02479338328,0.05447014803,1
improved,0.0,linear_a_raw,5,s2-s4,1,svd+ransac,60,67,3,3,1,0.7987606183,0.02479338328,0.05447014803,1
improved,0.0,linear_a_raw,5,s2-s5,1,svd,60,84,3,3,1,0.6736587264,0.07690888885,0.08970513078,1
improved,0.0,linear_a_raw,5,s2-s5,1,svd+ransac,60,84,3,3,1,0.6736587264,0.07690888885,0.08970513078,1
improved,0.0,linear_a_raw,5,s2-s6,0,svd,60,106,1,1,0,nan,nan,nan,0
improved,0.0,linear_a_raw,5,s2-s6,0,svd+ransac,60,106,1,1,0,nan,nan,nan,0
improved,0.0,linear_a_raw,5,s3-s4,1,svd,54,67,2,2,0,nan,nan,nan,0
improved,0.0,linear_a_raw,5,s3-s4,1,svd+ransac,54,67,2,2,0,nan,nan,nan,0
improved,0.0,linear_a_raw,5,s3-s5,1,svd,54,84,2,2,0,nan,nan,nan,0
improved,0.0,linear_a_raw,5,s3-s5,1,svd+ransac,54,84,2,2,0,nan,nan,nan,0
improved,0.0,linear_a_raw,5,s3-s6,0,svd,54,106,10,10,1,0.5470200851,0.01927990587,0.04690340837,1
improved,0.0,linear_a_raw,5,s3-s6,0,svd+ransac,54,106,10,10,1,1.652940276,0.01450445533,0.1073629389,1
improved,0.0,linear_a_raw,5,s4-s5,1,svd,67,84,3,3,1,0.577494997,0.05542011694,0.06768371899,1
improved,0.0,linear_a_raw,5,s4-s5,1,svd+ransac,67,84,3,3,1,0.577494997,0.05542011694,0.06768371899,1
improved,0.0,linear_a_raw,5,s4-s6,1,svd,67,106,1,1,0,nan,nan,nan,0
improved,0.0,linear_a_raw,5,s4-s6,1,svd+ransac,67,106,1,1,0,nan,nan,nan,0
improved,0.0,linear_a_raw,5,s5-s6,1,svd,84,106,2,2,0,nan,nan,nan,0
improved,0.0,linear_a_raw,5,s5-s6,1,svd+ransac,84,106,2,2,0,nan,nan,nan,0
improved,0.0,linear_a_raw,6,s1-s2,1,svd,58,63,5,5,1,0.6384327924,0.1560845947,0.163101012,1
improved,0.0,linear_a_raw,6,s1-s2,1,svd+ransac,58,63,5,5,1,0.6384327924,0.1560845947,0.163101012,1
improved,0.0,linear_a_raw,6,s1-s3,1,svd,58,49,6,6,1,0.3551852879,0.03741328896,0.04327994705,1
improved,0.0,linear_a_raw,6,s1-s3,1,svd+ransac,58,49,6,6,1,0.3551852879,0.03741328896,0.04327994705,1
improved,0.0,linear_a_raw,6,s1-s4,0,svd,58,69,3,3,1,1.410263502,0.3529127634,0.357809137,1
improved,0.0,linear_a_raw,6,s1-s4,0,svd+ransac,58,69,3,3,1,1.410263502,0.3529127634,0.357809137,1
improved,0.0,linear_a_raw,6,s1-s5,0,svd,58,84,4,4,1,0.8459336569,0.1091694793,0.1252346792,1
improved,0.0,linear_a_raw,6,s1-s5,0,svd+ransac,58,84,4,4,1,0.8459336569,0.1091694793,0.1252346792,1
improved,0.0,linear_a_raw,6,s1-s6,0,svd,58,104,0,0,0,nan,nan,nan,0
improved,0.0,linear_a_raw,6,s1-s6,0,svd+ransac,58,104,0,0,0,nan,nan,nan,0
improved,0.0,linear_a_raw,6,s2-s3,1,svd,63,49,9,9,1,0.2250310405,0.01228480448,0.0183063544,1
improved,0.0,linear_a_raw,6,s2-s3,1,svd+ransac,63,49,9,9,1,0.2250310405,0.01228480448,0.0183063544,1
improved,0.0,linear_a_raw,6,s2-s4,1,svd,63,69,10,10,1,0.3708370353,0.02798644081,0.03864672671,1
improved,0.0,linear_a_raw,6,s2-s4,1,svd+ransac,63,69,10,10,1,0.3708370353,0.02798644081,0.03864672671,1
improved,0.0,linear_a_raw,6,s2-s5,1,svd,63,84,1,1,0,nan,nan,nan,0
improved,0.0,linear_a_raw,6,s2-s5,1,svd+ransac,63,84,1,1,0,nan,nan,nan,0
improved,0.0,linear_a_raw,6,s2-s6,0,svd,63,104,3,3,1,0.2866571349,0.1025012077,0.1062755525,1
improved,0.0,linear_a_raw,6,s2-s6,0,svd+ransac,63,104,3,3,1,0.2866571349,0.1025012077,0.1062755525,1
improved,0.0,linear_a_raw,6,s3-s4,1,svd,49,69,5,5,1,0.6176883848,0.04159124759,0.0534112264,1
improved,0.0,linear_a_raw,6,s3-s4,1,svd+ransac,49,69,5,5,1,0.6176883848,0.04159124759,0.0534112264,1
improved,0.0,linear_a_raw,6,s3-s5,1,svd,49,84,10,10,1,0.7073159687,0.06118432061,0.07763352864,1
improved,0.0,linear_a_raw,6,s3-s5,1,svd+ransac,49,84,10,10,1,0.113373554,0.02251787151,0.02504745284,1
improved,0.0,linear_a_raw,6,s3-s6,0,svd,49,104,1,1,0,nan,nan,nan,0
improved,0.0,linear_a_raw,6,s3-s6,0,svd+ransac,49,104,1,1,0,nan,nan,nan,0
improved,0.0,linear_a_raw,6,s4-s5,1,svd,69,84,4,4,1,0.4230818115,0.05856778095,0.06463154805,1
improved,0.0,linear_a_raw,6,s4-s5,1,svd+ransac,69,84,4,4,1,0.4230818115,0.05856778095,0.06463154805,1
improved,0.0,linear_a_raw,6,s4-s6,1,svd,69,104,5,5,1,0.5460052326,0.1030288021,0.1086202268,1
improved,0.0,linear_a_raw,6,s4-s6,1,svd+ransac,69,104,5,5,1,0.5460052326,0.1030288021,0.1086202268,1
improved,0.0,linear_a_raw,6,s5-s6,1,svd,84,104,4,4,1,0.5110914979,0.101875304,0.1094215907,1
improved,0.0,linear_a_raw,6,s5-s6,1,svd+ransac,84,104,4,4,1,0.5110914979,0.101875304,0.1094215907,1
improved,0.0,linear_a_raw,7,s1-s2,1,svd,57,61,13,13,1,0.4015916168,0.01387407758,0.0287081488,1
improved,0.0,linear_a_raw,7,s1-s2,1,svd+ransac,57,61,13,13,1,0.4015916168,0.01387407758,0.0287081488,1
improved,0.0,linear_a_raw,7,s1-s3,1,svd,57,51,1,1,0,nan,nan,nan,0
improved,0.0,linear_a_raw,7,s1-s3,1,svd+ransac,57,51,1,1,0,nan,nan,nan,0
improved,0.0,linear_a_raw,7,s1-s4,0,svd,57,64,0,0,0,nan,nan,nan,0
improved,0.0,linear_a_raw,7,s1-s4,0,svd+ransac,57,64,0,0,0,nan,nan,nan,0
improved,0.0,linear_a_raw,7,s1-s5,0,svd,57,90,0,0,0,nan,nan,nan,0
improved,0.0,linear_a_raw,7,s1-s5,0,svd+ransac,57,90,0,0,0,nan,nan,nan,0
improved,0.0,linear_a_raw,7,s1-s6,0,svd,57,99,0,0,0,nan,nan,nan,0
improved,0.0,linear_a_raw,7,s1-s6,0,svd+ransac,57,99,0,0,0,nan,nan,nan,0
improved,0.0,linear_a_raw,7,s2-s3,1,svd,61,51,9,9,1,0.1833036709,0.01954006663,0.02455667053,1
improved,0.0,linear_a_raw,7,s2-s3,1,svd+ransac,61,51,9,9,1,0.1833036709,0.01954006663,0.02455667053,1
improved,0.0,linear_a_raw,7,s2-s4,1,svd,61,64,6,6,1,1.254405329,0.0789688865,0.1061084744,1
improved,0.0,linear_a_raw,7,s2-s4,1,svd+ransac,61,64,6,6,1,1.254405329,0.0789688865,0.1061084744,1
improved,0.0,linear_a_raw,7,s2-s5,1,svd,61,90,9,9,1,0.07939505234,0.02049373964,0.02160790677,1
improved,0.0,linear_a_raw,7,s2-s5,1,svd+ransac,61,90,9,9,1,0.07939505234,0.02049373964,0.02160790677,1
improved,0.0,linear_a_raw,7,s2-s6,0,svd,61,99,6,6,1,0.8829176572,0.06073472945,0.0858027295,1
improved,0.0,linear_a_raw,7,s2-s6,0,svd+ransac,61,99,6,6,1,0.8829176572,0.06073472945,0.0858027295,1
improved,0.0,linear_a_raw,7,s3-s4,1,svd,51,64,2,2,0,nan,nan,nan,0
improved,0.0,linear_a_raw,7,s3-s4,1,svd+ransac,51,64,2,2,0,nan,nan,nan,0
improved,0.0,linear_a_raw,7,s3-s5,1,svd,51,90,1,1,0,nan,nan,nan,0
improved,0.0,linear_a_raw,7,s3-s5,1,svd+ransac,51,90,1,1,0,nan,nan,nan,0
improved,0.0,linear_a_raw,7,s3-s6,0,svd,51,99,7,7,1,0.6049764429,0.1051117017,0.1120757103,1
improved,0.0,linear_a_raw,7,s3-s6,0,svd+ransac,51,99,7,7,1,0.6049764429,0.1051117017,0.1120757103,1
improved,0.0,linear_a_raw,7,s4-s5,1,svd,64,90,6,6,1,0.3339562793,0.03142270814,0.03831500531,1
improved,0.0,linear_a_raw,7,s4-s5,1,svd+ransac,64,90,6,6,1,0.3339562793,0.03142270814,0.03831500531,1
improved,0.0,linear_a_raw,7,s4-s6,1,svd,64,99,8,8,1,0.03833163326,0.07242160415,0.07252677349,1
improved,0.0,linear_a_raw,7,s4-s6,1,svd+ransac,64,99,8,8,1,0.03833163326,0.07242160415,0.07252677349,1
improved,0.0,linear_a_raw,7,s5-s6,1,svd,90,99,6,6,1,0.3909813845,0.09183863529,0.09417026204,1
improved,0.0,linear_a_raw,7,s5-s6,1,svd+ransac,90,99,6,6,1,0.3909813845,0.09183863529,0.09417026204,1
improved,0.0,linear_a_raw,8,s1-s2,1,svd,62,67,4,4,1,0.1936522047,0.05006852012,0.05201321922,1
improved,0.0,linear_a_raw,8,s1-s2,1,svd+ransac,62,67,4,4,1,0.1936522047,0.05006852012,0.05201321922,1
improved,0.0,linear_a_raw,8,s1-s3,1,svd,62,51,7,7,1,0.4686358054,0.06363601472,0.0693132742,1
improved,0.0,linear_a_raw,8,s1-s3,1,svd+ransac,62,51,7,7,1,0.4686358054,0.06363601472,0.0693132742,1
improved,0.0,linear_a_raw,8,s1-s4,0,svd,62,65,8,8,1,0.7201093365,0.07741391896,0.08957106928,1
improved,0.0,linear_a_raw,8,s1-s4,0,svd+ransac,62,65,8,8,1,0.7201093365,0.07741391896,0.08957106928,1
improved,0.0,linear_a_raw,8,s1-s5,0,svd,62,93,6,6,1,0.2943327722,0.0464390392,0.05081425869,1
improved,0.0,linear_a_raw,8,s1-s5,0,svd+ransac,62,93,6,6,1,0.2943327722,0.0464390392,0.05081425869,1
improved,0.0,linear_a_raw,8,s1-s6,0,svd,62,109,5,5,1,0.7354494846,0.076530711,0.08942914796,1
improved,0.0,linear_a_raw,8,s1-s6,0,svd+ransac,62,109,5,5,1,0.5735774953,0.03116734264,0.04480917763,1
improved,0.0,linear_a_raw,8,s2-s3,1,svd,67,51,6,6,1,0.295713334,0.02018834391,0.02842816128,1
improved,0.0,linear_a_raw,8,s2-s3,1,svd+ransac,67,51,6,6,1,0.295713334,0.02018834391,0.02842816128,1
improved,0.0,linear_a_raw,8,s2-s4,1,svd,67,65,1,1,0,nan,nan,nan,0
improved,0.0,linear_a_raw,8,s2-s4,1,svd+ransac,67,65,1,1,0,nan,nan,nan,0
improved,0.0,linear_a_raw,8,s2-s5,1,svd,67,93,8,8,1,1.062249956,0.1171420819,0.1365862722,1
improved,0.0,linear_a_raw,8,s2-s5,1,svd+ransac,67,93,8,8,1,0.5982776841,0.09399728983,0.1021414691,1
improved,0.0,linear_a_raw,8,s2-s6,0,svd,67,109,5,5,1,0.9980254403,0.05019481707,0.08207984778,1
improved,0.0,linear_a_raw,8,s2-s6,0,svd+ransac,67,109,5,5,1,0.9980254403,0.05019481707,0.08207984778,1
improved,0.0,linear_a_raw,8,s3-s4,1,svd,51,65,6,6,1,0.5013367728,0.02933328382,0.04061517858,1
improved,0.0,linear_a_raw,8,s3-s4,1,svd+ransac,51,65,6,6,1,0.5013367728,0.02933328382,0.04061517858,1
improved,0.0,linear_a_raw,8,s3-s5,1,svd,51,93,0,0,0,nan,nan,nan,0
improved,0.0,linear_a_raw,8,s3-s5,1,svd+ransac,51,93,0,0,0,nan,nan,nan,0
improved,0.0,linear_a_raw,8,s3-s6,0,svd,51,109,5,5,1,1.057246742,0.4793290056,0.4770649933,1
improved,0.0,linear_a_raw,8,s3-s6,0,svd+ransac,51,109,5,5,1,1.057246742,0.4793290056,0.4770649933,1
improved,0.0,linear_a_raw,8,s4-s5,1,svd,65,93,3,3,1,0.2594974739,0.0159567713,0.02342898347,1
improved,0.0,linear_a_raw,8,s4-s5,1,svd+ransac,65,93,3,3,1,0.2594974739,0.0159567713,0.02342898347,1
improved,0.0,linear_a_raw,8,s4-s6,1,svd,65,109,6,6,1,0.8522109299,0.1568109806,0.1669522444,1
improved,0.0,linear_a_raw,8,s4-s6,1,svd+ransac,65,109,6,6,1,0.8522109299,0.1568109806,0.1669522444,1
improved,0.0,linear_a_raw,8,s5-s6,1,svd,93,109,8,8,1,0.6820240176,0.03929456786,0.05777199559,1
improved,0.0,linear_a_raw,8,s5-s6,1,svd+ransac,93,109,8,8,1,0.6820240176,0.03929456786,0.05777199559,1
improved,0.0,linear_a_raw,9,s1-s2,1,svd,61,70,7,7,1,0.2447165384,0.05517332315,0.0572901345,1
improved,0.0,linear_a_raw,9,s1-s2,1,svd+ransac,61,70,7,7,1,0.2447165384,0.05517332315,0.0572901345,1
improved,0.0,linear_a_raw,9,s1-s3,1,svd,61,53,8,8,1,0.3257630083,0.02193226515,0.0303213422,1
improved,0.0,linear_a_raw,9,s1-s3,1,svd+ransac,61,53,8,8,1,0.3257630083,0.02193226515,0.0303213422,1
improved,0.0,linear_a_raw,9,s1-s4,0,svd,61,67,7,7,1,1.757399804,0.1619562508,0.1920619162,1
improved,0.0,linear_a_raw,9,s1-s4,0,svd+ransac,61,67,7,7,1,1.083709359,0.2335961877,0.2414423747,1
improved,0.0,linear_a_raw,9,s1-s5,0,svd,61,83,11,11,1,0.5731614399,0.07669305254,0.08343689206,1
improved,0.0,linear_a_raw,9,s1-s5,0,svd+ransac,61,83,11,11,1,0.5731614399,0.07669305254,0.08343689206,1
improved,0.0,linear_a_raw,9,s1-s6,0,svd,61,103,0,0,0,nan,nan,nan,0
improved,0.0,linear_a_raw,9,s1-s6,0,svd+ransac,61,103,0,0,0,nan,nan,nan,0
improved,0.0,linear_a_raw,9,s2-s3,1,svd,70,53,4,4,1,0.1336562102,0.0356969598,0.03761955802,1
improved,0.0,linear_a_raw,9,s2-s3,1,svd+ransac,70,53,4,4,1,0.1336562102,0.0356969598,0.03761955802,1
improved,0.0,linear_a_raw,9,s2-s4,1,svd,70,67,2,2,0,nan,nan,nan,0
improved,0.0,linear_a_raw,9,s2-s4,1,svd+ransac,70,67,2,2,0,nan,nan,nan,0
improved,0.0,linear_a_raw,9,s2-s5,1,svd,70,83,5,5,1,0.3949928015,0.05593174312,0.0636684695,1
improved,0.0,linear_a_raw,9,s2-s5,1,svd+ransac,70,83,5,5,1,0.3949928015,0.05593174312,0.0636684695,1
improved,0.0,linear_a_raw,9,s2-s6,0,svd,70,103,8,8,1,0.3372873944,0.09098782459,0.09522235896,1
improved,0.0,linear_a_raw,9,s2-s6,0,svd+ransac,70,103,8,8,1,0.3372873944,0.09098782459,0.09522235896,1
improved,0.0,linear_a_raw,9,s3-s4,1,svd,53,67,3,3,1,15.90962137,1.832385462,2.030947965,0
improved,0.0,linear_a_raw,9,s3-s4,1,svd+ransac,53,67,3,3,1,15.90962137,1.832385462,2.030947965,0
improved,0.0,linear_a_raw,9,s3-s5,1,svd,53,83,0,0,0,nan,nan,nan,0
improved,0.0,linear_a_raw,9,s3-s5,1,svd+ransac,53,83,0,0,0,nan,nan,nan,0
improved,0.0,linear_a_raw,9,s3-s6,0,svd,53,103,6,6,1,0.6213573961,0.06035871854,0.07071017684,1
improved,0.0,linear_a_raw,9,s3-s6,0,svd+ransac,53,103,6,6,1,0.6213573961,0.06035871854,0.07071017684,1
improved,0.0,linear_a_raw,9,s4-s5,1,svd,67,83,4,4,1,0.5495355973,0.05214703045,0.06437425203,1
improved,0.0,linear_a_raw,9,s4-s5,1,svd+ransac,67,83,4,4,1,0.5495355973,0.05214703045,0.06437425203,1
improved,0.0,linear_a_raw,9,s4-s6,1,svd,67,103,7,7,1,0.1866178981,0.06506959923,0.06654792288,1
improved,0.0,linear_a_raw,9,s4-s6,1,svd+ransac,67,103,7,7,1,0.1866178981,0.06506959923,0.06654792288,1
improved,0.0,linear_a_raw,9,s5-s6,1,svd,83,103,12,12,1,1.402014176,0.08042709128,0.1172104831,1
improved,0.0,linear_a_raw,9,s5-s6,1,svd+ransac,83,103,12,12,1,0.09036035969,0.03613320444,0.03671590986,1
improved,0.0,linear_a_raw,10,s1-s2,1,svd,58,64,9,9,1,0.2058365306,0.03386952217,0.03675147898,1
improved,0.0,linear_a_raw,10,s1-s2,1,svd+ransac,58,64,9,9,1,0.2058365306,0.03386952217,0.03675147898,1
improved,0.0,linear_a_raw,10,s1-s3,1,svd,58,51,8,8,1,0.3655415899,0.04242996659,0.04667765876,1
improved,0.0,linear_a_raw,10,s1-s3,1,svd+ransac,58,51,8,8,1,0.3655415899,0.04242996659,0.04667765876,1
improved,0.0,linear_a_raw,10,s1-s4,0,svd,58,66,6,6,1,2.388447987,0.1335283528,0.1942660561,0
improved,0.0,linear_a_raw,10,s1-s4,0,svd+ransac,58,66,6,6,1,2.667300703,0.1107497738,0.1895153461,0
improved,0.0,linear_a_raw,10,s1-s5,0,svd,58,83,3,3,1,17.3556946,7.126782554,7.094687866,0
improved,0.0,linear_a_raw,10,s1-s5,0,svd+ransac,58,83,3,3,1,17.3556946,7.126782554,7.094687866,0
improved,0.0,linear_a_raw,10,s1-s6,0,svd,58,106,0,0,0,nan,nan,nan,0
improved,0.0,linear_a_raw,10,s1-s6,0,svd+ransac,58,106,0,0,0,nan,nan,nan,0
improved,0.0,linear_a_raw,10,s2-s3,1,svd,64,51,9,9,1,0.1382025865,0.01927399962,0.02227485119,1
improved,0.0,linear_a_raw,10,s2-s3,1,svd+ransac,64,51,9,9,1,0.1382025865,0.01927399962,0.02227485119,1
improved,0.0,linear_a_raw,10,s2-s4,1,svd,64,66,3,3,1,2.168704968,0.09227543273,0.1584287164,0
improved,0.0,linear_a_raw,10,s2-s4,1,svd+ransac,64,66,3,3,1,2.168704968,0.09227543273,0.1584287164,0
improved,0.0,linear_a_raw,10,s2-s5,1,svd,64,83,3,3,1,0.6784590442,0.07781314302,0.09043095796,1
improved,0.0,linear_a_raw,10,s2-s5,1,svd+ransac,64,83,3,3,1,0.6784590442,0.07781314302,0.09043095796,1
improved,0.0,linear_a_raw,10,s2-s6,0,svd,64,106,6,6,1,0.9795611074,0.02578880187,0.0629435071,1
improved,0.0,linear_a_raw,10,s2-s6,0,svd+ransac,64,106,6,6,1,0.9795611074,0.02578880187,0.0629435071,1
improved,0.0,linear_a_raw,10,s3-s4,1,svd,51,66,1,1,0,nan,nan,nan,0
improved,0.0,linear_a_raw,10,s3-s4,1,svd+ransac,51,66,1,1,0,nan,nan,nan,0
improved,0.0,linear_a_raw,10,s3-s5,1,svd,51,83,1,1,0,nan,nan,nan,0
improved,0.0,linear_a_raw,10,s3-s5,1,svd+ransac,51,83,1,1,0,nan,nan,nan,0
improved,0.0,linear_a_raw,10,s3-s6,0,svd,51,106,7,7,1,0.4955495441,0.1121282945,0.1160715796,1
improved,0.0,linear_a_raw,10,s3-s6,0,svd+ransac,51,106,7,7,1,0.4955495441,0.1121282945,0.1160715796,1
improved,0.0,linear_a_raw,10,s4-s5,1,svd,66,83,4,4,1,1.220587563,0.180874843,0.1992484821,1
improved,0.0,linear_a_raw,10,s4-s5,1,svd+ransac,66,83,4,4,1,1.220587563,0.180874843,0.1992484821,1
improved,0.0,linear_a_raw,10,s4-s6,1,svd,66,106,3,3,1,3.698647806,0.06040556045,0.2392460922,0
improved,0.0,linear_a_raw,10,s4-s6,1,svd+ransac,66,106,3,3,1,3.698647806,0.06040556045,0.2392460922,0
improved,0.0,linear_a_raw,10,s5-s6,1,svd,83,106,3,3,1,0.4231107739,0.1105526363,0.1103728961,1
improved,0.0,linear_a_raw,10,s5-s6,1,svd+ransac,83,106,3,3,1,0.4231107739,0.1105526363,0.1103728961,1
improved,0.0,linear_mid_raw,1,s1-s2,1,svd,57,56,7,7,1,0.3005089233,0.0320756389,0.03759893951,1
improved,0.0,linear_mid_raw,1,s1-s2,1,svd+ransac,57,56,7,7,1,0.3005089233,0.0320756389,0.03759893951,1
improved,0.0,linear_mid_raw,1,s1-s3,1,svd,57,51,10,10,1,0.3768378781,0.02886499894,0.0377218673,1
improved,0.0,linear_mid_raw,1,s1-s3,1,svd+ransac,57,51,10,10,1,0.3768378781,0.02886499894,0.0377218673,1
improved,0.0,linear_mid_raw,1,s1-s4,0,svd,57,67,7,7,1,2.209533592,0.1080416851,0.1634500962,0
improved,0.0,linear_mid_raw,1,s1-s4,0,svd+ransac,57,67,7,7,1,1.089481754,0.1495902831,0.162423444,1
improved,0.0,linear_mid_raw,1,s1-s5,0,svd,57,85,3,3,1,2.471678588,0.7805918747,0.8035171537,0
improved,0.0,linear_mid_raw,1,s1-s5,0,svd+ransac,57,85,3,3,1,2.471678588,0.7805918747,0.8035171537,0
improved,0.0,linear_mid_raw,1,s1-s6,0,svd,57,102,5,5,1,1.405278239,0.09084802943,0.1251802832,1
improved,0.0,linear_mid_raw,1,s1-s6,0,svd+ransac,57,102,5,5,1,1.671274081,0.06369623794,0.1167330358,1
improved,0.0,linear_mid_raw,1,s2-s3,1,svd,56,51,9,9,1,0.1869920159,0.02217388471,0.02620097472,1
improved,0.0,linear_mid_raw,1,s2-s3,1,svd+ransac,56,51,9,9,1,0.1869920159,0.02217388471,0.02620097472,1
improved,0.0,linear_mid_raw,1,s2-s4,1,svd,56,67,7,7,1,0.8081331524,0.007197298332,0.05477612798,1
improved,0.0,linear_mid_raw,1,s2-s4,1,svd+ransac,56,67,7,7,1,0.8081331524,0.007197298332,0.05477612798,1
improved,0.0,linear_mid_raw,1,s2-s5,1,svd,56,85,5,5,1,0.6073654355,0.05312644938,0.06641472473,1
improved,0.0,linear_mid_raw,1,s2-s5,1,svd+ransac,56,85,5,5,1,0.6073654355,0.05312644938,0.06641472473,1
improved,0.0,linear_mid_raw,1,s2-s6,0,svd,56,102,8,8,1,0.4714772243,0.09741013933,0.1035117384,1
improved,0.0,linear_mid_raw,1,s2-s6,0,svd+ransac,56,102,8,8,1,0.4714772243,0.09741013933,0.1035117384,1
improved,0.0,linear_mid_raw,1,s3-s4,1,svd,51,67,3,3,1,1.071847953,0.03708793001,0.07266084095,1
improved,0.0,linear_mid_raw,1,s3-s4,1,svd+ransac,51,67,3,3,1,1.071847953,0.03708793001,0.07266084095,1
improved,0.0,linear_mid_raw,1,s3-s5,1,svd,51,85,6,6,1,0.4090184341,0.09709740575,0.09870392762,1
improved,0.0,linear_mid_raw,1,s3-s5,1,svd+ransac,51,85,6,6,1,0.4090184341,0.09709740575,0.09870392762,1
improved,0.0,linear_mid_raw,1,s3-s6,0,svd,51,102,1,1,0,nan,nan,nan,0
improved,0.0,linear_mid_raw,1,s3-s6,0,svd+ransac,51,102,1,1,0,nan,nan,nan,0
improved,0.0,linear_mid_raw,1,s4-s5,1,svd,67,85,10,10,1,0.1535402226,0.05061044646,0.05175403893,1
improved,0.0,linear_mid_raw,1,s4-s5,1,svd+ransac,67,85,10,10,1,0.1535402226,0.05061044646,0.05175403893,1
improved,0.0,linear_mid_raw,1,s4-s6,1,svd,67,102,7,7,1,0.1547785399,0.05237098385,0.05455999034,1
improved,0.0,linear_mid_raw,1,s4-s6,1,svd+ransac,67,102,7,7,1,0.1547785399,0.05237098385,0.05455999034,1
improved,0.0,linear_mid_raw,1,s5-s6,1,svd,85,102,12,12,1,0.4617168458,0.02095834858,0.03584911914,1
improved,0.0,linear_mid_raw,1,s5-s6,1,svd+ransac,85,102,12,12,1,0.4617168458,0.02095834858,0.03584911914,1
improved,0.0,linear_mid_raw,2,s1-s2,1,svd,59,62,8,8,1,0.2657513039,0.04423024719,0.04887837738,1
improved,0.0,linear_mid_raw,2,s1-s2,1,svd+ransac,59,62,8,8,1,0.2657513039,0.04423024719,0.04887837738,1
improved,0.0,linear_mid_raw,2,s1-s3,1,svd,59,49,10,10,1,0.4130773871,0.03236354034,0.04276269921,1
improved,0.0,linear_mid_raw,2,s1-s3,1,svd+ransac,59,49,10,10,1,0.4130773871,0.03236354034,0.04276269921,1
improved,0.0,linear_mid_raw,2,s1-s4,0,svd,59,68,8,8,1,1.47300275,0.0606272862,0.1036242411,1
improved,0.0,linear_mid_raw,2,s1-s4,0,svd+ransac,59,68,8,8,1,0.6589534205,0.1008664455,0.1070089451,1
improved,0.0,linear_mid_raw,2,s1-s5,0,svd,59,88,1,1,0,nan,nan,nan,0
improved,0.0,linear_mid_raw,2,s1-s5,0,svd+ransac,59,88,1,1,0,nan,nan,nan,0
improved,0.0,linear_mid_raw,2,s1-s6,0,svd,59,105,6,6,1,2.456566379,0.157069515,0.2208993471,0
improved,0.0,linear_mid_raw,2,s1-s6,0,svd+ransac,59,105,6,6,1,2.456566379,0.157069515,0.2208993471,0
improved,0.0,linear_mid_raw,2,s2-s3,1,svd,62,49,8,8,1,0.6090034886,0.05888382689,0.06898460801,1
improved,0.0,linear_mid_raw,2,s2-s3,1,svd+ransac,62,49,8,8,1,0.1278937125,0.02181847914,0.02487949943,1
improved,0.0,linear_mid_raw,2,s2-s4,1,svd,62,68,1,1,0,nan,nan,nan,0
improved,0.0,linear_mid_raw,2,s2-s4,1,svd+ransac,62,68,1,1,0,nan,nan,nan,0
improved,0.0,linear_mid_raw,2,s2-s5,1,svd,62,88,1,1,0,nan,nan,nan,0
improved,0.0,linear_mid_raw,2,s2-s5,1,svd+ransac,62,88,1,1,0,nan,nan,nan,0
improved,0.0,linear_mid_raw,2,s2-s6,0,svd,62,105,6,6,1,0.126433159,0.04929644726,0.05069700129,1
improved,0.0,linear_mid_raw,2,s2-s6,0,svd+ransac,62,105,6,6,1,0.126433159,0.04929644726,0.05069700129,1
improved,0.0,linear_mid_raw,2,s3-s4,1,svd,49,68,1,1,0,nan,nan,nan,0
improved,0.0,linear_mid_raw,2,s3-s4,1,svd+ransac,49,68,1,1,0,nan,nan,nan,0
improved,0.0,linear_mid_raw,2,s3-s5,1,svd,49,88,4,4,1,1.217792808,0.3161805864,0.3208142358,1
improved,0.0,linear_mid_raw,2,s3-s5,1,svd+ransac,49,88,4,4,1,1.217792808,0.3161805864,0.3208142358,1
improved,0.0,linear_mid_raw,2,s3-s6,0,svd,49,105,0,0,0,nan,nan,nan,0
improved,0.0,linear_mid_raw,2,s3-s6,0,svd+ransac,49,105,0,0,0,nan,nan,nan,0
improved,0.0,linear_mid_raw,2,s4-s5,1,svd,68,88,3,3,1,1.313817053,0.1898602295,0.211236793,1
improved,0.0,linear_mid_raw,2,s4-s5,1,svd+ransac,68,88,3,3,1,1.313817053,0.1898602295,0.211236793,1
improved,0.0,linear_mid_raw,2,s4-s6,1,svd,68,105,5,5,1,2.323850397,0.05284923345,0.1534465133,0
improved,0.0,linear_mid_raw,2,s4-s6,1,svd+ransac,68,105,5,5,1,2.323850397,0.05284923345,0.1534465133,0
improved,0.0,linear_mid_raw,2,s5-s6,1,svd,88,105,1,1,0,nan,nan,nan,0
improved,0.0,linear_mid_raw,2,s5-s6,1,svd+ransac,88,105,1,1,0,nan,nan,nan,0
improved,0.0,linear_mid_raw,3,s1-s2,1,svd,59,61,8,8,1,0.3371944811,0.01894497342,0.02886416775,1
improved,0.0,linear_mid_raw,3,s1-s2,1,svd+ransac,59,61,8,8,1,0.3371944811,0.01894497342,0.02886416775,1
improved,0.0,linear_mid_raw,3,s1-s3,1,svd,59,57,6,6,1,0.3113641777,0.008797431713,0.0238195054,1
improved,0.0,linear_mid_raw,3,s1-s3,1,svd+ransac,59,57,6,6,1,0.3113641777,0.008797431713,0.0238195054,1
improved,0.0,linear_mid_raw,3,s1-s4,0,svd,59,66,2,2,0,nan,nan,nan,0
improved,0.0,linear_mid_raw,3,s1-s4,0,svd+ransac,59,66,2,2,0,nan,nan,nan,0
improved,0.0,linear_mid_raw,3,s1-s5,0,svd,59,88,0,0,0,nan,nan,nan,0
improved,0.0,linear_mid_raw,3,s1-s5,0,svd+ransac,59,88,0,0,0,nan,nan,nan,0
improved,0.0,linear_mid_raw,3,s1-s6,0,svd,59,101,3,3,1,1.812346847,0.1352782559,0.171964545,1
improved,0.0,linear_mid_raw,3,s1-s6,0,svd+ransac,59,101,3,3,1,1.812346847,0.1352782559,0.171964545,1
improved,0.0,linear_mid_raw,3,s2-s3,1,svd,61,57,8,8,1,0.1575366639,0.01440589679,0.0186376661,1
improved,0.0,linear_mid_raw,3,s2-s3,1,svd+ransac,61,57,8,8,1,0.1575366639,0.01440589679,0.0186376661,1
improved,0.0,linear_mid_raw,3,s2-s4,1,svd,61,66,3,3,1,1.782509272,0.06414989671,0.1249556235,1
improved,0.0,linear_mid_raw,3,s2-s4,1,svd+ransac,61,66,3,3,1,1.782509272,0.06414989671,0.1249556235,1
improved,0.0,linear_mid_raw,3,s2-s5,1,svd,61,88,1,1,0,nan,nan,nan,0
improved,0.0,linear_mid_raw,3,s2-s5,1,svd+ransac,61,88,1,1,0,nan,nan,nan,0
improved,0.0,linear_mid_raw,3,s2-s6,0,svd,61,101,7,7,1,0.8213918721,0.01291028415,0.05364479787,1
improved,0.0,linear_mid_raw,3,s2-s6,0,svd+ransac,61,101,7,7,1,0.8213918721,0.01291028415,0.05364479787,1
improved,0.0,linear_mid_raw,3,s3-s4,1,svd,57,66,0,0,0,nan,nan,nan,0
improved,0.0,linear_mid_raw,3,s3-s4,1,svd+ransac,57,66,0,0,0,nan,nan,nan,0
improved,0.0,linear_mid_raw,3,s3-s5,1,svd,57,88,5,5,1,0.6170525263,0.1379722917,0.1407288216,1
improved,0.0,linear_mid_raw,3,s3-s5,1,svd+ransac,57,88,5,5,1,0.6170525263,0.1379722917,0.1407288216,1
improved,0.0,linear_mid_raw,3,s3-s6,0,svd,57,101,1,1,0,nan,nan,nan,0
improved,0.0,linear_mid_raw,3,s3-s6,0,svd+ransac,57,101,1,1,0,nan,nan,nan,0
improved,0.0,linear_mid_raw,3,s4-s5,1,svd,66,88,7,7,1,0.2767783639,0.06743124466,0.07045616865,1
improved,0.0,linear_mid_raw,3,s4-s5,1,svd+ransac,66,88,7,7,1,0.2767783639,0.06743124466,0.07045616865,1
improved,0.0,linear_mid_raw,3,s4-s6,1,svd,66,101,11,11,1,0.05644591754,0.03718331129,0.03733367618,1
improved,0.0,linear_mid_raw,3,s4-s6,1,svd+ransac,66,101,11,11,1,0.05644591754,0.03718331129,0.03733367618,1
improved,0.0,linear_mid_raw,3,s5-s6,1,svd,88,101,7,7,1,0.4101538084,0.06952729033,0.07497254108,1
improved,0.0,linear_mid_raw,3,s5-s6,1,svd+ransac,88,101,7,7,1,0.4101538084,0.06952729033,0.07497254108,1
improved,0.0,linear_mid_raw,4,s1-s2,1,svd,60,66,7,7,1,0.1150864416,0.01475505681,0.01619565891,1
improved,0.0,linear_mid_raw,4,s1-s2,1,svd+ransac,60,66,7,7,1,0.1150864416,0.01475505681,0.01619565891,1
improved,0.0,linear_mid_raw,4,s1-s3,1,svd,60,49,8,8,1,0.3033164258,0.01700230753,0.02755145619,1
improved,0.0,linear_mid_raw,4,s1-s3,1,svd+ransac,60,49,8,8,1,0.3033164258,0.01700230753,0.02755145619,1
improved,0.0,linear_mid_raw,4,s1-s4,0,svd,60,67,6,6,1,0.9959024204,0.1486038653,0.1597731499,1
improved,0.0,linear_mid_raw,4,s1-s4,0,svd+ransac,60,67,6,6,1,0.9959024204,0.1486038653,0.1597731499,1
improved,0.0,linear_mid_raw,4,s1-s5,0,svd,60,85,5,5,1,0.4280595216,0.05719882833,0.06417091942,1
improved,0.0,linear_mid_raw,4,s1-s5,0,svd+ransac,60,85,5,5,1,0.4280595216,0.05719882833,0.06417091942,1
improved,0.0,linear_mid_raw,4,s1-s6,0,svd,60,100,5,5,1,1.039963468,0.2211679958,0.2271446378,1
improved,0.0,linear_mid_raw,4,s1-s6,0,svd+ransac,60,100,5,5,1,1.039963468,0.2211679958,0.2271446378,1
improved,0.0,linear_mid_raw,4,s2-s3,1,svd,66,49,8,8,1,0.08877296341,0.01988506778,0.0214059107,1
improved,0.0,linear_mid_raw,4,s2-s3,1,svd+ransac,66,49,8,8,1,0.08877296341,0.01988506778,0.0214059107,1
improved,0.0,linear_mid_raw,4,s2-s4,1,svd,66,67,8,8,1,0.8388031739,0.01915649106,0.05960910792,1
improved,0.0,linear_mid_raw,4,s2-s4,1,svd+ransac,66,67,8,8,1,0.8388031739,0.01915649106,0.05960910792,1
improved,0.0,linear_mid_raw,4,s2-s5,1,svd,66,85,2,2,0,nan,nan,nan,0
improved,0.0,linear_mid_raw,4,s2-s5,1,svd+ransac,66,85,2,2,0,nan,nan,nan,0
improved,0.0,linear_mid_raw,4,s2-s6,0,svd,66,100,5,5,1,0.9894128007,0.0514012872,0.08364760856,1
improved,0.0,linear_mid_raw,4,s2-s6,0,svd+ransac,66,100,5,5,1,0.9894128007,0.0514012872,0.08364760856,1
improved,0.0,linear_mid_raw,4,s3-s4,1,svd,49,67,11,11,1,0.5155267476,0.03631742148,0.04886130956,1
improved,0.0,linear_mid_raw,4,s3-s4,1,svd+ransac,49,67,11,11,1,0.5155267476,0.03631742148,0.04886130956,1
improved,0.0,linear_mid_raw,4,s3-s5,1,svd,49,85,2,2,0,nan,nan,nan,0
improved,0.0,linear_mid_raw,4,s3-s5,1,svd+ransac,49,85,2,2,0,nan,nan,nan,0
improved,0.0,linear_mid_raw,4,s3-s6,0,svd,49,100,1,1,0,nan,nan,nan,0
improved,0.0,linear_mid_raw,4,s3-s6,0,svd+ransac,49,100,1,1,0,nan,nan,nan,0
improved,0.0,linear_mid_raw,4,s4-s5,1,svd,67,85,8,8,1,0.385020277,0.06648378102,0.0713958091,1
improved,0.0,linear_mid_raw,4,s4-s5,1,svd+ransac,67,85,8,8,1,0.385020277,0.06648378102,0.0713958091,1
improved,0.0,linear_mid_raw,4,s4-s6,1,svd,67,100,7,7,1,0.1603044968,0.03558916232,0.03682300779,1
improved,0.0,linear_mid_raw,4,s4-s6,1,svd+ransac,67,100,7,7,1,0.1603044968,0.03558916232,0.03682300779,1
improved,0.0,linear_mid_raw,4,s5-s6,1,svd,85,100,10,10,1,0.6843490066,0.0239991681,0.04497579681,1
improved,0.0,linear_mid_raw,4,s5-s6,1,svd+ransac,85,100,10,10,1,0.6843490066,0.0239991681,0.04497579681,1
improved,0.0,linear_mid_raw,5,s1-s2,1,svd,63,63,11,11,1,0.4325105199,0.07251249751,0.07585532439,1
improved,0.0,linear_mid_raw,5,s1-s2,1,svd+ransac,63,63,11,11,1,0.4325105199,0.07251249751,0.07585532439,1
improved,0.0,linear_mid_raw,5,s1-s3,1,svd,63,54,9,9,1,0.3595207783,0.03152053213,0.03743860455,1
improved,0.0,linear_mid_raw,5,s1-s3,1,svd+ransac,63,54,9,9,1,0.3595207783,0.03152053213,0.03743860455,1
improved,0.0,linear_mid_raw,5,s1-s4,0,svd,63,66,0,0,0,nan,nan,nan,0
improved,0.0,linear_mid_raw,5,s1-s4,0,svd+ransac,63,66,0,0,0,nan,nan,nan,0
improved,0.0,linear_mid_raw,5,s1-s5,0,svd,63,83,0,0,0,nan,nan,nan,0
improved,0.0,linear_mid_raw,5,s1-s5,0,svd+ransac,63,83,0,0,0,nan,nan,nan,0
improved,0.0,linear_mid_raw,5,s1-s6,0,svd,63,103,0,0,0,nan,nan,nan,0
improved,0.0,linear_mid_raw,5,s1-s6,0,svd+ransac,63,103,0,0,0,nan,nan,nan,0
improved,0.0,linear_mid_raw,5,s2-s3,1,svd,63,54,4,4,1,3.039455359,0.3583095921,0.3921210868,0
improved,0.0,linear_mid_raw,5,s2-s3,1,svd+ransac,63,54,4,4,1,3.039455359,0.3583095921,0.3921210868,0
improved,0.0,linear_mid_raw,5,s2-s4,1,svd,63,66,7,7,1,0.5554994345,0.03066068216,0.04868912523,1
improved,0.0,linear_mid_raw,5,s2-s4,1,svd+ransac,63,66,7,7,1,0.5554994345,0.03066068216,0.04868912523,1
improved,0.0,linear_mid_raw,5,s2-s5,1,svd,63,83,9,9,1,0.5511537381,0.04171171625,0.05602403853,1
improved,0.0,linear_mid_raw,5,s2-s5,1,svd+ransac,63,83,9,9,1,0.5511537381,0.04171171625,0.05602403853,1
improved,0.0,linear_mid_raw,5,s2-s6,0,svd,63,103,1,1,0,nan,nan,nan,0
improved,0.0,linear_mid_raw,5,s2-s6,0,svd+ransac,63,103,1,1,0,nan,nan,nan,0
improved,0.0,linear_mid_raw,5,s3-s4,1,svd,54,66,9,9,1,0.4111841387,0.03389102326,0.041729112,1
improved,0.0,linear_mid_raw,5,s3-s4,1,svd+ransac,54,66,9,9,1,0.4111841387,0.03389102326,0.041729112,1
improved,0.0,linear_mid_raw,5,s3-s5,1,svd,54,83,2,2,0,nan,nan,nan,0
improved,0.0,linear_mid_raw,5,s3-s5,1,svd+ransac,54,83,2,2,0,nan,nan,nan,0
improved,0.0,linear_mid_raw,5,s3-s6,0,svd,54,103,6,6,1,0.8479744574,0.01846977768,0.05891648339,1
improved,0.0,linear_mid_raw,5,s3-s6,0,svd+ransac,54,103,6,6,1,0.8479744574,0.01846977768,0.05891648339,1
improved,0.0,linear_mid_raw,5,s4-s5,1,svd,66,83,10,10,1,0.01933429915,0.05459258033,0.05458961278,1
improved,0.0,linear_mid_raw,5,s4-s5,1,svd+ransac,66,83,10,10,1,0.01933429915,0.05459258033,0.05458961278,1
improved,0.0,linear_mid_raw,5,s4-s6,1,svd,66,103,7,7,1,0.2495531788,0.08950467638,0.09129008147,1
improved,0.0,linear_mid_raw,5,s4-s6,1,svd+ransac,66,103,7,7,1,0.2495531788,0.08950467638,0.09129008147,1
improved,0.0,linear_mid_raw,5,s5-s6,1,svd,83,103,1,1,0,nan,nan,nan,0
improved,0.0,linear_mid_raw,5,s5-s6,1,svd+ransac,83,103,1,1,0,nan,nan,nan,0
improved,0.0,linear_mid_raw,6,s1-s2,1,svd,59,64,8,8,1,0.2841959781,0.02425344676,0.03191235961,1
improved,0.0,linear_mid_raw,6,s1-s2,1,svd+ransac,59,64,8,8,1,0.2841959781,0.02425344676,0.03191235961,1
improved,0.0,linear_mid_raw,6,s1-s3,1,svd,59,50,5,5,1,0.3688372837,0.04668214364,0.05103705677,1
improved,0.0,linear_mid_raw,6,s1-s3,1,svd+ransac,59,50,5,5,1,0.3688372837,0.04668214364,0.05103705677,1
improved,0.0,linear_mid_raw,6,s1-s4,0,svd,59,69,0,0,0,nan,nan,nan,0
improved,0.0,linear_mid_raw,6,s1-s4,0,svd+ransac,59,69,0,0,0,nan,nan,nan,0
improved,0.0,linear_mid_raw,6,s1-s5,0,svd,59,83,0,0,0,nan,nan,nan,0
improved,0.0,linear_mid_raw,6,s1-s5,0,svd+ransac,59,83,0,0,0,nan,nan,nan,0
improved,0.0,linear_mid_raw,6,s1-s6,0,svd,59,103,3,3,1,3.454779028,0.332858435,0.3787726812,0
improved,0.0,linear_mid_raw,6,s1-s6,0,svd+ransac,59,103,3,3,1,3.454779028,0.332858435,0.3787726812,0
improved,0.0,linear_mid_raw,6,s2-s3,1,svd,64,50,4,4,1,0.7385748907,0.1037507712,0.1146906109,1
improved,0.0,linear_mid_raw,6,s2-s3,1,svd+ransac,64,50,4,4,1,0.7385748907,0.1037507712,0.1146906109,1
improved,0.0,linear_mid_raw,6,s2-s4,1,svd,64,69,3,3,1,9.802277906,0.3272444382,0.6240896818,0
improved,0.0,linear_mid_raw,6,s2-s4,1,svd+ransac,64,69,3,3,1,9.802277906,0.3272444382,0.6240896818,0
improved,0.0,linear_mid_raw,6,s2-s5,1,svd,64,83,3,3,1,1.0261771,0.05698884273,0.08314562549,1
improved,0.0,linear_mid_raw,6,s2-s5,1,svd+ransac,64,83,3,3,1,1.0261771,0.05698884273,0.08314562549,1
improved,0.0,linear_mid_raw,6,s2-s6,0,svd,64,103,8,8,1,0.7693835282,0.01247864365,0.05158235803,1
improved,0.0,linear_mid_raw,6,s2-s6,0,svd+ransac,64,103,8,8,1,0.7693835282,0.01247864365,0.05158235803,1
improved,0.0,linear_mid_raw,6,s3-s4,1,svd,50,69,2,2,0,nan,nan,nan,0
improved,0.0,linear_mid_raw,6,s3-s4,1,svd+ransac,50,69,2,2,0,nan,nan,nan,0
improved,0.0,linear_mid_raw,6,s3-s5,1,svd,50,83,1,1,0,nan,nan,nan,0
improved,0.0,linear_mid_raw,6,s3-s5,1,svd+ransac,50,83,1,1,0,nan,nan,nan,0
improved,0.0,linear_mid_raw,6,s3-s6,0,svd,50,103,2,2,0,nan,nan,nan,0
improved,0.0,linear_mid_raw,6,s3-s6,0,svd+ransac,50,103,2,2,0,nan,nan,nan,0
improved,0.0,linear_mid_raw,6,s4-s5,1,svd,69,83,8,8,1,0.586398416,0.1027383039,0.1096946094,1
improved,0.0,linear_mid_raw,6,s4-s5,1,svd+ransac,69,83,8,8,1,0.586398416,0.1027383039,0.1096946094,1
improved,0.0,linear_mid_raw,6,s4-s6,1,svd,69,103,5,5,1,1.225210793,0.1328462516,0.1574658375,1
improved,0.0,linear_mid_raw,6,s4-s6,1,svd+ransac,69,103,5,5,1,1.225210793,0.1328462516,0.1574658375,1
improved,0.0,linear_mid_raw,6,s5-s6,1,svd,83,103,10,10,1,0.3855777489,0.0140608044,0.02764680316,1
improved,0.0,linear_mid_raw,6,s5-s6,1,svd+ransac,83,103,10,10,1,0.3855777489,0.0140608044,0.02764680316,1
improved,0.0,linear_mid_raw,7,s1-s2,1,svd,56,61,3,3,1,0.9264899131,0.1255999965,0.1377572759,1
improved,0.0,linear_mid_raw,7,s1-s2,1,svd+ransac,56,61,3,3,1,0.9264899131,0.1255999965,0.1377572759,1
improved,0.0,linear_mid_raw,7,s1-s3,1,svd,56,50,5,5,1,1.657369127,0.193414727,0.2121904016,1
improved,0.0,linear_mid_raw,7,s1-s3,1,svd+ransac,56,50,5,5,1,1.657369127,0.193414727,0.2121904016,1
improved,0.0,linear_mid_raw,7,s1-s4,0,svd,56,62,8,8,1,4.096798632,0.6238621238,0.6579142313,0
improved,0.0,linear_mid_raw,7,s1-s4,0,svd+ransac,56,62,8,8,1,1.779247839,0.3936767643,0.4028668062,1
improved,0.0,linear_mid_raw,7,s1-s5,0,svd,56,86,0,0,0,nan,nan,nan,0
improved,0.0,linear_mid_raw,7,s1-s5,0,svd+ransac,56,86,0,0,0,nan,nan,nan,0
improved,0.0,linear_mid_raw,7,s1-s6,0,svd,56,97,4,4,1,0.9482939769,0.1870183183,0.1921871323,1
improved,0.0,linear_mid_raw,7,s1-s6,0,svd+ransac,56,97,4,4,1,0.9482939769,0.1870183183,0.1921871323,1
improved,0.0,linear_mid_raw,7,s2-s3,1,svd,61,50,8,8,1,0.3837708019,0.06715733752,0.0698209128,1
improved,0.0,linear_mid_raw,7,s2-s3,1,svd+ransac,61,50,8,8,1,0.3837708019,0.06715733752,0.0698209128,1
improved,0.0,linear_mid_raw,7,s2-s4,1,svd,61,62,5,5,1,0.3714374176,0.06366842989,0.07017717026,1
improved,0.0,linear_mid_raw,7,s2-s4,1,svd+ransac,61,62,5,5,1,0.3714374176,0.06366842989,0.07017717026,1
improved,0.0,linear_mid_raw,7,s2-s5,1,svd,61,86,1,1,0,nan,nan,nan,0
improved,0.0,linear_mid_raw,7,s2-s5,1,svd+ransac,61,86,1,1,0,nan,nan,nan,0
improved,0.0,linear_mid_raw,7,s2-s6,0,svd,61,97,6,6,1,2.919765994,0.1159750249,0.1984222078,0
improved,0.0,linear_mid_raw,7,s2-s6,0,svd+ransac,61,97,6,6,1,2.919765994,0.1159750249,0.1984222078,0
improved,0.0,linear_mid_raw,7,s3-s4,1,svd,50,62,1,1,0,nan,nan,nan,0
improved,0.0,linear_mid_raw,7,s3-s4,1,svd+ransac,50,62,1,1,0,nan,nan,nan,0
improved,0.0,linear_mid_raw,7,s3-s5,1,svd,50,86,5,5,1,0.6062087487,0.1337170225,0.1372986546,1
improved,0.0,linear_mid_raw,7,s3-s5,1,svd+ransac,50,86,5,5,1,10.12346905,1.089989249,1.238248557,0
improved,0.0,linear_mid_raw,7,s3-s6,0,svd,50,97,1,1,0,nan,nan,nan,0
improved,0.0,linear_mid_raw,7,s3-s6,0,svd+ransac,50,97,1,1,0,nan,nan,nan,0
improved,0.0,linear_mid_raw,7,s4-s5,1,svd,62,86,7,7,1,0.5239125799,0.08639412086,0.09315905898,1
improved,0.0,linear_mid_raw,7,s4-s5,1,svd+ransac,62,86,7,7,1,0.5239125799,0.08639412086,0.09315905898,1
improved,0.0,linear_mid_raw,7,s4-s6,1,svd,62,97,10,10,1,0.1066635826,0.03465512916,0.03568733091,1
improved,0.0,linear_mid_raw,7,s4-s6,1,svd+ransac,62,97,10,10,1,0.1066635826,0.03465512916,0.03568733091,1
improved,0.0,linear_mid_raw,7,s5-s6,1,svd,86,97,10,10,1,1.564192562,0.08878327005,0.1309733219,1
improved,0.0,linear_mid_raw,7,s5-s6,1,svd+ransac,86,97,10,10,1,0.4491011993,0.03692986555,0.04461058523,1
improved,0.0,linear_mid_raw,8,s1-s2,1,svd,62,68,8,8,1,0.2567049497,0.05151247041,0.05375110105,1
improved,0.0,linear_mid_raw,8,s1-s2,1,svd+ransac,62,68,8,8,1,0.2567049497,0.05151247041,0.05375110105,1
improved,0.0,linear_mid_raw,8,s1-s3,1,svd,62,50,8,8,1,0.2958212424,0.02705650288,0.03192742773,1
improved,0.0,linear_mid_raw,8,s1-s3,1,svd+ransac,62,50,8,8,1,0.2958212424,0.02705650288,0.03192742773,1
improved,0.0,linear_mid_raw,8,s1-s4,0,svd,62,65,3,3,1,0.3010336535,0.04104799032,0.05114798262,1
improved,0.0,linear_mid_raw,8,s1-s4,0,svd+ransac,62,65,3,3,1,0.3010336535,0.04104799032,0.05114798262,1
improved,0.0,linear_mid_raw,8,s1-s5,0,svd,62,93,5,5,1,0.2872346373,0.04994901476,0.05353914247,1
improved,0.0,linear_mid_raw,8,s1-s5,0,svd+ransac,62,93,5,5,1,0.2872346373,0.04994901476,0.05353914247,1
improved,0.0,linear_mid_raw,8,s1-s6,0,svd,62,108,3,3,1,3.102480921,0.2620221708,0.3114759541,0
improved,0.0,linear_mid_raw,8,s1-s6,0,svd+ransac,62,108,3,3,1,3.102480921,0.2620221708,0.3114759541,0
improved,0.0,linear_mid_raw,8,s2-s3,1,svd,68,50,6,6,1,0.5905245565,0.0724024194,0.08152626115,1
improved,0.0,linear_mid_raw,8,s2-s3,1,svd+ransac,68,50,6,6,1,0.5905245565,0.0724024194,0.08152626115,1
improved,0.0,linear_mid_raw,8,s2-s4,1,svd,68,65,0,0,0,nan,nan,nan,0
improved,0.0,linear_mid_raw,8,s2-s4,1,svd+ransac,68,65,0,0,0,nan,nan,nan,0
improved,0.0,linear_mid_raw,8,s2-s5,1,svd,68,93,8,8,1,0.4612474707,0.07883854396,0.08479439599,1
improved,0.0,linear_mid_raw,8,s2-s5,1,svd+ransac,68,93,8,8,1,0.4612474707,0.07883854396,0.08479439599,1
improved,0.0,linear_mid_raw,8,s2-s6,0,svd,68,108,0,0,0,nan,nan,nan,0
improved,0.0,linear_mid_raw,8,s2-s6,0,svd+ransac,68,108,0,0,0,nan,nan,nan,0
improved,0.0,linear_mid_raw,8,s3-s4,1,svd,50,65,9,9,1,0.2975723175,0.03153051809,0.03631626906,1
improved,0.0,linear_mid_raw,8,s3-s4,1,svd+ransac,50,65,9,9,1,0.2975723175,0.03153051809,0.03631626906,1
improved,0.0,linear_mid_raw,8,s3-s5,1,svd,50,93,7,7,1,0.3439404258,0.03741780848,0.04192420543,1
improved,0.0,linear_mid_raw,8,s3-s5,1,svd+ransac,50,93,7,7,1,0.3439404258,0.03741780848,0.04192420543,1
improved,0.0,linear_mid_raw,8,s3-s6,0,svd,50,108,5,5,1,1.238379277,0.2942549258,0.3016635011,1
improved,0.0,linear_mid_raw,8,s3-s6,0,svd+ransac,50,108,5,5,1,1.238379277,0.2942549258,0.3016635011,1
improved,0.0,linear_mid_raw,8,s4-s5,1,svd,65,93,4,4,1,0.1364734981,0.01506053714,0.017193948,1
improved,0.0,linear_mid_raw,8,s4-s5,1,svd+ransac,65,93,4,4,1,0.1364734981,0.01506053714,0.017193948,1
improved,0.0,linear_mid_raw,8,s4-s6,1,svd,65,108,3,3,1,1.637321879,0.1167733218,0.1646082273,1
improved,0.0,linear_mid_raw,8,s4-s6,1,svd+ransac,65,108,3,3,1,1.637321879,0.1167733218,0.1646082273,1
improved,0.0,linear_mid_raw,8,s5-s6,1,svd,93,108,2,2,0,nan,nan,nan,0
improved,0.0,linear_mid_raw,8,s5-s6,1,svd+ransac,93,108,2,2,0,nan,nan,nan,0
improved,0.0,linear_mid_raw,9,s1-s2,1,svd,61,68,6,6,1,0.2480097262,0.02377435695,0.03279933976,1
improved,0.0,linear_mid_raw,9,s1-s2,1,svd+ransac,61,68,6,6,1,0.2480097262,0.02377435695,0.03279933976,1
improved,0.0,linear_mid_raw,9,s1-s3,1,svd,61,53,5,5,1,0.539759831,0.04836538871,0.05780093189,1
improved,0.0,linear_mid_raw,9,s1-s3,1,svd+ransac,61,53,5,5,1,0.539759831,0.04836538871,0.05780093189,1
improved,0.0,linear_mid_raw,9,s1-s4,0,svd,61,68,3,3,1,3.759279178,0.3478964867,0.406386116,0
improved,0.0,linear_mid_raw,9,s1-s4,0,svd+ransac,61,68,3,3,1,3.759279178,0.3478964867,0.406386116,0
improved,0.0,linear_mid_raw,9,s1-s5,0,svd,61,83,10,10,1,0.4257327418,0.05940871221,0.06415061678,1
improved,0.0,linear_mid_raw,9,s1-s5,0,svd+ransac,61,83,10,10,1,0.4257327418,0.05940871221,0.06415061678,1
improved,0.0,linear_mid_raw,9,s1-s6,0,svd,61,105,0,0,0,nan,nan,nan,0
improved,0.0,linear_mid_raw,9,s1-s6,0,svd+ransac,61,105,0,0,0,nan,nan,nan,0
improved,0.0,linear_mid_raw,9,s2-s3,1,svd,68,53,8,8,1,0.07312335259,0.02524618424,0.02650888926,1
improved,0.0,linear_mid_raw,9,s2-s3,1,svd+ransac,68,53,8,8,1,0.07312335259,0.02524618424,0.02650888926,1
improved,0.0,linear_mid_raw,9,s2-s4,1,svd,68,68,5,5,1,0.80998317,0.07612548138,0.09683274981,1
improved,0.0,linear_mid_raw,9,s2-s4,1,svd+ransac,68,68,5,5,1,0.80998317,0.07612548138,0.09683274981,1
improved,0.0,linear_mid_raw,9,s2-s5,1,svd,68,83,3,3,1,0.6785726931,0.07690160116,0.09016857664,1
improved,0.0,linear_mid_raw,9,s2-s5,1,svd+ransac,68,83,3,3,1,0.6785726931,0.07690160116,0.09016857664,1
improved,0.0,linear_mid_raw,9,s2-s6,0,svd,68,105,8,8,1,1.039054582,0.04478303626,0.08236479008,1
improved,0.0,linear_mid_raw,9,s2-s6,0,svd+ransac,68,105,8,8,1,1.039054582,0.04478303626,0.08236479008,1
improved,0.0,linear_mid_raw,9,s3-s4,1,svd,53,68,0,0,0,nan,nan,nan,0
improved,0.0,linear_mid_raw,9,s3-s4,1,svd+ransac,53,68,0,0,0,nan,nan,nan,0
improved,0.0,linear_mid_raw,9,s3-s5,1,svd,53,83,4,4,1,0.380478144,0.09898506585,0.09996753081,1
improved,0.0,linear_mid_raw,9,s3-s5,1,svd+ransac,53,83,4,4,1,0.380478144,0.09898506585,0.09996753081,1
improved,0.0,linear_mid_raw,9,s3-s6,0,svd,53,105,5,5,1,0.3112411423,0.02141071219,0.03138248079,1
improved,0.0,linear_mid_raw,9,s3-s6,0,svd+ransac,53,105,5,5,1,0.3112411423,0.02141071219,0.03138248079,1
improved,0.0,linear_mid_raw,9,s4-s5,1,svd,68,83,1,1,0,nan,nan,nan,0
improved,0.0,linear_mid_raw,9,s4-s5,1,svd+ransac,68,83,1,1,0,nan,nan,nan,0
improved,0.0,linear_mid_raw,9,s4-s6,1,svd,68,105,2,2,0,nan,nan,nan,0
improved,0.0,linear_mid_raw,9,s4-s6,1,svd+ransac,68,105,2,2,0,nan,nan,nan,0
improved,0.0,linear_mid_raw,9,s5-s6,1,svd,83,105,14,14,1,1.70434858,0.04762587168,0.1114138515,1
improved,0.0,linear_mid_raw,9,s5-s6,1,svd+ransac,83,105,14,14,1,0.3725120261,0.01313460476,0.02703935036,1
improved,0.0,linear_mid_raw,10,s1-s2,1,svd,58,68,7,7,1,0.1908362566,0.02787984207,0.03148358744,1
improved,0.0,linear_mid_raw,10,s1-s2,1,svd+ransac,58,68,7,7,1,0.1908362566,0.02787984207,0.03148358744,1
improved,0.0,linear_mid_raw,10,s1-s3,1,svd,58,51,10,10,1,0.3521376356,0.0234056672,0.03077012292,1
improved,0.0,linear_mid_raw,10,s1-s3,1,svd+ransac,58,51,10,10,1,0.3521376356,0.0234056672,0.03077012292,1
improved,0.0,linear_mid_raw,10,s1-s4,0,svd,58,62,9,9,1,3.247232011,0.1969507515,0.2711616153,0
improved,0.0,linear_mid_raw,10,s1-s4,0,svd+ransac,58,62,9,9,1,0.7022542038,0.08911083406,0.1017493187,1
improved,0.0,linear_mid_raw,10,s1-s5,0,svd,58,83,4,4,1,1.182990663,0.5661031988,0.5721127961,0
improved,0.0,linear_mid_raw,10,s1-s5,0,svd+ransac,58,83,4,4,1,3.2621928,1.114707138,1.137087072,0
improved,0.0,linear_mid_raw,10,s1-s6,0,svd,58,101,0,0,0,nan,nan,nan,0
improved,0.0,linear_mid_raw,10,s1-s6,0,svd+ransac,58,101,0,0,0,nan,nan,nan,0
improved,0.0,linear_mid_raw,10,s2-s3,1,svd,68,51,5,5,1,0.8140873538,0.128913763,0.1349173757,1
improved,0.0,linear_mid_raw,10,s2-s3,1,svd+ransac,68,51,5,5,1,0.8140873538,0.128913763,0.1349173757,1
improved,0.0,linear_mid_raw,10,s2-s4,1,svd,68,62,2,2,0,nan,nan,nan,0
improved,0.0,linear_mid_raw,10,s2-s4,1,svd+ransac,68,62,2,2,0,nan,nan,nan,0
improved,0.0,linear_mid_raw,10,s2-s5,1,svd,68,83,1,1,0,nan,nan,nan,0
improved,0.0,linear_mid_raw,10,s2-s5,1,svd+ransac,68,83,1,1,0,nan,nan,nan,0
improved,0.0,linear_mid_raw,10,s2-s6,0,svd,68,101,6,6,1,0.860486611,0.02406739109,0.05545590448,1
improved,0.0,linear_mid_raw,10,s2-s6,0,svd+ransac,68,101,6,6,1,0.860486611,0.02406739109,0.05545590448,1
improved,0.0,linear_mid_raw,10,s3-s4,1,svd,51,62,5,5,1,0.8195300486,0.05637292044,0.07324383871,1
improved,0.0,linear_mid_raw,10,s3-s4,1,svd+ransac,51,62,5,5,1,0.8195300486,0.05637292044,0.07324383871,1
improved,0.0,linear_mid_raw,10,s3-s5,1,svd,51,83,2,2,0,nan,nan,nan,0
improved,0.0,linear_mid_raw,10,s3-s5,1,svd+ransac,51,83,2,2,0,nan,nan,nan,0
improved,0.0,linear_mid_raw,10,s3-s6,0,svd,51,101,7,7,1,0.301654911,0.04583524622,0.05003948985,1
improved,0.0,linear_mid_raw,10,s3-s6,0,svd+ransac,51,101,7,7,1,0.301654911,0.04583524622,0.05003948985,1
improved,0.0,linear_mid_raw,10,s4-s5,1,svd,62,83,7,7,1,0.1388090972,0.05210632161,0.05325610866,1
improved,0.0,linear_mid_raw,10,s4-s5,1,svd+ransac,62,83,7,7,1,0.1388090972,0.05210632161,0.05325610866,1
improved,0.0,linear_mid_raw,10,s4-s6,1,svd,62,101,9,9,1,0.9932629904,0.07090387363,0.0978740123,1
improved,0.0,linear_mid_raw,10,s4-s6,1,svd+ransac,62,101,9,9,1,0.2559553148,0.0573016138,0.05925342393,1
improved,0.0,linear_mid_raw,10,s5-s6,1,svd,83,101,4,4,1,0.455611559,0.08518130817,0.08701747356,1
improved,0.0,linear_mid_raw,10,s5-s6,1,svd+ransac,83,101,4,4,1,0.455611559,0.08518130817,0.08701747356,1
improved,0.0,physical_raw,1,s1-s2,1,svd,58,57,1,1,0,nan,nan,nan,0
improved,0.0,physical_raw,1,s1-s2,1,svd+ransac,58,57,1,1,0,nan,nan,nan,0
improved,0.0,physical_raw,1,s1-s3,1,svd,58,50,7,7,1,0.3879340652,0.03968220678,0.04502592179,1
improved,0.0,physical_raw,1,s1-s3,1,svd+ransac,58,50,7,7,1,0.3879340652,0.03968220678,0.04502592179,1
improved,0.0,physical_raw,1,s1-s4,0,svd,58,65,6,6,1,3.123362657,0.5061082485,0.5315423359,0
improved,0.0,physical_raw,1,s1-s4,0,svd+ransac,58,65,6,6,1,1.808670315,0.399209939,0.4092028778,1
improved,0.0,physical_raw,1,s1-s5,0,svd,58,84,2,2,0,nan,nan,nan,0
improved,0.0,physical_raw,1,s1-s5,0,svd+ransac,58,84,2,2,0,nan,nan,nan,0
improved,0.0,physical_raw,1,s1-s6,0,svd,58,101,5,5,1,1.408956469,0.0906569493,0.1241845693,1
improved,0.0,physical_raw,1,s1-s6,0,svd+ransac,58,101,5,5,1,1.675197404,0.06626609354,0.1172635828,1
improved,0.0,physical_raw,1,s2-s3,1,svd,57,50,8,8,1,0.1703397315,0.01345752234,0.01972210468,1
improved,0.0,physical_raw,1,s2-s3,1,svd+ransac,57,50,8,8,1,0.1703397315,0.01345752234,0.01972210468,1
improved,0.0,physical_raw,1,s2-s4,1,svd,57,65,3,3,1,4.464186009,0.8546489086,0.9120259256,0
improved,0.0,physical_raw,1,s2-s4,1,svd+ransac,57,65,3,3,1,4.464186009,0.8546489086,0.9120259256,0
improved,0.0,physical_raw,1,s2-s5,1,svd,57,84,5,5,1,1.661484881,0.0588956905,0.1142423876,1
improved,0.0,physical_raw,1,s2-s5,1,svd+ransac,57,84,5,5,1,1.95839742,0.05743992399,0.1273370047,1
improved,0.0,physical_raw,1,s2-s6,0,svd,57,101,9,9,1,0.3189176427,0.04667789855,0.05167700468,1
improved,0.0,physical_raw,1,s2-s6,0,svd+ransac,57,101,9,9,1,0.4714123417,0.09763525004,0.1036800519,1
improved,0.0,physical_raw,1,s3-s4,1,svd,50,65,9,9,1,0.8016451609,0.06035884899,0.07578731372,1
improved,0.0,physical_raw,1,s3-s4,1,svd+ransac,50,65,9,9,1,0.8016451609,0.06035884899,0.07578731372,1
improved,0.0,physical_raw,1,s3-s5,1,svd,50,84,6,6,1,0.1735821794,0.03889715227,0.03958100753,1
improved,0.0,physical_raw,1,s3-s5,1,svd+ransac,50,84,6,6,1,0.1735821794,0.03889715227,0.03958100753,1
improved,0.0,physical_raw,1,s3-s6,0,svd,50,101,5,5,1,0.2185196434,0.05538742528,0.05727260442,1
improved,0.0,physical_raw,1,s3-s6,0,svd+ransac,50,101,5,5,1,0.2185196434,0.05538742528,0.05727260442,1
improved,0.0,physical_raw,1,s4-s5,1,svd,65,84,6,6,1,0.5952824424,0.09051420077,0.09895749499,1
improved,0.0,physical_raw,1,s4-s5,1,svd+ransac,65,84,6,6,1,0.5952824424,0.09051420077,0.09895749499,1
improved,0.0,physical_raw,1,s4-s6,1,svd,65,101,10,10,1,0.0606522081,0.02980462366,0.03075247565,1
improved,0.0,physical_raw,1,s4-s6,1,svd+ransac,65,101,10,10,1,0.0606522081,0.02980462366,0.03075247565,1
improved,0.0,physical_raw,1,s5-s6,1,svd,84,101,12,12,1,0.4676083548,0.04356497641,0.05105565765,1
improved,0.0,physical_raw,1,s5-s6,1,svd+ransac,84,101,12,12,1,0.4676083548,0.04356497641,0.05105565765,1
improved,0.0,physical_raw,2,s1-s2,1,svd,59,59,6,6,1,0.3275139074,0.03495372113,0.04572450761,1
improved,0.0,physical_raw,2,s1-s2,1,svd+ransac,59,59,6,6,1,0.3275139074,0.03495372113,0.04572450761,1
improved,0.0,physical_raw,2,s1-s3,1,svd,59,49,9,9,1,0.3990122218,0.03386223615,0.04131710439,1
improved,0.0,physical_raw,2,s1-s3,1,svd+ransac,59,49,9,9,1,0.3990122218,0.03386223615,0.04131710439,1
improved,0.0,physical_raw,2,s1-s4,0,svd,59,67,9,9,1,2.056460545,0.1153578499,0.1610279858,0
improved,0.0,physical_raw,2,s1-s4,0,svd+ransac,59,67,9,9,1,3.808639463,0.2587597349,0.3325117109,0
improved,0.0,physical_raw,2,s1-s5,0,svd,59,89,8,8,1,0.6670615173,0.1471938401,0.1512137153,1
improved,0.0,physical_raw,2,s1-s5,0,svd+ransac,59,89,8,8,1,0.6670615173,0.1471938401,0.1512137153,1
improved,0.0,physical_raw,2,s1-s6,0,svd,59,102,4,4,1,2.565336377,0.3235610823,0.3544310177,0
improved,0.0,physical_raw,2,s1-s6,0,svd+ransac,59,102,4,4,1,1.740861535,0.1024722977,0.1424197423,1
improved,0.0,physical_raw,2,s2-s3,1,svd,59,49,11,11,1,0.5038472493,0.04849426943,0.05680965306,1
improved,0.0,physical_raw,2,s2-s3,1,svd+ransac,59,49,11,11,1,0.5038472493,0.04849426943,0.05680965306,1
improved,0.0,physical_raw,2,s2-s4,1,svd,59,67,2,2,0,nan,nan,nan,0
improved,0.0,physical_raw,2,s2-s4,1,svd+ransac,59,67,2,2,0,nan,nan,nan,0
improved,0.0,physical_raw,2,s2-s5,1,svd,59,89,2,2,0,nan,nan,nan,0
improved,0.0,physical_raw,2,s2-s5,1,svd+ransac,59,89,2,2,0,nan,nan,nan,0
improved,0.0,physical_raw,2,s2-s6,0,svd,59,102,9,9,1,0.6692525225,0.008232514458,0.04471802673,1
improved,0.0,physical_raw,2,s2-s6,0,svd+ransac,59,102,9,9,1,0.6692525225,0.008232514458,0.04471802673,1
improved,0.0,physical_raw,2,s3-s4,1,svd,49,67,8,8,1,0.4347583055,0.03779613672,0.04451287447,1
improved,0.0,physical_raw,2,s3-s4,1,svd+ransac,49,67,8,8,1,0.4347583055,0.03779613672,0.04451287447,1
improved,0.0,physical_raw,2,s3-s5,1,svd,49,89,3,3,1,0.2146369536,0.05044643786,0.05307295792,1
improved,0.0,physical_raw,2,s3-s5,1,svd+ransac,49,89,3,3,1,0.2146369536,0.05044643786,0.05307295792,1
improved,0.0,physical_raw,2,s3-s6,0,svd,49,102,3,3,1,2.418655904,0.8468798379,0.846450221,0
improved,0.0,physical_raw,2,s3-s6,0,svd+ransac,49,102,3,3,1,2.418655904,0.8468798379,0.846450221,0
improved,0.0,physical_raw,2,s4-s5,1,svd,67,89,2,2,0,nan,nan,nan,0
improved,0.0,physical_raw,2,s4-s5,1,svd+ransac,67,89,2,2,0,nan,nan,nan,0
improved,0.0,physical_raw,2,s4-s6,1,svd,67,102,8,8,1,0.1745169789,0.03217753885,0.03458975284,1
improved,0.0,physical_raw,2,s4-s6,1,svd+ransac,67,102,8,8,1,0.1745169789,0.03217753885,0.03458975284,1
improved,0.0,physical_raw,2,s5-s6,1,svd,89,102,8,8,1,0.4990831287,0.04153592094,0.05418903082,1
improved,0.0,physical_raw,2,s5-s6,1,svd+ransac,89,102,8,8,1,0.4990831287,0.04153592094,0.05418903082,1
improved,0.0,physical_raw,3,s1-s2,1,svd,59,60,8,8,1,0.3367377279,0.02047281968,0.03193154793,1
improved,0.0,physical_raw,3,s1-s2,1,svd+ransac,59,60,8,8,1,0.3367377279,0.02047281968,0.03193154793,1
improved,0.0,physical_raw,3,s1-s3,1,svd,59,56,9,9,1,0.4349338856,0.03200506079,0.04393437937,1
improved,0.0,physical_raw,3,s1-s3,1,svd+ransac,59,56,9,9,1,0.4349338856,0.03200506079,0.04393437937,1
improved,0.0,physical_raw,3,s1-s4,0,svd,59,64,1,1,0,nan,nan,nan,0
improved,0.0,physical_raw,3,s1-s4,0,svd+ransac,59,64,1,1,0,nan,nan,nan,0
improved,0.0,physical_raw,3,s1-s5,0,svd,59,87,4,4,1,0.9639617518,0.1484170298,0.1603901109,1
improved,0.0,physical_raw,3,s1-s5,0,svd+ransac,59,87,4,4,1,0.9639617518,0.1484170298,0.1603901109,1
improved,0.0,physical_raw,3,s1-s6,0,svd,59,100,0,0,0,nan,nan,nan,0
improved,0.0,physical_raw,3,s1-s6,0,svd+ransac,59,100,0,0,0,nan,nan,nan,0
improved,0.0,physical_raw,3,s2-s3,1,svd,60,56,10,10,1,0.04033117578,0.01294989564,0.01364939489,1
improved,0.0,physical_raw,3,s2-s3,1,svd+ransac,60,56,10,10,1,0.04033117578,0.01294989564,0.01364939489,1
improved,0.0,physical_raw,3,s2-s4,1,svd,60,64,4,4,1,1.723245451,0.04290290101,0.1084670868,1
improved,0.0,physical_raw,3,s2-s4,1,svd+ransac,60,64,4,4,1,1.723245451,0.04290290101,0.1084670868,1
improved,0.0,physical_raw,3,s2-s5,1,svd,60,87,4,4,1,0.587593414,0.02314046792,0.04310998153,1
improved,0.0,physical_raw,3,s2-s5,1,svd+ransac,60,87,4,4,1,0.587593414,0.02314046792,0.04310998153,1
improved,0.0,physical_raw,3,s2-s6,0,svd,60,100,4,4,1,4.52861696,0.2426530576,0.3652684521,0
improved,0.0,physical_raw,3,s2-s6,0,svd+ransac,60,100,4,4,1,4.962270286,0.2103945439,0.3503643695,0
improved,0.0,physical_raw,3,s3-s4,1,svd,56,64,9,9,1,0.5128836708,0.03015990434,0.04261712606,1
improved,0.0,physical_raw,3,s3-s4,1,svd+ransac,56,64,9,9,1,0.5128836708,0.03015990434,0.04261712606,1
improved,0.0,physical_raw,3,s3-s5,1,svd,56,87,4,4,1,1.001215299,0.02250531305,0.06116170985,1
improved,0.0,physical_raw,3,s3-s5,1,svd+ransac,56,87,4,4,1,1.001215299,0.02250531305,0.06116170985,1
improved,0.0,physical_raw,3,s3-s6,0,svd,56,100,9,9,1,0.4112394826,0.08500295056,0.08729573567,1
improved,0.0,physical_raw,3,s3-s6,0,svd+ransac,56,100,9,9,1,0.4112394826,0.08500295056,0.08729573567,1
improved,0.0,physical_raw,3,s4-s5,1,svd,64,87,6,6,1,0.1193569063,0.04833286866,0.04946044568,1
improved,0.0,physical_raw,3,s4-s5,1,svd+ransac,64,87,6,6,1,0.1193569063,0.04833286866,0.04946044568,1
improved,0.0,physical_raw,3,s4-s6,1,svd,64,100,10,10,1,0.1309069737,0.02579858762,0.02719012446,1
improved,0.0,physical_raw,3,s4-s6,1,svd+ransac,64,100,10,10,1,0.1309069737,0.02579858762,0.02719012446,1
improved,0.0,physical_raw,3,s5-s6,1,svd,87,100,10,10,1,0.2062940343,0.01144163117,0.01949234365,1
improved,0.0,physical_raw,3,s5-s6,1,svd+ransac,87,100,10,10,1,0.2062940343,0.01144163117,0.01949234365,1
improved,0.0,physical_raw,4,s1-s2,1,svd,62,64,4,4,1,0.232116007,0.04608867789,0.04771837471,1
improved,0.0,physical_raw,4,s1-s2,1,svd+ransac,62,64,4,4,1,0.232116007,0.04608867789,0.04771837471,1
improved,0.0,physical_raw,4,s1-s3,1,svd,62,49,9,9,1,0.2723450648,0.0039663398,0.01837493049,1
improved,0.0,physical_raw,4,s1-s3,1,svd+ransac,62,49,9,9,1,0.2723450648,0.0039663398,0.01837493049,1
improved,0.0,physical_raw,4,s1-s4,0,svd,62,60,5,5,1,0.6222555133,0.106732477,0.1147727449,1
improved,0.0,physical_raw,4,s1-s4,0,svd+ransac,62,60,5,5,1,0.6222555133,0.106732477,0.1147727449,1
improved,0.0,physical_raw,4,s1-s5,0,svd,62,85,5,5,1,0.4345860691,0.06016006169,0.06764891529,1
improved,0.0,physical_raw,4,s1-s5,0,svd+ransac,62,85,5,5,1,0.4345860691,0.06016006169,0.06764891529,1
improved,0.0,physical_raw,4,s1-s6,0,svd,62,100,5,5,1,1.039761057,0.2216167983,0.2277275809,1
improved,0.0,physical_raw,4,s1-s6,0,svd+ransac,62,100,5,5,1,1.039761057,0.2216167983,0.2277275809,1
improved,0.0,physical_raw,4,s2-s3,1,svd,64,49,7,7,1,2.28479797,0.325204032,0.3454990499,0
improved,0.0,physical_raw,4,s2-s3,1,svd+ransac,64,49,7,7,1,2.28479797,0.325204032,0.3454990499,0
improved,0.0,physical_raw,4,s2-s4,1,svd,64,60,5,5,1,1.479203324,0.1949725224,0.2104902668,1
improved,0.0,physical_raw,4,s2-s4,1,svd+ransac,64,60,5,5,1,1.479203324,0.1949725224,0.2104902668,1
improved,0.0,physical_raw,4,s2-s5,1,svd,64,85,2,2,0,nan,nan,nan,0
improved,0.0,physical_raw,4,s2-s5,1,svd+ransac,64,85,2,2,0,nan,nan,nan,0
improved,0.0,physical_raw,4,s2-s6,0,svd,64,100,6,6,1,0.7074153322,0.02421388611,0.05506524897,1
improved,0.0,physical_raw,4,s2-s6,0,svd+ransac,64,100,6,6,1,0.7074153322,0.02421388611,0.05506524897,1
improved,0.0,physical_raw,4,s3-s4,1,svd,49,60,4,4,1,1.065652477,0.1231492664,0.1377988594,1
improved,0.0,physical_raw,4,s3-s4,1,svd+ransac,49,60,4,4,1,1.065652477,0.1231492664,0.1377988594,1
improved,0.0,physical_raw,4,s3-s5,1,svd,49,85,4,4,1,1.801092286,0.4435515418,0.4510461141,1
improved,0.0,physical_raw,4,s3-s5,1,svd+ransac,49,85,4,4,1,1.801092286,0.4435515418,0.4510461141,1
improved,0.0,physical_raw,4,s3-s6,0,svd,49,100,6,6,1,0.3073866385,0.07808191959,0.08132933799,1
improved,0.0,physical_raw,4,s3-s6,0,svd+ransac,49,100,6,6,1,0.3073866385,0.07808191959,0.08132933799,1
improved,0.0,physical_raw,4,s4-s5,1,svd,60,85,6,6,1,2.659535111,0.2300290095,0.2852823514,0
improved,0.0,physical_raw,4,s4-s5,1,svd+ransac,60,85,6,6,1,2.659535111,0.2300290095,0.2852823514,0
improved,0.0,physical_raw,4,s4-s6,1,svd,60,100,8,8,1,0.1336285583,0.06086270737,0.06101711388,1
improved,0.0,physical_raw,4,s4-s6,1,svd+ransac,60,100,8,8,1,0.1336285583,0.06086270737,0.06101711388,1
improved,0.0,physical_raw,4,s5-s6,1,svd,85,100,9,9,1,0.810335297,0.1131055923,0.1190084495,1
improved,0.0,physical_raw,4,s5-s6,1,svd+ransac,85,100,9,9,1,0.810335297,0.1131055923,0.1190084495,1
improved,0.0,physical_raw,5,s1-s2,1,svd,63,60,7,7,1,0.7357149802,0.1024781213,0.1113272342,1
improved,0.0,physical_raw,5,s1-s2,1,svd+ransac,63,60,7,7,1,0.7357149802,0.1024781213,0.1113272342,1
improved,0.0,physical_raw,5,s1-s3,1,svd,63,53,8,8,1,0.354299338,0.02579997536,0.03257917494,1
improved,0.0,physical_raw,5,s1-s3,1,svd+ransac,63,53,8,8,1,0.354299338,0.02579997536,0.03257917494,1
improved,0.0,physical_raw,5,s1-s4,0,svd,63,68,0,0,0,nan,nan,nan,0
improved,0.0,physical_raw,5,s1-s4,0,svd+ransac,63,68,0,0,0,nan,nan,nan,0
improved,0.0,physical_raw,5,s1-s5,0,svd,63,83,6,6,1,1.145885234,0.2990649922,0.3034451187,1
improved,0.0,physical_raw,5,s1-s5,0,svd+ransac,63,83,6,6,1,1.145885234,0.2990649922,0.3034451187,1
improved,0.0,physical_raw,5,s1-s6,0,svd,63,103,0,0,0,nan,nan,nan,0
improved,0.0,physical_raw,5,s1-s6,0,svd+ransac,63,103,0,0,0,nan,nan,nan,0
improved,0.0,physical_raw,5,s2-s3,1,svd,60,53,10,10,1,0.0881007374,0.0201043881,0.02121900287,1
improved,0.0,physical_raw,5,s2-s3,1,svd+ransac,60,53,10,10,1,0.0881007374,0.0201043881,0.02121900287,1
improved,0.0,physical_raw,5,s2-s4,1,svd,60,68,4,4,1,1.100110329,0.03731430669,0.07401823825,1
improved,0.0,physical_raw,5,s2-s4,1,svd+ransac,60,68,4,4,1,1.100110329,0.03731430669,0.07401823825,1
improved,0.0,physical_raw,5,s2-s5,1,svd,60,83,4,4,1,0.6052264015,0.06518517945,0.07787585997,1
improved,0.0,physical_raw,5,s2-s5,1,svd+ransac,60,83,4,4,1,0.6052264015,0.06518517945,0.07787585997,1
improved,0.0,physical_raw,5,s2-s6,0,svd,60,103,1,1,0,nan,nan,nan,0
improved,0.0,physical_raw,5,s2-s6,0,svd+ransac,60,103,1,1,0,nan,nan,nan,0
improved,0.0,physical_raw,5,s3-s4,1,svd,53,68,5,5,1,1.045706632,0.1246231234,0.1386489678,1
improved,0.0,physical_raw,5,s3-s4,1,svd+ransac,53,68,5,5,1,1.045706632,0.1246231234,0.1386489678,1
improved,0.0,physical_raw,5,s3-s5,1,svd,53,83,5,5,1,0.1834023972,0.04598840419,0.04953576546,1
improved,0.0,physical_raw,5,s3-s5,1,svd+ransac,53,83,5,5,1,0.1834023972,0.04598840419,0.04953576546,1
improved,0.0,physical_raw,5,s3-s6,0,svd,53,103,9,9,1,0.3514470846,0.0555154188,0.06161734492,1
improved,0.0,physical_raw,5,s3-s6,0,svd+ransac,53,103,9,9,1,0.9762162355,0.06695867786,0.09765685421,1
improved,0.0,physical_raw,5,s4-s5,1,svd,68,83,4,4,1,0.3094355438,0.01402773204,0.02458063455,1
improved,0.0,physical_raw,5,s4-s5,1,svd+ransac,68,83,4,4,1,0.3094355438,0.01402773204,0.02458063455,1
improved,0.0,physical_raw,5,s4-s6,1,svd,68,103,7,7,1,0.6150980264,0.1227831453,0.1277771763,1
improved,0.0,physical_raw,5,s4-s6,1,svd+ransac,68,103,7,7,1,0.6150980264,0.1227831453,0.1277771763,1
improved,0.0,physical_raw,5,s5-s6,1,svd,83,103,8,8,1,0.06450459728,0.04218055709,0.04232858103,1
improved,0.0,physical_raw,5,s5-s6,1,svd+ransac,83,103,8,8,1,0.06450459728,0.04218055709,0.04232858103,1
improved,0.0,physical_raw,6,s1-s2,1,svd,58,59,4,4,1,2.735385655,0.1737569129,0.2303880137,0
improved,0.0,physical_raw,6,s1-s2,1,svd+ransac,58,59,4,4,1,2.735385655,0.1737569129,0.2303880137,0
improved,0.0,physical_raw,6,s1-s3,1,svd,58,49,7,7,1,0.3379533771,0.02698695189,0.03359046725,1
improved,0.0,physical_raw,6,s1-s3,1,svd+ransac,58,49,7,7,1,0.3379533771,0.02698695189,0.03359046725,1
improved,0.0,physical_raw,6,s1-s4,0,svd,58,68,3,3,1,1.200272234,0.2794171494,0.2911646411,1
improved,0.0,physical_raw,6,s1-s4,0,svd+ransac,58,68,3,3,1,1.200272234,0.2794171494,0.2911646411,1
improved,0.0,physical_raw,6,s1-s5,0,svd,58,83,3,3,1,0.3125795806,0.02408088603,0.03333407491,1
improved,0.0,physical_raw,6,s1-s5,0,svd+ransac,58,83,3,3,1,0.3125795806,0.02408088603,0.03333407491,1
improved,0.0,physical_raw,6,s1-s6,0,svd,58,102,4,4,1,1.660080614,0.05922103355,0.1272783686,1
improved,0.0,physical_raw,6,s1-s6,0,svd+ransac,58,102,4,4,1,1.660080614,0.05922103355,0.1272783686,1
improved,0.0,physical_raw,6,s2-s3,1,svd,59,49,10,10,1,0.1277223952,0.01157787894,0.01570749266,1
improved,0.0,physical_raw,6,s2-s3,1,svd+ransac,59,49,10,10,1,0.1277223952,0.01157787894,0.01570749266,1
improved,0.0,physical_raw,6,s2-s4,1,svd,59,68,6,6,1,1.961351944,0.1818857428,0.2239624004,1
improved,0.0,physical_raw,6,s2-s4,1,svd+ransac,59,68,6,6,1,0.1808328237,0.04192061825,0.0443318758,1
improved,0.0,physical_raw,6,s2-s5,1,svd,59,83,4,4,1,1.645413236,0.08545572591,0.1300561693,1
improved,0.0,physical_raw,6,s2-s5,1,svd+ransac,59,83,4,4,1,6.866463153,0.34936222,0.5128530323,0
improved,0.0,physical_raw,6,s2-s6,0,svd,59,102,7,7,1,1.023527207,0.04600862982,0.08174057673,1
improved,0.0,physical_raw,6,s2-s6,0,svd+ransac,59,102,7,7,1,1.023527207,0.04600862982,0.08174057673,1
improved,0.0,physical_raw,6,s3-s4,1,svd,49,68,4,4,1,0.6257900314,0.03988281126,0.05230251231,1
improved,0.0,physical_raw,6,s3-s4,1,svd+ransac,49,68,4,4,1,0.6257900314,0.03988281126,0.05230251231,1
improved,0.0,physical_raw,6,s3-s5,1,svd,49,83,4,4,1,0.3053734078,0.0390517946,0.04373982678,1
improved,0.0,physical_raw,6,s3-s5,1,svd+ransac,49,83,4,4,1,0.3053734078,0.0390517946,0.04373982678,1
improved,0.0,physical_raw,6,s3-s6,0,svd,49,102,5,5,1,1.705300269,0.3874710954,0.3972676712,1
improved,0.0,physical_raw,6,s3-s6,0,svd+ransac,49,102,5,5,1,1.705300269,0.3874710954,0.3972676712,1
improved,0.0,physical_raw,6,s4-s5,1,svd,68,83,4,4,1,0.91389746,0.1651610467,0.1760456605,1
improved,0.0,physical_raw,6,s4-s5,1,svd+ransac,68,83,4,4,1,0.91389746,0.1651610467,0.1760456605,1
improved,0.0,physical_raw,6,s4-s6,1,svd,68,102,4,4,1,1.519438136,0.1368799935,0.1702076644,1
improved,0.0,physical_raw,6,s4-s6,1,svd+ransac,68,102,4,4,1,1.519438136,0.1368799935,0.1702076644,1
improved,0.0,physical_raw,6,s5-s6,1,svd,83,102,4,4,1,1.761101531,0.1173483611,0.1621547061,1
improved,0.0,physical_raw,6,s5-s6,1,svd+ransac,83,102,4,4,1,1.761101531,0.1173483611,0.1621547061,1
improved,0.0,physical_raw,7,s1-s2,1,svd,56,59,7,7,1,0.3359486637,0.05529059305,0.05878832045,1
improved,0.0,physical_raw,7,s1-s2,1,svd+ransac,56,59,7,7,1,0.3359486637,0.05529059305,0.05878832045,1
improved,0.0,physical_raw,7,s1-s3,1,svd,56,51,2,2,0,nan,nan,nan,0
improved,0.0,physical_raw,7,s1-s3,1,svd+ransac,56,51,2,2,0,nan,nan,nan,0
improved,0.0,physical_raw,7,s1-s4,0,svd,56,63,0,0,0,nan,nan,nan,0
improved,0.0,physical_raw,7,s1-s4,0,svd+ransac,56,63,0,0,0,nan,nan,nan,0
improved,0.0,physical_raw,7,s1-s5,0,svd,56,88,11,11,1,1.185842604,0.07163122571,0.09810736203,1
improved,0.0,physical_raw,7,s1-s5,0,svd+ransac,56,88,11,11,1,0.9017433031,0.1422016195,0.1509464612,1
improved,0.0,physical_raw,7,s1-s6,0,svd,56,97,0,0,0,nan,nan,nan,0
improved,0.0,physical_raw,7,s1-s6,0,svd+ransac,56,97,0,0,0,nan,nan,nan,0
improved,0.0,physical_raw,7,s2-s3,1,svd,59,51,8,8,1,0.1953513141,0.02091177505,0.02679155425,1
improved,0.0,physical_raw,7,s2-s3,1,svd+ransac,59,51,8,8,1,0.1953513141,0.02091177505,0.02679155425,1
improved,0.0,physical_raw,7,s2-s4,1,svd,59,63,3,3,1,0.2476864434,0.08535779066,0.08655085085,1
improved,0.0,physical_raw,7,s2-s4,1,svd+ransac,59,63,3,3,1,0.2476864434,0.08535779066,0.08655085085,1
improved,0.0,physical_raw,7,s2-s5,1,svd,59,88,11,11,1,0.3560676383,0.01581371041,0.03109897132,1
improved,0.0,physical_raw,7,s2-s5,1,svd+ransac,59,88,11,11,1,0.265028044,0.02255140003,0.03007394791,1
improved,0.0,physical_raw,7,s2-s6,0,svd,59,97,7,7,1,0.9884377854,0.04428693391,0.07845108111,1
improved,0.0,physical_raw,7,s2-s6,0,svd+ransac,59,97,7,7,1,0.9884377854,0.04428693391,0.07845108111,1
improved,0.0,physical_raw,7,s3-s4,1,svd,51,63,3,3,1,3.461011793,0.3847517171,0.4277327257,0
improved,0.0,physical_raw,7,s3-s4,1,svd+ransac,51,63,3,3,1,3.461011793,0.3847517171,0.4277327257,0
improved,0.0,physical_raw,7,s3-s5,1,svd,51,88,3,3,1,4.979094154,1.369800586,1.385675226,0
improved,0.0,physical_raw,7,s3-s5,1,svd+ransac,51,88,3,3,1,4.979094154,1.369800586,1.385675226,0
improved,0.0,physical_raw,7,s3-s6,0,svd,51,97,1,1,0,nan,nan,nan,0
improved,0.0,physical_raw,7,s3-s6,0,svd+ransac,51,97,1,1,0,nan,nan,nan,0
improved,0.0,physical_raw,7,s4-s5,1,svd,63,88,5,5,1,0.5757098812,0.1021832785,0.1089763024,1
improved,0.0,physical_raw,7,s4-s5,1,svd+ransac,63,88,5,5,1,0.5757098812,0.1021832785,0.1089763024,1
improved,0.0,physical_raw,7,s4-s6,1,svd,63,97,7,7,1,0.2128494935,0.09699261302,0.09828803392,1
improved,0.0,physical_raw,7,s4-s6,1,svd+ransac,63,97,7,7,1,0.2128494935,0.09699261302,0.09828803392,1
improved,0.0,physical_raw,7,s5-s6,1,svd,88,97,12,12,1,2.146391282,0.0646954144,0.1440816295,0
improved,0.0,physical_raw,7,s5-s6,1,svd+ransac,88,97,12,12,1,0.3019145222,0.0203861983,0.03081591735,1
improved,0.0,physical_raw,8,s1-s2,1,svd,62,63,3,3,1,0.0574522638,0.0118686972,0.01318941338,1
improved,0.0,physical_raw,8,s1-s2,1,svd+ransac,62,63,3,3,1,0.0574522638,0.0118686972,0.01318941338,1
improved,0.0,physical_raw,8,s1-s3,1,svd,62,50,7,7,1,0.4690990058,0.06020353045,0.06601521433,1
improved,0.0,physical_raw,8,s1-s3,1,svd+ransac,62,50,7,7,1,0.4690990058,0.06020353045,0.06601521433,1
improved,0.0,physical_raw,8,s1-s4,0,svd,62,64,2,2,0,nan,nan,nan,0
improved,0.0,physical_raw,8,s1-s4,0,svd+ransac,62,64,2,2,0,nan,nan,nan,0
improved,0.0,physical_raw,8,s1-s5,0,svd,62,91,10,10,1,1.421227635,0.1377283549,0.1609811176,1
improved,0.0,physical_raw,8,s1-s5,0,svd+ransac,62,91,10,10,1,1.069252165,0.1463099898,0.1598492656,1
improved,0.0,physical_raw,8,s1-s6,0,svd,62,105,4,4,1,0.8913207506,0.2171310927,0.222376952,1
improved,0.0,physical_raw,8,s1-s6,0,svd+ransac,62,105,4,4,1,1.050295708,0.1695895944,0.1812857065,1
improved,0.0,physical_raw,8,s2-s3,1,svd,63,50,5,5,1,0.3692561563,0.03213616961,0.03976793882,1
improved,0.0,physical_raw,8,s2-s3,1,svd+ransac,63,50,5,5,1,0.3692561563,0.03213616961,0.03976793882,1
improved,0.0,physical_raw,8,s2-s4,1,svd,63,64,4,4,1,1.715942829,0.04826527788,0.108520366,1
improved,0.0,physical_raw,8,s2-s4,1,svd+ransac,63,64,4,4,1,1.715942829,0.04826527788,0.108520366,1
improved,0.0,physical_raw,8,s2-s5,1,svd,63,91,3,3,1,0.5470852366,0.02461098707,0.0461777113,1
improved,0.0,physical_raw,8,s2-s5,1,svd+ransac,63,91,3,3,1,0.5470852366,0.02461098707,0.0461777113,1
improved,0.0,physical_raw,8,s2-s6,0,svd,63,105,5,5,1,0.7930356019,0.01484660353,0.05339218914,1
improved,0.0,physical_raw,8,s2-s6,0,svd+ransac,63,105,5,5,1,7.275276178,0.3252252424,0.5210898338,0
improved,0.0,physical_raw,8,s3-s4,1,svd,50,64,2,2,0,nan,nan,nan,0
improved,0.0,physical_raw,8,s3-s4,1,svd+ransac,50,64,2,2,0,nan,nan,nan,0
improved,0.0,physical_raw,8,s3-s5,1,svd,50,91,4,4,1,0.359995968,0.08835377816,0.09046487183,1
improved,0.0,physical_raw,8,s3-s5,1,svd+ransac,50,91,4,4,1,0.359995968,0.08835377816,0.09046487183,1
improved,0.0,physical_raw,8,s3-s6,0,svd,50,105,5,5,1,1.041152924,0.4768416592,0.4745143703,1
improved,0.0,physical_raw,8,s3-s6,0,svd+ransac,50,105,5,5,1,1.041152924,0.4768416592,0.4745143703,1
improved,0.0,physical_raw,8,s4-s5,1,svd,64,91,7,7,1,0.3464196304,0.07686063236,0.08030542223,1
improved,0.0,physical_raw,8,s4-s5,1,svd+ransac,64,91,7,7,1,0.3464196304,0.07686063236,0.08030542223,1
improved,0.0,physical_raw,8,s4-s6,1,svd,64,105,9,9,1,0.98314879,0.06278640404,0.09163274197,1
improved,0.0,physical_raw,8,s4-s6,1,svd+ransac,64,105,9,9,1,0.98314879,0.06278640404,0.09163274197,1
improved,0.0,physical_raw,8,s5-s6,1,svd,91,105,5,5,1,0.7013979746,0.02585760891,0.04936390446,1
improved,0.0,physical_raw,8,s5-s6,1,svd+ransac,91,105,5,5,1,0.7013979746,0.02585760891,0.04936390446,1
improved,0.0,physical_raw,9,s1-s2,1,svd,57,67,7,7,1,0.2601876458,0.02666660823,0.03387064132,1
improved,0.0,physical_raw,9,s1-s2,1,svd+ransac,57,67,7,7,1,0.2601876458,0.02666660823,0.03387064132,1
improved,0.0,physical_raw,9,s1-s3,1,svd,57,52,5,5,1,0.336138982,0.03827700976,0.04259890222,1
improved,0.0,physical_raw,9,s1-s3,1,svd+ransac,57,52,5,5,1,0.336138982,0.03827700976,0.04259890222,1
improved,0.0,physical_raw,9,s1-s4,0,svd,57,62,3,3,1,0.4786653707,0.1069360695,0.1110091589,1
improved,0.0,physical_raw,9,s1-s4,0,svd+ransac,57,62,3,3,1,0.4786653707,0.1069360695,0.1110091589,1
improved,0.0,physical_raw,9,s1-s5,0,svd,57,83,10,10,1,0.425536687,0.05973359314,0.06450959051,1
improved,0.0,physical_raw,9,s1-s5,0,svd+ransac,57,83,10,10,1,0.425536687,0.05973359314,0.06450959051,1
improved,0.0,physical_raw,9,s1-s6,0,svd,57,105,5,5,1,0.7349204834,0.1781661548,0.1817954905,1
improved,0.0,physical_raw,9,s1-s6,0,svd+ransac,57,105,5,5,1,0.7349204834,0.1781661548,0.1817954905,1
improved,0.0,physical_raw,9,s2-s3,1,svd,67,52,6,6,1,0.1792269507,0.01880323544,0.02389590847,1
improved,0.0,physical_raw,9,s2-s3,1,svd+ransac,67,52,6,6,1,0.1792269507,0.01880323544,0.02389590847,1
improved,0.0,physical_raw,9,s2-s4,1,svd,67,62,4,4,1,1.227786576,0.02486416261,0.08127529919,1
improved,0.0,physical_raw,9,s2-s4,1,svd+ransac,67,62,4,4,1,0.1782783021,0.08036896087,0.08234644462,1
improved,0.0,physical_raw,9,s2-s5,1,svd,67,83,3,3,1,0.6767648123,0.07675393932,0.08932332786,1
improved,0.0,physical_raw,9,s2-s5,1,svd+ransac,67,83,3,3,1,0.6767648123,0.07675393932,0.08932332786,1
improved,0.0,physical_raw,9,s2-s6,0,svd,67,105,4,4,1,0.1895470744,0.03427664754,0.03742862325,1
improved,0.0,physical_raw,9,s2-s6,0,svd+ransac,67,105,4,4,1,0.1895470744,0.03427664754,0.03742862325,1
improved,0.0,physical_raw,9,s3-s4,1,svd,52,62,6,6,1,0.9118240575,0.1033860923,0.117716166,1
improved,0.0,physical_raw,9,s3-s4,1,svd+ransac,52,62,6,6,1,0.9118240575,0.1033860923,0.117716166,1
improved,0.0,physical_raw,9,s3-s5,1,svd,52,83,4,4,1,0.3771178572,0.09765889541,0.09863594133,1
improved,0.0,physical_raw,9,s3-s5,1,svd+ransac,52,83,4,4,1,0.3771178572,0.09765889541,0.09863594133,1
improved,0.0,physical_raw,9,s3-s6,0,svd,52,105,7,7,1,0.5214554676,0.01262643696,0.03882229482,1
improved,0.0,physical_raw,9,s3-s6,0,svd+ransac,52,105,7,7,1,0.5214554676,0.01262643696,0.03882229482,1
improved,0.0,physical_raw,9,s4-s5,1,svd,62,83,3,3,1,4.802799987,0.5665720565,0.6554717251,0
improved,0.0,physical_raw,9,s4-s5,1,svd+ransac,62,83,3,3,1,4.802799987,0.5665720565,0.6554717251,0
improved,0.0,physical_raw,9,s4-s6,1,svd,62,105,7,7,1,0.243578516,0.1068906468,0.1078100085,1
improved,0.0,physical_raw,9,s4-s6,1,svd+ransac,62,105,7,7,1,0.243578516,0.1068906468,0.1078100085,1
improved,0.0,physical_raw,9,s5-s6,1,svd,83,105,12,12,1,1.485445266,0.0617640971,0.1077404869,1
improved,0.0,physical_raw,9,s5-s6,1,svd+ransac,83,105,12,12,1,0.249089187,0.04519223512,0.04892344891,1
improved,0.0,physical_raw,10,s1-s2,1,svd,58,66,8,8,1,0.2064091864,0.03864005862,0.04126982837,1
improved,0.0,physical_raw,10,s1-s2,1,svd+ransac,58,66,8,8,1,0.2064091864,0.03864005862,0.04126982837,1
improved,0.0,physical_raw,10,s1-s3,1,svd,58,50,7,7,1,0.3664495675,0.04598282774,0.04994222578,1
improved,0.0,physical_raw,10,s1-s3,1,svd+ransac,58,50,7,7,1,0.3664495675,0.04598282774,0.04994222578,1
improved,0.0,physical_raw,10,s1-s4,0,svd,58,64,8,8,1,2.280966004,0.1462459562,0.1983364886,0
improved,0.0,physical_raw,10,s1-s4,0,svd+ransac,58,64,8,8,1,3.073377328,0.2078656398,0.2730169323,0
improved,0.0,physical_raw,10,s1-s5,0,svd,58,82,4,4,1,0.5049497696,0.1323321816,0.1346571946,1
improved,0.0,physical_raw,10,s1-s5,0,svd+ransac,58,82,4,4,1,0.5049497696,0.1323321816,0.1346571946,1
improved,0.0,physical_raw,10,s1-s6,0,svd,58,102,0,0,0,nan,nan,nan,0
improved,0.0,physical_raw,10,s1-s6,0,svd+ransac,58,102,0,0,0,nan,nan,nan,0
improved,0.0,physical_raw,10,s2-s3,1,svd,66,50,9,9,1,0.09686324531,0.02867581158,0.03037405719,1
improved,0.0,physical_raw,10,s2-s3,1,svd+ransac,66,50,9,9,1,0.09686324531,0.02867581158,0.03037405719,1
improved,0.0,physical_raw,10,s2-s4,1,svd,66,64,2,2,0,nan,nan,nan,0
improved,0.0,physical_raw,10,s2-s4,1,svd+ransac,66,64,2,2,0,nan,nan,nan,0
improved,0.0,physical_raw,10,s2-s5,1,svd,66,82,1,1,0,nan,nan,nan,0
improved,0.0,physical_raw,10,s2-s5,1,svd+ransac,66,82,1,1,0,nan,nan,nan,0
improved,0.0,physical_raw,10,s2-s6,0,svd,66,102,2,2,0,nan,nan,nan,0
improved,0.0,physical_raw,10,s2-s6,0,svd+ransac,66,102,2,2,0,nan,nan,nan,0
improved,0.0,physical_raw,10,s3-s4,1,svd,50,64,5,5,1,0.8643624147,0.08004899185,0.09801300138,1
improved,0.0,physical_raw,10,s3-s4,1,svd+ransac,50,64,5,5,1,0.8643624147,0.08004899185,0.09801300138,1
improved,0.0,physical_raw,10,s3-s5,1,svd,50,82,4,4,1,0.8076147386,0.1963194925,0.2001501756,1
improved,0.0,physical_raw,10,s3-s5,1,svd+ransac,50,82,4,4,1,4.298637624,0.6054864222,0.6463662546,0
improved,0.0,physical_raw,10,s3-s6,0,svd,50,102,0,0,0,nan,nan,nan,0
improved,0.0,physical_raw,10,s3-s6,0,svd+ransac,50,102,0,0,0,nan,nan,nan,0
improved,0.0,physical_raw,10,s4-s5,1,svd,64,82,7,7,1,0.4471144369,0.07166724939,0.0778338008,1
improved,0.0,physical_raw,10,s4-s5,1,svd+ransac,64,82,7,7,1,0.4471144369,0.07166724939,0.0778338008,1
improved,0.0,physical_raw,10,s4-s6,1,svd,64,102,5,5,1,0.5375407095,0.09948170709,0.1045920653,1
improved,0.0,physical_raw,10,s4-s6,1,svd+ransac,64,102,5,5,1,0.5375407095,0.09948170709,0.1045920653,1
improved,0.0,physical_raw,10,s5-s6,1,svd,82,102,8,8,1,0.587928453,0.06291749884,0.07587716292,1
improved,0.0,physical_raw,10,s5-s6,1,svd+ransac,82,102,8,8,1,0.587928453,0.06291749884,0.07587716292,1
improved,0.0,linear_matched,1,s1-s2,1,svd,58,60,7,7,1,0.2804053216,0.02607359501,0.03310842576,1
improved,0.0,linear_matched,1,s1-s2,1,svd+ransac,58,60,7,7,1,0.2804053216,0.02607359501,0.03310842576,1
improved,0.0,linear_matched,1,s1-s3,1,svd,58,51,10,10,1,0.3811934117,0.03382031832,0.04430332192,1
improved,0.0,linear_matched,1,s1-s3,1,svd+ransac,58,51,10,10,1,0.3811934117,0.03382031832,0.04430332192,1
improved,0.0,linear_matched,1,s1-s4,0,svd,58,69,7,7,1,0.6970631963,0.03781485187,0.05771477968,1
improved,0.0,linear_matched,1,s1-s4,0,svd+ransac,58,69,7,7,1,0.6970631963,0.03781485187,0.05771477968,1
improved,0.0,linear_matched,1,s1-s5,0,svd,58,85,0,0,0,nan,nan,nan,0
improved,0.0,linear_matched,1,s1-s5,0,svd+ransac,58,85,0,0,0,nan,nan,nan,0
improved,0.0,linear_matched,1,s1-s6,0,svd,58,104,5,5,1,1.406504175,0.09119204639,0.1246686262,1
improved,0.0,linear_matched,1,s1-s6,0,svd+ransac,58,104,5,5,1,1.672755795,0.06521733658,0.1166039669,1
improved,0.0,linear_matched,1,s2-s3,1,svd,60,51,6,6,1,0.561617283,0.09833459961,0.1014538981,1
improved,0.0,linear_matched,1,s2-s3,1,svd+ransac,60,51,6,6,1,0.561617283,0.09833459961,0.1014538981,1
improved,0.0,linear_matched,1,s2-s4,1,svd,60,69,1,1,0,nan,nan,nan,0
improved,0.0,linear_matched,1,s2-s4,1,svd+ransac,60,69,1,1,0,nan,nan,nan,0
improved,0.0,linear_matched,1,s2-s5,1,svd,60,85,2,2,0,nan,nan,nan,0
improved,0.0,linear_matched,1,s2-s5,1,svd+ransac,60,85,2,2,0,nan,nan,nan,0
improved,0.0,linear_matched,1,s2-s6,0,svd,60,104,6,6,1,0.2962410978,0.1006371604,0.1036822951,1
improved,0.0,linear_matched,1,s2-s6,0,svd+ransac,60,104,6,6,1,0.2962410978,0.1006371604,0.1036822951,1
improved,0.0,linear_matched,1,s3-s4,1,svd,51,69,1,1,0,nan,nan,nan,0
improved,0.0,linear_matched,1,s3-s4,1,svd+ransac,51,69,1,1,0,nan,nan,nan,0
improved,0.0,linear_matched,1,s3-s5,1,svd,51,85,5,5,1,0.3986784416,0.1005584228,0.1017155725,1
improved,0.0,linear_matched,1,s3-s5,1,svd+ransac,51,85,5,5,1,0.3986784416,0.1005584228,0.1017155725,1
improved,0.0,linear_matched,1,s3-s6,0,svd,51,104,0,0,0,nan,nan,nan,0
improved,0.0,linear_matched,1,s3-s6,0,svd+ransac,51,104,0,0,0,nan,nan,nan,0
improved,0.0,linear_matched,1,s4-s5,1,svd,69,85,7,7,1,0.1882913257,0.04629489256,0.04853010884,1
improved,0.0,linear_matched,1,s4-s5,1,svd+ransac,69,85,7,7,1,0.1882913257,0.04629489256,0.04853010884,1
improved,0.0,linear_matched,1,s4-s6,1,svd,69,104,6,6,1,0.1758274182,0.05514130894,0.05748206898,1
improved,0.0,linear_matched,1,s4-s6,1,svd+ransac,69,104,6,6,1,0.1758274182,0.05514130894,0.05748206898,1
improved,0.0,linear_matched,1,s5-s6,1,svd,85,104,8,8,1,0.5090026638,0.026889558,0.03970385205,1
improved,0.0,linear_matched,1,s5-s6,1,svd+ransac,85,104,8,8,1,0.5090026638,0.026889558,0.03970385205,1
improved,0.0,linear_matched,2,s1-s2,1,svd,58,62,6,6,1,0.1966247239,0.03462161852,0.03908579759,1
improved,0.0,linear_matched,2,s1-s2,1,svd+ransac,58,62,6,6,1,0.1966247239,0.03462161852,0.03908579759,1
improved,0.0,linear_matched,2,s1-s3,1,svd,58,49,10,10,1,0.4123509494,0.02882478829,0.03998087357,1
improved,0.0,linear_matched,2,s1-s3,1,svd+ransac,58,49,10,10,1,0.4123509494,0.02882478829,0.03998087357,1
improved,0.0,linear_matched,2,s1-s4,0,svd,58,68,7,7,1,1.441856025,0.1366642401,0.1702680522,1
improved,0.0,linear_matched,2,s1-s4,0,svd+ransac,58,68,7,7,1,0.7240285529,0.1402364569,0.1459137907,1
improved,0.0,linear_matched,2,s1-s5,0,svd,58,89,6,6,1,0.6932569113,0.111475861,0.1194687452,1
improved,0.0,linear_matched,2,s1-s5,0,svd+ransac,58,89,6,6,1,0.6932569113,0.111475861,0.1194687452,1
improved,0.0,linear_matched,2,s1-s6,0,svd,58,103,3,3,1,6.819883598,0.5539228011,0.6836938589,0
improved,0.0,linear_matched,2,s1-s6,0,svd+ransac,58,103,3,3,1,6.819883598,0.5539228011,0.6836938589,0
improved,0.0,linear_matched,2,s2-s3,1,svd,62,49,8,8,1,0.523779285,0.06316263193,0.07112254915,1
improved,0.0,linear_matched,2,s2-s3,1,svd+ransac,62,49,8,8,1,0.1946828104,0.01877539245,0.02345660336,1
improved,0.0,linear_matched,2,s2-s4,1,svd,62,68,5,5,1,1.570386669,0.07340215976,0.1174647291,1
improved,0.0,linear_matched,2,s2-s4,1,svd+ransac,62,68,5,5,1,1.570386669,0.07340215976,0.1174647291,1
improved,0.0,linear_matched,2,s2-s5,1,svd,62,89,2,2,0,nan,nan,nan,0
improved,0.0,linear_matched,2,s2-s5,1,svd+ransac,62,89,2,2,0,nan,nan,nan,0
improved,0.0,linear_matched,2,s2-s6,0,svd,62,103,7,7,1,1.02212224,0.04704685167,0.08203840776,1
improved,0.0,linear_matched,2,s2-s6,0,svd+ransac,62,103,7,7,1,1.02212224,0.04704685167,0.08203840776,1
improved,0.0,linear_matched,2,s3-s4,1,svd,49,68,2,2,0,nan,nan,nan,0
improved,0.0,linear_matched,2,s3-s4,1,svd+ransac,49,68,2,2,0,nan,nan,nan,0
improved,0.0,linear_matched,2,s3-s5,1,svd,49,89,3,3,1,1.256455455,0.3601514802,0.3634479875,1
improved,0.0,linear_matched,2,s3-s5,1,svd+ransac,49,89,3,3,1,1.256455455,0.3601514802,0.3634479875,1
improved,0.0,linear_matched,2,s3-s6,0,svd,49,103,1,1,0,nan,nan,nan,0
improved,0.0,linear_matched,2,s3-s6,0,svd+ransac,49,103,1,1,0,nan,nan,nan,0
improved,0.0,linear_matched,2,s4-s5,1,svd,68,89,4,4,1,0.8179888826,0.1258499582,0.136948303,1
improved,0.0,linear_matched,2,s4-s5,1,svd+ransac,68,89,4,4,1,0.8179888826,0.1258499582,0.136948303,1
improved,0.0,linear_matched,2,s4-s6,1,svd,68,103,5,5,1,2.318537403,0.05097412462,0.1525833729,0
improved,0.0,linear_matched,2,s4-s6,1,svd+ransac,68,103,5,5,1,2.318537403,0.05097412462,0.1525833729,0
improved,0.0,linear_matched,2,s5-s6,1,svd,89,103,10,10,1,0.3946085433,0.01698022626,0.0336276466,1
improved,0.0,linear_matched,2,s5-s6,1,svd+ransac,89,103,10,10,1,0.3946085433,0.01698022626,0.0336276466,1
improved,0.0,linear_matched,3,s1-s2,1,svd,59,62,6,6,1,0.2160156839,0.036477446,0.04028313335,1
improved,0.0,linear_matched,3,s1-s2,1,svd+ransac,59,62,6,6,1,0.2160156839,0.036477446,0.04028313335,1
improved,0.0,linear_matched,3,s1-s3,1,svd,59,54,8,8,1,0.4407363258,0.02955384155,0.04121320232,1
improved,0.0,linear_matched,3,s1-s3,1,svd+ransac,59,54,8,8,1,0.4407363258,0.02955384155,0.04121320232,1
improved,0.0,linear_matched,3,s1-s4,0,svd,59,65,1,1,0,nan,nan,nan,0
improved,0.0,linear_matched,3,s1-s4,0,svd+ransac,59,65,1,1,0,nan,nan,nan,0
improved,0.0,linear_matched,3,s1-s5,0,svd,59,87,8,8,1,1.000064132,0.1630314849,0.1731560878,1
improved,0.0,linear_matched,3,s1-s5,0,svd+ransac,59,87,8,8,1,1.000064132,0.1630314849,0.1731560878,1
improved,0.0,linear_matched,3,s1-s6,0,svd,59,102,3,3,1,1.81817838,0.134876884,0.1720274308,1
improved,0.0,linear_matched,3,s1-s6,0,svd+ransac,59,102,3,3,1,1.81817838,0.134876884,0.1720274308,1
improved,0.0,linear_matched,3,s2-s3,1,svd,62,54,9,9,1,0.07014319221,0.01453756842,0.01631482622,1
improved,0.0,linear_matched,3,s2-s3,1,svd+ransac,62,54,9,9,1,0.07014319221,0.01453756842,0.01631482622,1
improved,0.0,linear_matched,3,s2-s4,1,svd,62,65,4,4,1,1.157297232,0.05215198269,0.08931454058,1
improved,0.0,linear_matched,3,s2-s4,1,svd+ransac,62,65,4,4,1,1.990503078,0.1954090252,0.2344865914,1
improved,0.0,linear_matched,3,s2-s5,1,svd,62,87,1,1,0,nan,nan,nan,0
improved,0.0,linear_matched,3,s2-s5,1,svd+ransac,62,87,1,1,0,nan,nan,nan,0
improved,0.0,linear_matched,3,s2-s6,0,svd,62,102,3,3,1,0.4709297314,0.1139207065,0.1203644282,1
improved,0.0,linear_matched,3,s2-s6,0,svd+ransac,62,102,3,3,1,0.4709297314,0.1139207065,0.1203644282,1
improved,0.0,linear_matched,3,s3-s4,1,svd,54,65,5,5,1,0.8600238366,0.09955425616,0.1106739433,1
improved,0.0,linear_matched,3,s3-s4,1,svd+ransac,54,65,5,5,1,0.8600238366,0.09955425616,0.1106739433,1
improved,0.0,linear_matched,3,s3-s5,1,svd,54,87,6,6,1,0.2063178474,0.0316196822,0.03370647225,1
improved,0.0,linear_matched,3,s3-s5,1,svd+ransac,54,87,6,6,1,0.2063178474,0.0316196822,0.03370647225,1
improved,0.0,linear_matched,3,s3-s6,0,svd,54,102,10,10,1,0.6333882258,0.06254371514,0.07198612986,1
improved,0.0,linear_matched,3,s3-s6,0,svd+ransac,54,102,10,10,1,0.6333882258,0.06254371514,0.07198612986,1
improved,0.0,linear_matched,3,s4-s5,1,svd,65,87,6,6,1,0.6202197345,0.09038309736,0.09945392925,1
improved,0.0,linear_matched,3,s4-s5,1,svd+ransac,65,87,6,6,1,0.6202197345,0.09038309736,0.09945392925,1
improved,0.0,linear_matched,3,s4-s6,1,svd,65,102,10,10,1,0.06366318621,0.03854508723,0.03871817164,1
improved,0.0,linear_matched,3,s4-s6,1,svd+ransac,65,102,10,10,1,0.06366318621,0.03854508723,0.03871817164,1
improved,0.0,linear_matched,3,s5-s6,1,svd,87,102,9,9,1,0.4255067638,0.07026688854,0.07591041993,1
improved,0.0,linear_matched,3,s5-s6,1,svd+ransac,87,102,9,9,1,0.4255067638,0.07026688854,0.07591041993,1
improved,0.0,linear_matched,4,s1-s2,1,svd,62,65,9,9,1,0.1886277991,0.0106929548,0.01635669641,1
improved,0.0,linear_matched,4,s1-s2,1,svd+ransac,62,65,9,9,1,0.1886277991,0.0106929548,0.01635669641,1
improved,0.0,linear_matched,4,s1-s3,1,svd,62,49,9,9,1,0.2733171814,0.01602566077,0.02356319484,1
improved,0.0,linear_matched,4,s1-s3,1,svd+ransac,62,49,9,9,1,0.2733171814,0.01602566077,0.02356319484,1
improved,0.0,linear_matched,4,s1-s4,0,svd,62,61,4,4,1,0.209665262,0.03921037234,0.04319491687,1
improved,0.0,linear_matched,4,s1-s4,0,svd+ransac,62,61,4,4,1,0.209665262,0.03921037234,0.04319491687,1
improved,0.0,linear_matched,4,s1-s5,0,svd,62,84,5,5,1,0.431057932,0.05990908294,0.0672734261,1
improved,0.0,linear_matched,4,s1-s5,0,svd+ransac,62,84,5,5,1,0.431057932,0.05990908294,0.0672734261,1
improved,0.0,linear_matched,4,s1-s6,0,svd,62,101,0,0,0,nan,nan,nan,0
improved,0.0,linear_matched,4,s1-s6,0,svd+ransac,62,101,0,0,0,nan,nan,nan,0
improved,0.0,linear_matched,4,s2-s3,1,svd,65,49,11,11,1,0.08166641428,0.02293486246,0.0241539097,1
improved,0.0,linear_matched,4,s2-s3,1,svd+ransac,65,49,11,11,1,0.08166641428,0.02293486246,0.0241539097,1
improved,0.0,linear_matched,4,s2-s4,1,svd,65,61,5,5,1,1.187505374,0.0465701065,0.08573772066,1
improved,0.0,linear_matched,4,s2-s4,1,svd+ransac,65,61,5,5,1,1.187505374,0.0465701065,0.08573772066,1
improved,0.0,linear_matched,4,s2-s5,1,svd,65,84,4,4,1,0.656775688,0.07902632506,0.0907058659,1
improved,0.0,linear_matched,4,s2-s5,1,svd+ransac,65,84,4,4,1,0.656775688,0.07902632506,0.0907058659,1
improved,0.0,linear_matched,4,s2-s6,0,svd,65,101,6,6,1,0.8088850741,0.05262986074,0.07505416084,1
improved,0.0,linear_matched,4,s2-s6,0,svd+ransac,65,101,6,6,1,0.8088850741,0.05262986074,0.07505416084,1
improved,0.0,linear_matched,4,s3-s4,1,svd,49,61,1,1,0,nan,nan,nan,0
improved,0.0,linear_matched,4,s3-s4,1,svd+ransac,49,61,1,1,0,nan,nan,nan,0
improved,0.0,linear_matched,4,s3-s5,1,svd,49,84,1,1,0,nan,nan,nan,0
improved,0.0,linear_matched,4,s3-s5,1,svd+ransac,49,84,1,1,0,nan,nan,nan,0
improved,0.0,linear_matched,4,s3-s6,0,svd,49,101,11,11,1,0.6106931453,0.05596485099,0.07530323065,1
improved,0.0,linear_matched,4,s3-s6,0,svd+ransac,49,101,11,11,1,0.6106931453,0.05596485099,0.07530323065,1
improved,0.0,linear_matched,4,s4-s5,1,svd,61,84,10,10,1,0.4743412518,0.06918768917,0.07618937284,1
improved,0.0,linear_matched,4,s4-s5,1,svd+ransac,61,84,10,10,1,0.4743412518,0.06918768917,0.07618937284,1
improved,0.0,linear_matched,4,s4-s6,1,svd,61,101,9,9,1,0.185628175,0.07794585521,0.07904050101,1
improved,0.0,linear_matched,4,s4-s6,1,svd+ransac,61,101,9,9,1,0.185628175,0.07794585521,0.07904050101,1
improved,0.0,linear_matched,4,s5-s6,1,svd,84,101,7,7,1,0.1636291402,0.06403614875,0.06391759175,1
improved,0.0,linear_matched,4,s5-s6,1,svd+ransac,84,101,7,7,1,0.1636291402,0.06403614875,0.06391759175,1
improved,0.0,linear_matched,5,s1-s2,1,svd,64,59,5,5,1,0.5166941933,0.08018586638,0.08531438383,1
improved,0.0,linear_matched,5,s1-s2,1,svd+ransac,64,59,5,5,1,0.5166941933,0.08018586638,0.08531438383,1
improved,0.0,linear_matched,5,s1-s3,1,svd,64,55,9,9,1,0.3584840442,0.02957844077,0.03595828456,1
improved,0.0,linear_matched,5,s1-s3,1,svd+ransac,64,55,9,9,1,0.3584840442,0.02957844077,0.03595828456,1
improved,0.0,linear_matched,5,s1-s4,0,svd,64,65,4,4,1,0.7149034579,0.1562300852,0.1620869794,1
improved,0.0,linear_matched,5,s1-s4,0,svd+ransac,64,65,4,4,1,0.7149034579,0.1562300852,0.1620869794,1
improved,0.0,linear_matched,5,s1-s5,0,svd,64,82,0,0,0,nan,nan,nan,0
improved,0.0,linear_matched,5,s1-s5,0,svd+ransac,64,82,0,0,0,nan,nan,nan,0
improved,0.0,linear_matched,5,s1-s6,0,svd,64,103,0,0,0,nan,nan,nan,0
improved,0.0,linear_matched,5,s1-s6,0,svd+ransac,64,103,0,0,0,nan,nan,nan,0
improved,0.0,linear_matched,5,s2-s3,1,svd,59,55,12,12,1,0.0935810215,0.02104752661,0.02248959699,1
improved,0.0,linear_matched,5,s2-s3,1,svd+ransac,59,55,12,12,1,0.0935810215,0.02104752661,0.02248959699,1
improved,0.0,linear_matched,5,s2-s4,1,svd,59,65,6,6,1,1.033796804,0.03873955304,0.07657388946,1
improved,0.0,linear_matched,5,s2-s4,1,svd+ransac,59,65,6,6,1,1.033796804,0.03873955304,0.07657388946,1
improved,0.0,linear_matched,5,s2-s5,1,svd,59,82,5,5,1,0.5968538546,0.06220218263,0.07579949704,1
improved,0.0,linear_matched,5,s2-s5,1,svd+ransac,59,82,5,5,1,0.5968538546,0.06220218263,0.07579949704,1
improved,0.0,linear_matched,5,s2-s6,0,svd,59,103,2,2,0,nan,nan,nan,0
improved,0.0,linear_matched,5,s2-s6,0,svd+ransac,59,103,2,2,0,nan,nan,nan,0
improved,0.0,linear_matched,5,s3-s4,1,svd,55,65,1,1,0,nan,nan,nan,0
improved,0.0,linear_matched,5,s3-s4,1,svd+ransac,55,65,1,1,0,nan,nan,nan,0
improved,0.0,linear_matched,5,s3-s5,1,svd,55,82,2,2,0,nan,nan,nan,0
improved,0.0,linear_matched,5,s3-s5,1,svd+ransac,55,82,2,2,0,nan,nan,nan,0
improved,0.0,linear_matched,5,s3-s6,0,svd,55,103,2,2,0,nan,nan,nan,0
improved,0.0,linear_matched,5,s3-s6,0,svd+ransac,55,103,2,2,0,nan,nan,nan,0
improved,0.0,linear_matched,5,s4-s5,1,svd,65,82,7,7,1,0.4432369913,0.07978177534,0.08496632862,1
improved,0.0,linear_matched,5,s4-s5,1,svd+ransac,65,82,7,7,1,0.4432369913,0.07978177534,0.08496632862,1
improved,0.0,linear_matched,5,s4-s6,1,svd,65,103,1,1,0,nan,nan,nan,0
improved,0.0,linear_matched,5,s4-s6,1,svd+ransac,65,103,1,1,0,nan,nan,nan,0
improved,0.0,linear_matched,5,s5-s6,1,svd,82,103,3,3,1,0.6222837647,0.03249919994,0.04925911746,1
improved,0.0,linear_matched,5,s5-s6,1,svd+ransac,82,103,3,3,1,0.6222837647,0.03249919994,0.04925911746,1
improved,0.0,linear_matched,6,s1-s2,1,svd,58,63,5,5,1,0.1651302592,0.0292284863,0.03060698083,1
improved,0.0,linear_matched,6,s1-s2,1,svd+ransac,58,63,5,5,1,0.1651302592,0.0292284863,0.03060698083,1
improved,0.0,linear_matched,6,s1-s3,1,svd,58,48,5,5,1,0.4443228516,0.03884064678,0.04616958649,1
improved,0.0,linear_matched,6,s1-s3,1,svd+ransac,58,48,5,5,1,0.4443228516,0.03884064678,0.04616958649,1
improved,0.0,linear_matched,6,s1-s4,0,svd,58,68,0,0,0,nan,nan,nan,0
improved,0.0,linear_matched,6,s1-s4,0,svd+ransac,58,68,0,0,0,nan,nan,nan,0
improved,0.0,linear_matched,6,s1-s5,0,svd,58,83,0,0,0,nan,nan,nan,0
improved,0.0,linear_matched,6,s1-s5,0,svd+ransac,58,83,0,0,0,nan,nan,nan,0
improved,0.0,linear_matched,6,s1-s6,0,svd,58,103,4,4,1,1.656479945,0.06038152963,0.1288252851,1
improved,0.0,linear_matched,6,s1-s6,0,svd+ransac,58,103,4,4,1,1.656479945,0.06038152963,0.1288252851,1
improved,0.0,linear_matched,6,s2-s3,1,svd,63,48,6,6,1,0.4107179689,0.06929296446,0.07190779996,1
improved,0.0,linear_matched,6,s2-s3,1,svd+ransac,63,48,6,6,1,0.4107179689,0.06929296446,0.07190779996,1
improved,0.0,linear_matched,6,s2-s4,1,svd,63,68,2,2,0,nan,nan,nan,0
improved,0.0,linear_matched,6,s2-s4,1,svd+ransac,63,68,2,2,0,nan,nan,nan,0
improved,0.0,linear_matched,6,s2-s5,1,svd,63,83,1,1,0,nan,nan,nan,0
improved,0.0,linear_matched,6,s2-s5,1,svd+ransac,63,83,1,1,0,nan,nan,nan,0
improved,0.0,linear_matched,6,s2-s6,0,svd,63,103,11,11,1,0.4173261103,0.04067376945,0.05036506844,1
improved,0.0,linear_matched,6,s2-s6,0,svd+ransac,63,103,11,11,1,0.4173261103,0.04067376945,0.05036506844,1
improved,0.0,linear_matched,6,s3-s4,1,svd,48,68,4,4,1,0.6253948654,0.03812484886,0.05099465314,1
improved,0.0,linear_matched,6,s3-s4,1,svd+ransac,48,68,4,4,1,0.6253948654,0.03812484886,0.05099465314,1
improved,0.0,linear_matched,6,s3-s5,1,svd,48,83,1,1,0,nan,nan,nan,0
improved,0.0,linear_matched,6,s3-s5,1,svd+ransac,48,83,1,1,0,nan,nan,nan,0
improved,0.0,linear_matched,6,s3-s6,0,svd,48,103,2,2,0,nan,nan,nan,0
improved,0.0,linear_matched,6,s3-s6,0,svd+ransac,48,103,2,2,0,nan,nan,nan,0
improved,0.0,linear_matched,6,s4-s5,1,svd,68,83,9,9,1,0.4057400757,0.07461788017,0.07914970164,1
improved,0.0,linear_matched,6,s4-s5,1,svd+ransac,68,83,9,9,1,0.4057400757,0.07461788017,0.07914970164,1
improved,0.0,linear_matched,6,s4-s6,1,svd,68,103,6,6,1,0.725026877,0.1173861204,0.127935496,1
improved,0.0,linear_matched,6,s4-s6,1,svd+ransac,68,103,6,6,1,0.725026877,0.1173861204,0.127935496,1
improved,0.0,linear_matched,6,s5-s6,1,svd,83,103,11,11,1,0.3737623276,0.01476622258,0.02849240863,1
improved,0.0,linear_matched,6,s5-s6,1,svd+ransac,83,103,11,11,1,0.3737623276,0.01476622258,0.02849240863,1
improved,0.0,linear_matched,7,s1-s2,1,svd,58,60,2,2,0,nan,nan,nan,0
improved,0.0,linear_matched,7,s1-s2,1,svd+ransac,58,60,2,2,0,nan,nan,nan,0
improved,0.0,linear_matched,7,s1-s3,1,svd,58,51,1,1,0,nan,nan,nan,0
improved,0.0,linear_matched,7,s1-s3,1,svd+ransac,58,51,1,1,0,nan,nan,nan,0
improved,0.0,linear_matched,7,s1-s4,0,svd,58,64,7,7,1,3.340066947,0.2244262394,0.2878793904,0
improved,0.0,linear_matched,7,s1-s4,0,svd+ransac,58,64,7,7,1,3.970567071,0.5336699329,0.5722236964,0
improved,0.0,linear_matched,7,s1-s5,0,svd,58,87,0,0,0,nan,nan,nan,0
improved,0.0,linear_matched,7,s1-s5,0,svd+ransac,58,87,0,0,0,nan,nan,nan,0
improved,0.0,linear_matched,7,s1-s6,0,svd,58,96,4,4,1,0.9510391756,0.1858586731,0.1914045757,1
improved,0.0,linear_matched,7,s1-s6,0,svd+ransac,58,96,4,4,1,0.9510391756,0.1858586731,0.1914045757,1
improved,0.0,linear_matched,7,s2-s3,1,svd,60,51,7,7,1,0.2465038544,0.03032284333,0.03498239021,1
improved,0.0,linear_matched,7,s2-s3,1,svd+ransac,60,51,7,7,1,0.2465038544,0.03032284333,0.03498239021,1
improved,0.0,linear_matched,7,s2-s4,1,svd,60,64,3,3,1,0.7932683426,0.01774895056,0.0586466121,1
improved,0.0,linear_matched,7,s2-s4,1,svd+ransac,60,64,3,3,1,0.7932683426,0.01774895056,0.0586466121,1
improved,0.0,linear_matched,7,s2-s5,1,svd,60,87,3,3,1,0.2960541678,0.03057730095,0.03688148075,1
improved,0.0,linear_matched,7,s2-s5,1,svd+ransac,60,87,3,3,1,0.2960541678,0.03057730095,0.03688148075,1
improved,0.0,linear_matched,7,s2-s6,0,svd,60,96,8,8,1,0.7460520946,0.02190032389,0.05175558168,1
improved,0.0,linear_matched,7,s2-s6,0,svd+ransac,60,96,8,8,1,0.7460520946,0.02190032389,0.05175558168,1
improved,0.0,linear_matched,7,s3-s4,1,svd,51,64,6,6,1,0.671915575,0.0287688553,0.05238419589,1
improved,0.0,linear_matched,7,s3-s4,1,svd+ransac,51,64,6,6,1,0.671915575,0.0287688553,0.05238419589,1
improved,0.0,linear_matched,7,s3-s5,1,svd,51,87,5,5,1,0.2101504817,0.03073879901,0.03381604378,1
improved,0.0,linear_matched,7,s3-s5,1,svd+ransac,51,87,5,5,1,0.2101504817,0.03073879901,0.03381604378,1
improved,0.0,linear_matched,7,s3-s6,0,svd,51,96,1,1,0,nan,nan,nan,0
improved,0.0,linear_matched,7,s3-s6,0,svd+ransac,51,96,1,1,0,nan,nan,nan,0
improved,0.0,linear_matched,7,s4-s5,1,svd,64,87,7,7,1,0.4164231207,0.0792498698,0.08415196157,1
improved,0.0,linear_matched,7,s4-s5,1,svd+ransac,64,87,7,7,1,0.4164231207,0.0792498698,0.08415196157,1
improved,0.0,linear_matched,7,s4-s6,1,svd,64,96,11,11,1,0.09889385027,0.03301641542,0.03398382407,1
improved,0.0,linear_matched,7,s4-s6,1,svd+ransac,64,96,11,11,1,0.09889385027,0.03301641542,0.03398382407,1
improved,0.0,linear_matched,7,s5-s6,1,svd,87,96,10,10,1,2.566034438,0.07276890256,0.1639659561,0
improved,0.0,linear_matched,7,s5-s6,1,svd+ransac,87,96,10,10,1,3.22535573,0.1223233927,0.2165272661,0
improved,0.0,linear_matched,8,s1-s2,1,svd,60,63,4,4,1,0.08862675012,0.02851556017,0.02972091754,1
improved,0.0,linear_matched,8,s1-s2,1,svd+ransac,60,63,4,4,1,0.08862675012,0.02851556017,0.02972091754,1
improved,0.0,linear_matched,8,s1-s3,1,svd,60,48,8,8,1,0.2800176965,0.02514956089,0.02994794104,1
improved,0.0,linear_matched,8,s1-s3,1,svd+ransac,60,48,8,8,1,0.2800176965,0.02514956089,0.02994794104,1
improved,0.0,linear_matched,8,s1-s4,0,svd,60,63,0,0,0,nan,nan,nan,0
improved,0.0,linear_matched,8,s1-s4,0,svd+ransac,60,63,0,0,0,nan,nan,nan,0
improved,0.0,linear_matched,8,s1-s5,0,svd,60,93,7,7,1,0.5843392002,0.106235736,0.1107135096,1
improved,0.0,linear_matched,8,s1-s5,0,svd+ransac,60,93,7,7,1,0.5843392002,0.106235736,0.1107135096,1
improved,0.0,linear_matched,8,s1-s6,0,svd,60,106,5,5,1,0.7405713095,0.07544573647,0.08770307896,1
improved,0.0,linear_matched,8,s1-s6,0,svd+ransac,60,106,5,5,1,0.9404434488,0.05607788285,0.07926677302,1
improved,0.0,linear_matched,8,s2-s3,1,svd,63,48,10,10,1,0.0651043786,0.01563052691,0.01673085707,1
improved,0.0,linear_matched,8,s2-s3,1,svd+ransac,63,48,10,10,1,0.0651043786,0.01563052691,0.01673085707,1
improved,0.0,linear_matched,8,s2-s4,1,svd,63,63,5,5,1,1.574339844,0.06271765323,0.1141632509,1
improved,0.0,linear_matched,8,s2-s4,1,svd+ransac,63,63,5,5,1,1.574339844,0.06271765323,0.1141632509,1
improved,0.0,linear_matched,8,s2-s5,1,svd,63,93,5,5,1,0.7653159404,0.02926409911,0.05439989646,1
improved,0.0,linear_matched,8,s2-s5,1,svd+ransac,63,93,5,5,1,0.7653159404,0.02926409911,0.05439989646,1
improved,0.0,linear_matched,8,s2-s6,0,svd,63,106,4,4,1,1.021313883,0.07459042679,0.1029298565,1
improved,0.0,linear_matched,8,s2-s6,0,svd+ransac,63,106,4,4,1,1.021313883,0.07459042679,0.1029298565,1
improved,0.0,linear_matched,8,s3-s4,1,svd,48,63,1,1,0,nan,nan,nan,0
improved,0.0,linear_matched,8,s3-s4,1,svd+ransac,48,63,1,1,0,nan,nan,nan,0
improved,0.0,linear_matched,8,s3-s5,1,svd,48,93,1,1,0,nan,nan,nan,0
improved,0.0,linear_matched,8,s3-s5,1,svd+ransac,48,93,1,1,0,nan,nan,nan,0
improved,0.0,linear_matched,8,s3-s6,0,svd,48,106,7,7,1,0.9179549099,0.2116928127,0.2178388348,1
improved,0.0,linear_matched,8,s3-s6,0,svd+ransac,48,106,7,7,1,0.9179549099,0.2116928127,0.2178388348,1
improved,0.0,linear_matched,8,s4-s5,1,svd,63,93,3,3,1,0.1319723626,0.01783580979,0.01930678364,1
improved,0.0,linear_matched,8,s4-s5,1,svd+ransac,63,93,3,3,1,0.1319723626,0.01783580979,0.01930678364,1
improved,0.0,linear_matched,8,s4-s6,1,svd,63,106,6,6,1,0.8905852139,0.1002704329,0.1185522211,1
improved,0.0,linear_matched,8,s4-s6,1,svd+ransac,63,106,6,6,1,0.8905852139,0.1002704329,0.1185522211,1
improved,0.0,linear_matched,8,s5-s6,1,svd,93,106,2,2,0,nan,nan,nan,0
improved,0.0,linear_matched,8,s5-s6,1,svd+ransac,93,106,2,2,0,nan,nan,nan,0
improved,0.0,linear_matched,9,s1-s2,1,svd,59,70,3,3,1,1.943104856,0.211713456,0.2483418463,1
improved,0.0,linear_matched,9,s1-s2,1,svd+ransac,59,70,3,3,1,1.943104856,0.211713456,0.2483418463,1
improved,0.0,linear_matched,9,s1-s3,1,svd,59,54,9,9,1,0.3741241465,0.03085752834,0.03933117538,1
improved,0.0,linear_matched,9,s1-s3,1,svd+ransac,59,54,9,9,1,0.3741241465,0.03085752834,0.03933117538,1
improved,0.0,linear_matched,9,s1-s4,0,svd,59,63,0,0,0,nan,nan,nan,0
improved,0.0,linear_matched,9,s1-s4,0,svd+ransac,59,63,0,0,0,nan,nan,nan,0
improved,0.0,linear_matched,9,s1-s5,0,svd,59,83,1,1,0,nan,nan,nan,0
improved,0.0,linear_matched,9,s1-s5,0,svd+ransac,59,83,1,1,0,nan,nan,nan,0
improved,0.0,linear_matched,9,s1-s6,0,svd,59,107,3,3,1,1.071685671,0.07813712466,0.1073117162,1
improved,0.0,linear_matched,9,s1-s6,0,svd+ransac,59,107,3,3,1,1.071685671,0.07813712466,0.1073117162,1
improved,0.0,linear_matched,9,s2-s3,1,svd,70,54,4,4,1,1.145966849,0.1054509018,0.1237727595,1
improved,0.0,linear_matched,9,s2-s3,1,svd+ransac,70,54,4,4,1,1.145966849,0.1054509018,0.1237727595,1
improved,0.0,linear_matched,9,s2-s4,1,svd,70,63,1,1,0,nan,nan,nan,0
improved,0.0,linear_matched,9,s2-s4,1,svd+ransac,70,63,1,1,0,nan,nan,nan,0
improved,0.0,linear_matched,9,s2-s5,1,svd,70,83,1,1,0,nan,nan,nan,0
improved,0.0,linear_matched,9,s2-s5,1,svd+ransac,70,83,1,1,0,nan,nan,nan,0
improved,0.0,linear_matched,9,s2-s6,0,svd,70,107,9,9,1,0.7742822209,0.02129644361,0.056444971,1
improved,0.0,linear_matched,9,s2-s6,0,svd+ransac,70,107,9,9,1,0.7742822209,0.02129644361,0.056444971,1
improved,0.0,linear_matched,9,s3-s4,1,svd,54,63,7,7,1,0.4972416904,0.02585632497,0.04044960108,1
improved,0.0,linear_matched,9,s3-s4,1,svd+ransac,54,63,7,7,1,0.4972416904,0.02585632497,0.04044960108,1
improved,0.0,linear_matched,9,s3-s5,1,svd,54,83,4,4,1,0.4492420148,0.08586010765,0.08865735167,1
improved,0.0,linear_matched,9,s3-s5,1,svd+ransac,54,83,4,4,1,0.4492420148,0.08586010765,0.08865735167,1
improved,0.0,linear_matched,9,s3-s6,0,svd,54,107,5,5,1,0.3097614206,0.02251443762,0.032453874,1
improved,0.0,linear_matched,9,s3-s6,0,svd+ransac,54,107,5,5,1,0.3097614206,0.02251443762,0.032453874,1
improved,0.0,linear_matched,9,s4-s5,1,svd,63,83,10,10,1,0.08355233403,0.05777194876,0.05808559457,1
improved,0.0,linear_matched,9,s4-s5,1,svd+ransac,63,83,10,10,1,0.08355233403,0.05777194876,0.05808559457,1
improved,0.0,linear_matched,9,s4-s6,1,svd,63,107,8,8,1,0.1647046649,0.07196117225,0.07310387155,1
improved,0.0,linear_matched,9,s4-s6,1,svd+ransac,63,107,8,8,1,0.1647046649,0.07196117225,0.07310387155,1
improved,0.0,linear_matched,9,s5-s6,1,svd,83,107,11,11,1,1.74119495,0.04596221787,0.1146328546,1
improved,0.0,linear_matched,9,s5-s6,1,svd+ransac,83,107,11,11,1,0.3983562553,0.01856581346,0.03231892341,1
improved,0.0,linear_matched,10,s1-s2,1,svd,57,66,5,5,1,0.1759793618,0.03804821072,0.04045712786,1
improved,0.0,linear_matched,10,s1-s2,1,svd+ransac,57,66,5,5,1,0.1759793618,0.03804821072,0.04045712786,1
improved,0.0,linear_matched,10,s1-s3,1,svd,57,52,7,7,1,0.3646476176,0.04167570003,0.04607102112,1
improved,0.0,linear_matched,10,s1-s3,1,svd+ransac,57,52,7,7,1,0.3646476176,0.04167570003,0.04607102112,1
improved,0.0,linear_matched,10,s1-s4,0,svd,57,62,7,7,1,2.371662887,0.1752720382,0.2244825911,0
improved,0.0,linear_matched,10,s1-s4,0,svd+ransac,57,62,7,7,1,0.4976784266,0.05377137139,0.06798923275,1
improved,0.0,linear_matched,10,s1-s5,0,svd,57,83,3,3,1,46.7713303,12.89422082,13.07031342,0
improved,0.0,linear_matched,10,s1-s5,0,svd+ransac,57,83,3,3,0,nan,nan,nan,0
improved,0.0,linear_matched,10,s1-s6,0,svd,57,101,0,0,0,nan,nan,nan,0
improved,0.0,linear_matched,10,s1-s6,0,svd+ransac,57,101,0,0,0,nan,nan,nan,0
improved,0.0,linear_matched,10,s2-s3,1,svd,66,52,3,3,1,0.4644075656,0.06915720057,0.07727245959,1
improved,0.0,linear_matched,10,s2-s3,1,svd+ransac,66,52,3,3,1,0.4644075656,0.06915720057,0.07727245959,1
improved,0.0,linear_matched,10,s2-s4,1,svd,66,62,4,4,1,1.491908851,0.04055144392,0.09725277464,1
improved,0.0,linear_matched,10,s2-s4,1,svd+ransac,66,62,4,4,1,1.491908851,0.04055144392,0.09725277464,1
improved,0.0,linear_matched,10,s2-s5,1,svd,66,83,1,1,0,nan,nan,nan,0
improved,0.0,linear_matched,10,s2-s5,1,svd+ransac,66,83,1,1,0,nan,nan,nan,0
improved,0.0,linear_matched,10,s2-s6,0,svd,66,101,2,2,0,nan,nan,nan,0
improved,0.0,linear_matched,10,s2-s6,0,svd+ransac,66,101,2,2,0,nan,nan,nan,0
improved,0.0,linear_matched,10,s3-s4,1,svd,52,62,5,5,1,0.6814173395,0.06504753263,0.07978185361,1
improved,0.0,linear_matched,10,s3-s4,1,svd+ransac,52,62,5,5,1,0.6814173395,0.06504753263,0.07978185361,1
improved,0.0,linear_matched,10,s3-s5,1,svd,52,83,11,11,1,0.4456972991,0.06226400254,0.06906372814,1
improved,0.0,linear_matched,10,s3-s5,1,svd+ransac,52,83,11,11,1,0.4456972991,0.06226400254,0.06906372814,1
improved,0.0,linear_matched,10,s3-s6,0,svd,52,101,6,6,1,0.2947598317,0.0378711653,0.04213054846,1
improved,0.0,linear_matched,10,s3-s6,0,svd+ransac,52,101,6,6,1,0.2947598317,0.0378711653,0.04213054846,1
improved,0.0,linear_matched,10,s4-s5,1,svd,62,83,6,6,1,0.08399774421,0.04619145046,0.04677848382,1
improved,0.0,linear_matched,10,s4-s5,1,svd+ransac,62,83,6,6,1,0.08399774421,0.04619145046,0.04677848382,1
improved,0.0,linear_matched,10,s4-s6,1,svd,62,101,7,7,1,2.368452642,0.03850421701,0.1532739159,0
improved,0.0,linear_matched,10,s4-s6,1,svd+ransac,62,101,7,7,1,0.3168797776,0.05421408693,0.05771510175,1
improved,0.0,linear_matched,10,s5-s6,1,svd,83,101,5,5,1,1.426594803,0.3200904273,0.3215876788,1
improved,0.0,linear_matched,10,s5-s6,1,svd+ransac,83,101,5,5,1,1.426594803,0.3200904273,0.3215876788,1
improved,0.0,physical_matched,1,s1-s2,1,svd,58,59,2,2,0,nan,nan,nan,0
improved,0.0,physical_matched,1,s1-s2,1,svd+ransac,58,59,2,2,0,nan,nan,nan,0
improved,0.0,physical_matched,1,s1-s3,1,svd,58,50,7,7,1,0.3771491927,0.0310780196,0.04069215009,1
improved,0.0,physical_matched,1,s1-s3,1,svd+ransac,58,50,7,7,1,0.3771491927,0.0310780196,0.04069215009,1
improved,0.0,physical_matched,1,s1-s4,0,svd,58,66,0,0,0,nan,nan,nan,0
improved,0.0,physical_matched,1,s1-s4,0,svd+ransac,58,66,0,0,0,nan,nan,nan,0
improved,0.0,physical_matched,1,s1-s5,0,svd,58,87,3,3,1,0.7038550911,0.2360872467,0.2389489865,1
improved,0.0,physical_matched,1,s1-s5,0,svd+ransac,58,87,3,3,1,0.7038550911,0.2360872467,0.2389489865,1
improved,0.0,physical_matched,1,s1-s6,0,svd,58,102,5,5,1,1.401973278,0.09005235727,0.125101086,1
improved,0.0,physical_matched,1,s1-s6,0,svd+ransac,58,102,5,5,1,1.66776688,0.06195592856,0.1170756001,1
improved,0.0,physical_matched,1,s2-s3,1,svd,59,50,7,7,1,0.2385545215,0.02620977854,0.03046787361,1
improved,0.0,physical_matched,1,s2-s3,1,svd+ransac,59,50,7,7,1,0.2385545215,0.02620977854,0.03046787361,1
improved,0.0,physical_matched,1,s2-s4,1,svd,59,66,6,6,1,1.149092931,0.05781882353,0.1003836666,1
improved,0.0,physical_matched,1,s2-s4,1,svd+ransac,59,66,6,6,1,1.951988103,0.1161744559,0.1754849294,1
improved,0.0,physical_matched,1,s2-s5,1,svd,59,87,0,0,0,nan,nan,nan,0
improved,0.0,physical_matched,1,s2-s5,1,svd+ransac,59,87,0,0,0,nan,nan,nan,0
improved,0.0,physical_matched,1,s2-s6,0,svd,59,102,3,3,1,0.4365180736,0.1084956008,0.1143133894,1
improved,0.0,physical_matched,1,s2-s6,0,svd+ransac,59,102,3,3,1,0.4365180736,0.1084956008,0.1143133894,1
improved,0.0,physical_matched,1,s3-s4,1,svd,50,66,0,0,0,nan,nan,nan,0
improved,0.0,physical_matched,1,s3-s4,1,svd+ransac,50,66,0,0,0,nan,nan,nan,0
improved,0.0,physical_matched,1,s3-s5,1,svd,50,87,4,4,1,0.1466207666,0.06649955474,0.06732032038,1
improved,0.0,physical_matched,1,s3-s5,1,svd+ransac,50,87,4,4,1,0.1466207666,0.06649955474,0.06732032038,1
improved,0.0,physical_matched,1,s3-s6,0,svd,50,102,0,0,0,nan,nan,nan,0
improved,0.0,physical_matched,1,s3-s6,0,svd+ransac,50,102,0,0,0,nan,nan,nan,0
improved,0.0,physical_matched,1,s4-s5,1,svd,66,87,5,5,1,0.4393232373,0.05139431633,0.05886714021,1
improved,0.0,physical_matched,1,s4-s5,1,svd+ransac,66,87,5,5,1,0.4393232373,0.05139431633,0.05886714021,1
improved,0.0,physical_matched,1,s4-s6,1,svd,66,102,7,7,1,0.6819501278,0.1364113238,0.1444684851,1
improved,0.0,physical_matched,1,s4-s6,1,svd+ransac,66,102,7,7,1,0.6819501278,0.1364113238,0.1444684851,1
improved,0.0,physical_matched,1,s5-s6,1,svd,87,102,10,10,1,0.5131914542,0.02522314984,0.04069733892,1
improved,0.0,physical_matched,1,s5-s6,1,svd+ransac,87,102,10,10,1,0.5131914542,0.02522314984,0.04069733892,1
improved,0.0,physical_matched,2,s1-s2,1,svd,58,59,6,6,1,0.3302618374,0.04065996117,0.05109616593,1
improved,0.0,physical_matched,2,s1-s2,1,svd+ransac,58,59,6,6,1,0.3302618374,0.04065996117,0.05109616593,1
improved,0.0,physical_matched,2,s1-s3,1,svd,58,49,9,9,1,0.4024434929,0.02940932858,0.03833203126,1
improved,0.0,physical_matched,2,s1-s3,1,svd+ransac,58,49,9,9,1,0.4024434929,0.02940932858,0.03833203126,1
improved,0.0,physical_matched,2,s1-s4,0,svd,58,67,5,5,1,2.73859405,0.2884190782,0.3265637415,0
improved,0.0,physical_matched,2,s1-s4,0,svd+ransac,58,67,5,5,1,1.861872978,0.4140545953,0.4244900079,1
improved,0.0,physical_matched,2,s1-s5,0,svd,58,89,8,8,1,0.6765071278,0.1459214263,0.1502217195,1
improved,0.0,physical_matched,2,s1-s5,0,svd+ransac,58,89,8,8,1,0.6765071278,0.1459214263,0.1502217195,1
improved,0.0,physical_matched,2,s1-s6,0,svd,58,103,3,3,1,6.820983659,0.55523771,0.6838948338,0
improved,0.0,physical_matched,2,s1-s6,0,svd+ransac,58,103,3,3,1,6.820983659,0.55523771,0.6838948338,0
improved,0.0,physical_matched,2,s2-s3,1,svd,59,49,9,9,1,0.6876874496,0.07884533217,0.0901691263,1
improved,0.0,physical_matched,2,s2-s3,1,svd+ransac,59,49,9,9,1,0.6876874496,0.07884533217,0.0901691263,1
improved,0.0,physical_matched,2,s2-s4,1,svd,59,67,5,5,1,1.106126454,0.06331576429,0.09043279109,1
improved,0.0,physical_matched,2,s2-s4,1,svd+ransac,59,67,5,5,1,1.106126454,0.06331576429,0.09043279109,1
improved,0.0,physical_matched,2,s2-s5,1,svd,59,89,3,3,1,0.2773393303,0.03046702875,0.03574872559,1
improved,0.0,physical_matched,2,s2-s5,1,svd+ransac,59,89,3,3,1,0.2773393303,0.03046702875,0.03574872559,1
improved,0.0,physical_matched,2,s2-s6,0,svd,59,103,8,8,1,0.7670256776,0.01242053215,0.05018270996,1
improved,0.0,physical_matched,2,s2-s6,0,svd+ransac,59,103,8,8,1,0.7670256776,0.01242053215,0.05018270996,1
improved,0.0,physical_matched,2,s3-s4,1,svd,49,67,1,1,0,nan,nan,nan,0
improved,0.0,physical_matched,2,s3-s4,1,svd+ransac,49,67,1,1,0,nan,nan,nan,0
improved,0.0,physical_matched,2,s3-s5,1,svd,49,89,6,6,1,0.9520961455,0.2086403045,0.214774022,1
improved,0.0,physical_matched,2,s3-s5,1,svd+ransac,49,89,6,6,1,0.9520961455,0.2086403045,0.214774022,1
improved,0.0,physical_matched,2,s3-s6,0,svd,49,103,1,1,0,nan,nan,nan,0
improved,0.0,physical_matched,2,s3-s6,0,svd+ransac,49,103,1,1,0,nan,nan,nan,0
improved,0.0,physical_matched,2,s4-s5,1,svd,67,89,7,7,1,0.4359559375,0.07985525714,0.08488853975,1
improved,0.0,physical_matched,2,s4-s5,1,svd+ransac,67,89,7,7,1,0.4359559375,0.07985525714,0.08488853975,1
improved,0.0,physical_matched,2,s4-s6,1,svd,67,103,5,5,1,0.9185203054,0.04236445807,0.07953799685,1
improved,0.0,physical_matched,2,s4-s6,1,svd+ransac,67,103,5,5,1,0.9185203054,0.04236445807,0.07953799685,1
improved,0.0,physical_matched,2,s5-s6,1,svd,89,103,4,4,1,5.842827321,0.2429104497,0.4050862335,0
improved,0.0,physical_matched,2,s5-s6,1,svd+ransac,89,103,4,4,1,5.842827321,0.2429104497,0.4050862335,0
improved,0.0,physical_matched,3,s1-s2,1,svd,61,62,8,8,1,0.3384069454,0.01935067658,0.03264366902,1
improved,0.0,physical_matched,3,s1-s2,1,svd+ransac,61,62,8,8,1,0.3384069454,0.01935067658,0.03264366902,1
improved,0.0,physical_matched,3,s1-s3,1,svd,61,55,8,8,1,0.3667941869,0.02293801945,0.03171313415,1
improved,0.0,physical_matched,3,s1-s3,1,svd+ransac,61,55,8,8,1,0.3667941869,0.02293801945,0.03171313415,1
improved,0.0,physical_matched,3,s1-s4,0,svd,61,63,6,6,1,1.35571491,0.2632487949,0.2718034719,1
improved,0.0,physical_matched,3,s1-s4,0,svd+ransac,61,63,6,6,1,1.35571491,0.2632487949,0.2718034719,1
improved,0.0,physical_matched,3,s1-s5,0,svd,61,89,9,9,1,1.000887619,0.1628504369,0.1729970765,1
improved,0.0,physical_matched,3,s1-s5,0,svd+ransac,61,89,9,9,1,1.000887619,0.1628504369,0.1729970765,1
improved,0.0,physical_matched,3,s1-s6,0,svd,61,102,0,0,0,nan,nan,nan,0
improved,0.0,physical_matched,3,s1-s6,0,svd+ransac,61,102,0,0,0,nan,nan,nan,0
improved,0.0,physical_matched,3,s2-s3,1,svd,62,55,9,9,1,0.08039136042,0.01445739171,0.01581813436,1
improved,0.0,physical_matched,3,s2-s3,1,svd+ransac,62,55,9,9,1,0.08039136042,0.01445739171,0.01581813436,1
improved,0.0,physical_matched,3,s2-s4,1,svd,62,63,6,6,1,1.053772123,0.04933293153,0.0777715936,1
improved,0.0,physical_matched,3,s2-s4,1,svd+ransac,62,63,6,6,1,1.053772123,0.04933293153,0.0777715936,1
improved,0.0,physical_matched,3,s2-s5,1,svd,62,89,2,2,0,nan,nan,nan,0
improved,0.0,physical_matched,3,s2-s5,1,svd+ransac,62,89,2,2,0,nan,nan,nan,0
improved,0.0,physical_matched,3,s2-s6,0,svd,62,102,1,1,0,nan,nan,nan,0
improved,0.0,physical_matched,3,s2-s6,0,svd+ransac,62,102,1,1,0,nan,nan,nan,0
improved,0.0,physical_matched,3,s3-s4,1,svd,55,63,4,4,1,0.5717352028,0.0900912087,0.09662846979,1
improved,0.0,physical_matched,3,s3-s4,1,svd+ransac,55,63,4,4,1,0.5717352028,0.0900912087,0.09662846979,1
improved,0.0,physical_matched,3,s3-s5,1,svd,55,89,3,3,1,0.04271799969,0.02954519392,0.02952658785,1
improved,0.0,physical_matched,3,s3-s5,1,svd+ransac,55,89,3,3,1,0.04271799969,0.02954519392,0.02952658785,1
improved,0.0,physical_matched,3,s3-s6,0,svd,55,102,1,1,0,nan,nan,nan,0
improved,0.0,physical_matched,3,s3-s6,0,svd+ransac,55,102,1,1,0,nan,nan,nan,0
improved,0.0,physical_matched,3,s4-s5,1,svd,63,89,2,2,0,nan,nan,nan,0
improved,0.0,physical_matched,3,s4-s5,1,svd+ransac,63,89,2,2,0,nan,nan,nan,0
improved,0.0,physical_matched,3,s4-s6,1,svd,63,102,8,8,1,0.1776392445,0.07076000169,0.07161459455,1
improved,0.0,physical_matched,3,s4-s6,1,svd+ransac,63,102,8,8,1,0.1776392445,0.07076000169,0.07161459455,1
improved,0.0,physical_matched,3,s5-s6,1,svd,89,102,6,6,1,0.6363325182,0.07317177028,0.08622154885,1
improved,0.0,physical_matched,3,s5-s6,1,svd+ransac,89,102,6,6,1,0.6363325182,0.07317177028,0.08622154885,1
improved,0.0,physical_matched,4,s1-s2,1,svd,62,65,3,3,1,0.491489055,0.07300944899,0.08130139726,1
improved,0.0,physical_matched,4,s1-s2,1,svd+ransac,62,65,3,3,1,0.491489055,0.07300944899,0.08130139726,1
improved,0.0,physical_matched,4,s1-s3,1,svd,62,49,8,8,1,0.277593007,0.0109552401,0.02015329676,1
improved,0.0,physical_matched,4,s1-s3,1,svd+ransac,62,49,8,8,1,0.277593007,0.0109552401,0.02015329676,1
improved,0.0,physical_matched,4,s1-s4,0,svd,62,62,7,7,1,0.5506026638,0.06154615106,0.06996645398,1
improved,0.0,physical_matched,4,s1-s4,0,svd+ransac,62,62,7,7,1,0.5506026638,0.06154615106,0.06996645398,1
improved,0.0,physical_matched,4,s1-s5,0,svd,62,85,5,5,1,0.4304109266,0.0567795167,0.06377201218,1
improved,0.0,physical_matched,4,s1-s5,0,svd+ransac,62,85,5,5,1,0.4304109266,0.0567795167,0.06377201218,1
improved,0.0,physical_matched,4,s1-s6,0,svd,62,99,0,0,0,nan,nan,nan,0
improved,0.0,physical_matched,4,s1-s6,0,svd+ransac,62,99,0,0,0,nan,nan,nan,0
improved,0.0,physical_matched,4,s2-s3,1,svd,65,49,5,5,1,0.3717590422,0.05008416124,0.05638442972,1
improved,0.0,physical_matched,4,s2-s3,1,svd+ransac,65,49,5,5,1,0.3717590422,0.05008416124,0.05638442972,1
improved,0.0,physical_matched,4,s2-s4,1,svd,65,62,7,7,1,0.3280751874,0.03503235008,0.04347049758,1
improved,0.0,physical_matched,4,s2-s4,1,svd+ransac,65,62,7,7,1,0.3280751874,0.03503235008,0.04347049758,1
improved,0.0,physical_matched,4,s2-s5,1,svd,65,85,3,3,1,0.6738737998,0.08768712473,0.09998068575,1
improved,0.0,physical_matched,4,s2-s5,1,svd+ransac,65,85,3,3,1,0.6738737998,0.08768712473,0.09998068575,1
improved,0.0,physical_matched,4,s2-s6,0,svd,65,99,1,1,0,nan,nan,nan,0
improved,0.0,physical_matched,4,s2-s6,0,svd+ransac,65,99,1,1,0,nan,nan,nan,0
improved,0.0,physical_matched,4,s3-s4,1,svd,49,62,1,1,0,nan,nan,nan,0
improved,0.0,physical_matched,4,s3-s4,1,svd+ransac,49,62,1,1,0,nan,nan,nan,0
improved,0.0,physical_matched,4,s3-s5,1,svd,49,85,3,3,1,0.7119029914,0.1987559343,0.2048284346,1
improved,0.0,physical_matched,4,s3-s5,1,svd+ransac,49,85,3,3,1,0.7119029914,0.1987559343,0.2048284346,1
improved,0.0,physical_matched,4,s3-s6,0,svd,49,99,8,8,1,0.9109558147,0.01414295303,0.05842444829,1
improved,0.0,physical_matched,4,s3-s6,0,svd+ransac,49,99,8,8,1,2.115581121,0.07891141301,0.1420297945,0
improved,0.0,physical_matched,4,s4-s5,1,svd,62,85,4,4,1,0.9994611,0.1417191616,0.1572094594,1
improved,0.0,physical_matched,4,s4-s5,1,svd+ransac,62,85,4,4,1,0.9994611,0.1417191616,0.1572094594,1
improved,0.0,physical_matched,4,s4-s6,1,svd,62,99,9,9,1,0.08646496616,0.05515737057,0.0551525294,1
improved,0.0,physical_matched,4,s4-s6,1,svd+ransac,62,99,9,9,1,0.08646496616,0.05515737057,0.0551525294,1
improved,0.0,physical_matched,4,s5-s6,1,svd,85,99,11,11,1,0.6892120575,0.02068187177,0.04421780364,1
improved,0.0,physical_matched,4,s5-s6,1,svd+ransac,85,99,11,11,1,0.6892120575,0.02068187177,0.04421780364,1
improved,0.0,physical_matched,5,s1-s2,1,svd,63,61,7,7,1,0.7374722273,0.1025912301,0.1113978041,1
improved,0.0,physical_matched,5,s1-s2,1,svd+ransac,63,61,7,7,1,0.7374722273,0.1025912301,0.1113978041,1
improved,0.0,physical_matched,5,s1-s3,1,svd,63,54,8,8,1,0.3552150369,0.02606641366,0.03275644067,1
improved,0.0,physical_matched,5,s1-s3,1,svd+ransac,63,54,8,8,1,0.3552150369,0.02606641366,0.03275644067,1
improved,0.0,physical_matched,5,s1-s4,0,svd,63,66,1,1,0,nan,nan,nan,0
improved,0.0,physical_matched,5,s1-s4,0,svd+ransac,63,66,1,1,0,nan,nan,nan,0
improved,0.0,physical_matched,5,s1-s5,0,svd,63,84,0,0,0,nan,nan,nan,0
improved,0.0,physical_matched,5,s1-s5,0,svd+ransac,63,84,0,0,0,nan,nan,nan,0
improved,0.0,physical_matched,5,s1-s6,0,svd,63,103,0,0,0,nan,nan,nan,0
improved,0.0,physical_matched,5,s1-s6,0,svd+ransac,63,103,0,0,0,nan,nan,nan,0
improved,0.0,physical_matched,5,s2-s3,1,svd,61,54,11,11,1,0.08956686703,0.01489399947,0.01634690736,1
improved,0.0,physical_matched,5,s2-s3,1,svd+ransac,61,54,11,11,1,0.08956686703,0.01489399947,0.01634690736,1
improved,0.0,physical_matched,5,s2-s4,1,svd,61,66,0,0,0,nan,nan,nan,0
improved,0.0,physical_matched,5,s2-s4,1,svd+ransac,61,66,0,0,0,nan,nan,nan,0
improved,0.0,physical_matched,5,s2-s5,1,svd,61,84,3,3,1,0.668536244,0.07825405839,0.09035288443,1
improved,0.0,physical_matched,5,s2-s5,1,svd+ransac,61,84,3,3,1,0.668536244,0.07825405839,0.09035288443,1
improved,0.0,physical_matched,5,s2-s6,0,svd,61,103,2,2,0,nan,nan,nan,0
improved,0.0,physical_matched,5,s2-s6,0,svd+ransac,61,103,2,2,0,nan,nan,nan,0
improved,0.0,physical_matched,5,s3-s4,1,svd,54,66,9,9,1,0.3977010065,0.0328058208,0.04024101917,1
improved,0.0,physical_matched,5,s3-s4,1,svd+ransac,54,66,9,9,1,0.3977010065,0.0328058208,0.04024101917,1
improved,0.0,physical_matched,5,s3-s5,1,svd,54,84,2,2,0,nan,nan,nan,0
improved,0.0,physical_matched,5,s3-s5,1,svd+ransac,54,84,2,2,0,nan,nan,nan,0
improved,0.0,physical_matched,5,s3-s6,0,svd,54,103,9,9,1,0.6776602919,0.01583433739,0.05189413813,1
improved,0.0,physical_matched,5,s3-s6,0,svd+ransac,54,103,9,9,1,1.87495899,0.02607598984,0.1190432702,1
improved,0.0,physical_matched,5,s4-s5,1,svd,66,84,5,5,1,1.126534224,0.151100913,0.1694576192,1
improved,0.0,physical_matched,5,s4-s5,1,svd+ransac,66,84,5,5,1,1.126534224,0.151100913,0.1694576192,1
improved,0.0,physical_matched,5,s4-s6,1,svd,66,103,1,1,0,nan,nan,nan,0
improved,0.0,physical_matched,5,s4-s6,1,svd+ransac,66,103,1,1,0,nan,nan,nan,0
improved,0.0,physical_matched,5,s5-s6,1,svd,84,103,4,4,1,1.47261451,0.0739869509,0.1170939919,1
improved,0.0,physical_matched,5,s5-s6,1,svd+ransac,84,103,4,4,1,1.47261451,0.0739869509,0.1170939919,1
improved,0.0,physical_matched,6,s1-s2,1,svd,60,63,3,3,1,0.4263264476,0.1386316345,0.1425791412,1
improved,0.0,physical_matched,6,s1-s2,1,svd+ransac,60,63,3,3,1,0.4263264476,0.1386316345,0.1425791412,1
improved,0.0,physical_matched,6,s1-s3,1,svd,60,48,3,3,1,0.4655209113,0.05671678885,0.06303680946,1
improved,0.0,physical_matched,6,s1-s3,1,svd+ransac,60,48,3,3,1,0.4655209113,0.05671678885,0.06303680946,1
improved,0.0,physical_matched,6,s1-s4,0,svd,60,69,3,3,1,2.409175243,0.664085721,0.6842427755,0
improved,0.0,physical_matched,6,s1-s4,0,svd+ransac,60,69,3,3,1,2.409175243,0.664085721,0.6842427755,0
improved,0.0,physical_matched,6,s1-s5,0,svd,60,83,3,3,1,0.3200803084,0.01982870354,0.02973333633,1
improved,0.0,physical_matched,6,s1-s5,0,svd+ransac,60,83,3,3,1,0.3200803084,0.01982870354,0.02973333633,1
improved,0.0,physical_matched,6,s1-s6,0,svd,60,101,3,3,1,1.655744377,0.05623477605,0.1230310508,1
improved,0.0,physical_matched,6,s1-s6,0,svd+ransac,60,101,3,3,1,1.655744377,0.05623477605,0.1230310508,1
improved,0.0,physical_matched,6,s2-s3,1,svd,63,48,8,8,1,0.08611809918,0.01052221936,0.01222264039,1
improved,0.0,physical_matched,6,s2-s3,1,svd+ransac,63,48,8,8,1,0.08611809918,0.01052221936,0.01222264039,1
improved,0.0,physical_matched,6,s2-s4,1,svd,63,69,6,6,1,2.335783115,0.3104339879,0.3496044347,0
improved,0.0,physical_matched,6,s2-s4,1,svd+ransac,63,69,6,6,1,1.960858062,0.1886620983,0.2283093919,1
improved,0.0,physical_matched,6,s2-s5,1,svd,63,83,4,4,1,0.3712180138,0.04342808308,0.05072943594,1
improved,0.0,physical_matched,6,s2-s5,1,svd+ransac,63,83,4,4,1,0.3712180138,0.04342808308,0.05072943594,1
improved,0.0,physical_matched,6,s2-s6,0,svd,63,101,5,5,1,1.164426194,0.08349572884,0.119964807,1
improved,0.0,physical_matched,6,s2-s6,0,svd+ransac,63,101,5,5,1,1.164426194,0.08349572884,0.119964807,1
improved,0.0,physical_matched,6,s3-s4,1,svd,48,69,8,8,1,0.5318606332,0.03853203106,0.05378930435,1
improved,0.0,physical_matched,6,s3-s4,1,svd+ransac,48,69,8,8,1,0.5318606332,0.03853203106,0.05378930435,1
improved,0.0,physical_matched,6,s3-s5,1,svd,48,83,10,10,1,0.684581394,0.07720051726,0.08990351482,1
improved,0.0,physical_matched,6,s3-s5,1,svd+ransac,48,83,10,10,1,0.08537913343,0.01580626642,0.01725720276,1
improved,0.0,physical_matched,6,s3-s6,0,svd,48,101,4,4,1,2.46734239,0.537181204,0.552372424,0
improved,0.0,physical_matched,6,s3-s6,0,svd+ransac,48,101,4,4,1,2.46734239,0.537181204,0.552372424,0
improved,0.0,physical_matched,6,s4-s5,1,svd,69,83,6,6,1,0.3226884727,0.04680056055,0.05126586973,1
improved,0.0,physical_matched,6,s4-s5,1,svd+ransac,69,83,6,6,1,0.3226884727,0.04680056055,0.05126586973,1
improved,0.0,physical_matched,6,s4-s6,1,svd,69,101,4,4,1,1.02349271,0.09519790658,0.1152325887,1
improved,0.0,physical_matched,6,s4-s6,1,svd+ransac,69,101,4,4,1,1.02349271,0.09519790658,0.1152325887,1
improved,0.0,physical_matched,6,s5-s6,1,svd,83,101,6,6,1,0.290888562,0.07313899374,0.07656457248,1
improved,0.0,physical_matched,6,s5-s6,1,svd+ransac,83,101,6,6,1,0.290888562,0.07313899374,0.07656457248,1
improved,0.0,physical_matched,7,s1-s2,1,svd,57,59,6,6,1,0.2676502018,0.07902263807,0.07977697999,1
improved,0.0,physical_matched,7,s1-s2,1,svd+ransac,57,59,6,6,1,0.2676502018,0.07902263807,0.07977697999,1
improved,0.0,physical_matched,7,s1-s3,1,svd,57,50,2,2,0,nan,nan,nan,0
improved,0.0,physical_matched,7,s1-s3,1,svd+ransac,57,50,2,2,0,nan,nan,nan,0
improved,0.0,physical_matched,7,s1-s4,0,svd,57,64,6,6,1,3.806536444,0.4727758155,0.5138264757,0
improved,0.0,physical_matched,7,s1-s4,0,svd+ransac,57,64,6,6,1,1.775659364,0.3991052601,0.4073112923,1
improved,0.0,physical_matched,7,s1-s5,0,svd,57,90,0,0,0,nan,nan,nan,0
improved,0.0,physical_matched,7,s1-s5,0,svd+ransac,57,90,0,0,0,nan,nan,nan,0
improved,0.0,physical_matched,7,s1-s6,0,svd,57,96,0,0,0,nan,nan,nan,0
improved,0.0,physical_matched,7,s1-s6,0,svd+ransac,57,96,0,0,0,nan,nan,nan,0
improved,0.0,physical_matched,7,s2-s3,1,svd,59,50,8,8,1,0.1999226248,0.02268940533,0.02860593846,1
improved,0.0,physical_matched,7,s2-s3,1,svd+ransac,59,50,8,8,1,0.1999226248,0.02268940533,0.02860593846,1
improved,0.0,physical_matched,7,s2-s4,1,svd,59,64,9,9,1,1.041390805,0.07731132927,0.102514108,1
improved,0.0,physical_matched,7,s2-s4,1,svd+ransac,59,64,9,9,1,1.175021549,0.08099993421,0.1110303772,1
improved,0.0,physical_matched,7,s2-s5,1,svd,59,90,2,2,0,nan,nan,nan,0
improved,0.0,physical_matched,7,s2-s5,1,svd+ransac,59,90,2,2,0,nan,nan,nan,0
improved,0.0,physical_matched,7,s2-s6,0,svd,59,96,7,7,1,0.6905792716,0.02169578129,0.04944980585,1
improved,0.0,physical_matched,7,s2-s6,0,svd+ransac,59,96,7,7,1,0.6905792716,0.02169578129,0.04944980585,1
improved,0.0,physical_matched,7,s3-s4,1,svd,50,64,1,1,0,nan,nan,nan,0
improved,0.0,physical_matched,7,s3-s4,1,svd+ransac,50,64,1,1,0,nan,nan,nan,0
improved,0.0,physical_matched,7,s3-s5,1,svd,50,90,1,1,0,nan,nan,nan,0
improved,0.0,physical_matched,7,s3-s5,1,svd+ransac,50,90,1,1,0,nan,nan,nan,0
improved,0.0,physical_matched,7,s3-s6,0,svd,50,96,7,7,1,0.6069953184,0.1048440614,0.112595829,1
improved,0.0,physical_matched,7,s3-s6,0,svd+ransac,50,96,7,7,1,0.6069953184,0.1048440614,0.112595829,1
improved,0.0,physical_matched,7,s4-s5,1,svd,64,90,3,3,1,0.5522674801,0.07140083883,0.08000493716,1
improved,0.0,physical_matched,7,s4-s5,1,svd+ransac,64,90,3,3,1,0.5522674801,0.07140083883,0.08000493716,1
improved,0.0,physical_matched,7,s4-s6,1,svd,64,96,8,8,1,0.2771623389,0.02706074767,0.03416925686,1
improved,0.0,physical_matched,7,s4-s6,1,svd+ransac,64,96,8,8,1,0.2771623389,0.02706074767,0.03416925686,1
improved,0.0,physical_matched,7,s5-s6,1,svd,90,96,8,8,1,0.4341343994,0.08077376226,0.08571456868,1
improved,0.0,physical_matched,7,s5-s6,1,svd+ransac,90,96,8,8,1,0.4341343994,0.08077376226,0.08571456868,1
improved,0.0,physical_matched,8,s1-s2,1,svd,62,64,4,4,1,0.1389989951,0.02983478864,0.03089859434,1
improved,0.0,physical_matched,8,s1-s2,1,svd+ransac,62,64,4,4,1,0.1389989951,0.02983478864,0.03089859434,1
improved,0.0,physical_matched,8,s1-s3,1,svd,62,51,8,8,1,0.3445129128,0.03064848341,0.03874692116,1
improved,0.0,physical_matched,8,s1-s3,1,svd+ransac,62,51,8,8,1,0.3445129128,0.03064848341,0.03874692116,1
improved,0.0,physical_matched,8,s1-s4,0,svd,62,64,2,2,0,nan,nan,nan,0
improved,0.0,physical_matched,8,s1-s4,0,svd+ransac,62,64,2,2,0,nan,nan,nan,0
improved,0.0,physical_matched,8,s1-s5,0,svd,62,92,7,7,1,0.5836566501,0.1067181847,0.1110991273,1
improved,0.0,physical_matched,8,s1-s5,0,svd+ransac,62,92,7,7,1,0.5836566501,0.1067181847,0.1110991273,1
improved,0.0,physical_matched,8,s1-s6,0,svd,62,108,4,4,1,0.5332586812,0.1374432953,0.1393631324,1
improved,0.0,physical_matched,8,s1-s6,0,svd+ransac,62,108,4,4,1,0.5332586812,0.1374432953,0.1393631324,1
improved,0.0,physical_matched,8,s2-s3,1,svd,64,51,9,9,1,0.2234147685,0.02348968467,0.02762270688,1
improved,0.0,physical_matched,8,s2-s3,1,svd+ransac,64,51,9,9,1,0.2234147685,0.02348968467,0.02762270688,1
improved,0.0,physical_matched,8,s2-s4,1,svd,64,64,1,1,0,nan,nan,nan,0
improved,0.0,physical_matched,8,s2-s4,1,svd+ransac,64,64,1,1,0,nan,nan,nan,0
improved,0.0,physical_matched,8,s2-s5,1,svd,64,92,1,1,0,nan,nan,nan,0
improved,0.0,physical_matched,8,s2-s5,1,svd+ransac,64,92,1,1,0,nan,nan,nan,0
improved,0.0,physical_matched,8,s2-s6,0,svd,64,108,3,3,1,12.25454942,0.6225038767,0.9198124682,0
improved,0.0,physical_matched,8,s2-s6,0,svd+ransac,64,108,3,3,1,12.25454942,0.6225038767,0.9198124682,0
improved,0.0,physical_matched,8,s3-s4,1,svd,51,64,6,6,1,0.4656854154,0.01612026685,0.03350253306,1
improved,0.0,physical_matched,8,s3-s4,1,svd+ransac,51,64,6,6,1,0.4656854154,0.01612026685,0.03350253306,1
improved,0.0,physical_matched,8,s3-s5,1,svd,51,92,1,1,0,nan,nan,nan,0
improved,0.0,physical_matched,8,s3-s5,1,svd+ransac,51,92,1,1,0,nan,nan,nan,0
improved,0.0,physical_matched,8,s3-s6,0,svd,51,108,4,4,1,0.758555627,0.4480509621,0.4450772488,1
improved,0.0,physical_matched,8,s3-s6,0,svd+ransac,51,108,4,4,1,0.758555627,0.4480509621,0.4450772488,1
improved,0.0,physical_matched,8,s4-s5,1,svd,64,92,5,5,1,0.7757982484,0.161747981,0.170101466,1
improved,0.0,physical_matched,8,s4-s5,1,svd+ransac,64,92,5,5,1,0.7757982484,0.161747981,0.170101466,1
improved,0.0,physical_matched,8,s4-s6,1,svd,64,108,7,7,1,0.9874434103,0.1174516033,0.1355200107,1
improved,0.0,physical_matched,8,s4-s6,1,svd+ransac,64,108,7,7,1,0.9874434103,0.1174516033,0.1355200107,1
improved,0.0,physical_matched,8,s5-s6,1,svd,92,108,1,1,0,nan,nan,nan,0
improved,0.0,physical_matched,8,s5-s6,1,svd+ransac,92,108,1,1,0,nan,nan,nan,0
improved,0.0,physical_matched,9,s1-s2,1,svd,61,69,6,6,1,0.2350752177,0.05928134112,0.06103085869,1
improved,0.0,physical_matched,9,s1-s2,1,svd+ransac,61,69,6,6,1,0.2350752177,0.05928134112,0.06103085869,1
improved,0.0,physical_matched,9,s1-s3,1,svd,61,52,4,4,1,0.7775662062,0.1184419908,0.1252544107,1
improved,0.0,physical_matched,9,s1-s3,1,svd+ransac,61,52,4,4,1,0.7775662062,0.1184419908,0.1252544107,1
improved,0.0,physical_matched,9,s1-s4,0,svd,61,65,3,3,1,9.13055925,0.9887041674,1.117395922,0
improved,0.0,physical_matched,9,s1-s4,0,svd+ransac,61,65,3,3,1,9.13055925,0.9887041674,1.117395922,0
improved,0.0,physical_matched,9,s1-s5,0,svd,61,84,10,10,1,0.4285745522,0.06199234729,0.06663644508,1
improved,0.0,physical_matched,9,s1-s5,0,svd+ransac,61,84,10,10,1,0.4285745522,0.06199234729,0.06663644508,1
improved,0.0,physical_matched,9,s1-s6,0,svd,61,104,0,0,0,nan,nan,nan,0
improved,0.0,physical_matched,9,s1-s6,0,svd+ransac,61,104,0,0,0,nan,nan,nan,0
improved,0.0,physical_matched,9,s2-s3,1,svd,69,52,6,6,1,0.1201236796,0.03127572168,0.03288056323,1
improved,0.0,physical_matched,9,s2-s3,1,svd+ransac,69,52,6,6,1,0.1201236796,0.03127572168,0.03288056323,1
improved,0.0,physical_matched,9,s2-s4,1,svd,69,65,0,0,0,nan,nan,nan,0
improved,0.0,physical_matched,9,s2-s4,1,svd+ransac,69,65,0,0,0,nan,nan,nan,0
improved,0.0,physical_matched,9,s2-s5,1,svd,69,84,3,3,1,0.6807813416,0.07784594168,0.0907318252,1
improved,0.0,physical_matched,9,s2-s5,1,svd+ransac,69,84,3,3,1,0.6807813416,0.07784594168,0.0907318252,1
improved,0.0,physical_matched,9,s2-s6,0,svd,69,104,7,7,1,0.08292386202,0.0565013095,0.05695451443,1
improved,0.0,physical_matched,9,s2-s6,0,svd+ransac,69,104,7,7,1,0.08292386202,0.0565013095,0.05695451443,1
improved,0.0,physical_matched,9,s3-s4,1,svd,52,65,11,11,1,0.3521359732,0.007335822968,0.02229739095,1
improved,0.0,physical_matched,9,s3-s4,1,svd+ransac,52,65,11,11,1,0.3521359732,0.007335822968,0.02229739095,1
improved,0.0,physical_matched,9,s3-s5,1,svd,52,84,4,4,1,0.3745747253,0.09675731339,0.09774056062,1
improved,0.0,physical_matched,9,s3-s5,1,svd+ransac,52,84,4,4,1,0.3745747253,0.09675731339,0.09774056062,1
improved,0.0,physical_matched,9,s3-s6,0,svd,52,104,7,7,1,0.5249817144,0.006957934191,0.036035965,1
improved,0.0,physical_matched,9,s3-s6,0,svd+ransac,52,104,7,7,1,0.5249817144,0.006957934191,0.036035965,1
improved,0.0,physical_matched,9,s4-s5,1,svd,65,84,5,5,1,0.4168156795,0.08174251136,0.08628416646,1
improved,0.0,physical_matched,9,s4-s5,1,svd+ransac,65,84,5,5,1,0.4168156795,0.08174251136,0.08628416646,1
improved,0.0,physical_matched,9,s4-s6,1,svd,65,104,8,8,1,0.1492000548,0.05317116125,0.05427966906,1
improved,0.0,physical_matched,9,s4-s6,1,svd+ransac,65,104,8,8,1,0.1492000548,0.05317116125,0.05427966906,1
improved,0.0,physical_matched,9,s5-s6,1,svd,84,104,15,15,1,1.693081855,0.04280504622,0.1077081496,1
improved,0.0,physical_matched,9,s5-s6,1,svd+ransac,84,104,15,15,1,0.3923072088,0.0112293633,0.02545494727,1
improved,0.0,physical_matched,10,s1-s2,1,svd,58,67,6,6,1,0.1585029628,0.04126086827,0.04278151266,1
improved,0.0,physical_matched,10,s1-s2,1,svd+ransac,58,67,6,6,1,0.1585029628,0.04126086827,0.04278151266,1
improved,0.0,physical_matched,10,s1-s3,1,svd,58,50,7,7,1,0.3666177945,0.04756172048,0.05143351157,1
improved,0.0,physical_matched,10,s1-s3,1,svd+ransac,58,50,7,7,1,0.3666177945,0.04756172048,0.05143351157,1
improved,0.0,physical_matched,10,s1-s4,0,svd,58,63,5,5,1,1.08458803,0.1629780196,0.1732210802,1
improved,0.0,physical_matched,10,s1-s4,0,svd+ransac,58,63,5,5,1,1.08458803,0.1629780196,0.1732210802,1
improved,0.0,physical_matched,10,s1-s5,0,svd,58,84,4,4,1,0.8410356835,0.1555934255,0.1653748877,1
improved,0.0,physical_matched,10,s1-s5,0,svd+ransac,58,84,4,4,1,0.8410356835,0.1555934255,0.1653748877,1
improved,0.0,physical_matched,10,s1-s6,0,svd,58,102,3,3,1,4.185413265,1.289408011,1.317464428,0
improved,0.0,physical_matched,10,s1-s6,0,svd+ransac,58,102,3,3,1,4.185413265,1.289408011,1.317464428,0
improved,0.0,physical_matched,10,s2-s3,1,svd,67,50,8,8,1,0.09876820836,0.02711889914,0.02840843294,1
improved,0.0,physical_matched,10,s2-s3,1,svd+ransac,67,50,8,8,1,0.09876820836,0.02711889914,0.02840843294,1
improved,0.0,physical_matched,10,s2-s4,1,svd,67,63,4,4,1,1.118112149,0.04190875002,0.07876290232,1
improved,0.0,physical_matched,10,s2-s4,1,svd+ransac,67,63,4,4,1,1.118112149,0.04190875002,0.07876290232,1
improved,0.0,physical_matched,10,s2-s5,1,svd,67,84,6,6,1,0.881587018,0.03475484584,0.0656195648,1
improved,0.0,physical_matched,10,s2-s5,1,svd+ransac,67,84,6,6,1,0.881587018,0.03475484584,0.0656195648,1
improved,0.0,physical_matched,10,s2-s6,0,svd,67,102,6,6,1,0.7189744334,0.02305695481,0.05212290232,1
improved,0.0,physical_matched,10,s2-s6,0,svd+ransac,67,102,6,6,1,0.7189744334,0.02305695481,0.05212290232,1
improved,0.0,physical_matched,10,s3-s4,1,svd,50,63,5,5,1,0.845467248,0.05267963896,0.07286067673,1
improved,0.0,physical_matched,10,s3-s4,1,svd+ransac,50,63,5,5,1,0.845467248,0.05267963896,0.07286067673,1
improved,0.0,physical_matched,10,s3-s5,1,svd,50,84,2,2,0,nan,nan,nan,0
improved,0.0,physical_matched,10,s3-s5,1,svd+ransac,50,84,2,2,0,nan,nan,nan,0
improved,0.0,physical_matched,10,s3-s6,0,svd,50,102,8,8,1,0.2511317107,0.05312068179,0.05588292579,1
improved,0.0,physical_matched,10,s3-s6,0,svd+ransac,50,102,8,8,1,0.2511317107,0.05312068179,0.05588292579,1
improved,0.0,physical_matched,10,s4-s5,1,svd,63,84,3,3,1,2.920715765,0.414413526,0.4603077753,0
improved,0.0,physical_matched,10,s4-s5,1,svd+ransac,63,84,3,3,1,2.920715765,0.414413526,0.4603077753,0
improved,0.0,physical_matched,10,s4-s6,1,svd,63,102,5,5,1,0.7492504609,0.1231586768,0.1312664218,1
improved,0.0,physical_matched,10,s4-s6,1,svd+ransac,63,102,5,5,1,0.7492504609,0.1231586768,0.1312664218,1
improved,0.0,physical_matched,10,s5-s6,1,svd,84,102,7,7,1,0.2726066037,0.04501607373,0.04690593573,1
improved,0.0,physical_matched,10,s5-s6,1,svd+ransac,84,102,7,7,1,0.2726066037,0.04501607373,0.04690593573,1
improved,0.3,step_raw,1,s1-s2,1,svd,47,45,8,8,1,0.233705796,0.02404016082,0.02748347449,1
improved,0.3,step_raw,1,s1-s2,1,svd+ransac,47,45,8,8,1,0.233705796,0.02404016082,0.02748347449,1
improved,0.3,step_raw,1,s1-s3,1,svd,47,42,6,6,1,0.3877068383,0.03912403919,0.04442696511,1
improved,0.3,step_raw,1,s1-s3,1,svd+ransac,47,42,6,6,1,0.3877068383,0.03912403919,0.04442696511,1
improved,0.3,step_raw,1,s1-s4,0,svd,47,55,0,0,0,nan,nan,nan,0
improved,0.3,step_raw,1,s1-s4,0,svd+ransac,47,55,0,0,0,nan,nan,nan,0
improved,0.3,step_raw,1,s1-s5,0,svd,47,71,0,0,0,nan,nan,nan,0
improved,0.3,step_raw,1,s1-s5,0,svd+ransac,47,71,0,0,0,nan,nan,nan,0
improved,0.3,step_raw,1,s1-s6,0,svd,47,83,0,0,0,nan,nan,nan,0
improved,0.3,step_raw,1,s1-s6,0,svd+ransac,47,83,0,0,0,nan,nan,nan,0
improved,0.3,step_raw,1,s2-s3,1,svd,45,42,6,6,1,0.1609317098,0.01365609036,0.01739140282,1
improved,0.3,step_raw,1,s2-s3,1,svd+ransac,45,42,6,6,1,0.1609317098,0.01365609036,0.01739140282,1
improved,0.3,step_raw,1,s2-s4,1,svd,45,55,7,7,1,0.4137520156,0.02757750859,0.04635347694,1
improved,0.3,step_raw,1,s2-s4,1,svd+ransac,45,55,7,7,1,0.4137520156,0.02757750859,0.04635347694,1
improved,0.3,step_raw,1,s2-s5,1,svd,45,71,6,6,1,0.6581003049,0.003991234658,0.0462663448,1
improved,0.3,step_raw,1,s2-s5,1,svd+ransac,45,71,6,6,1,0.6581003049,0.003991234658,0.0462663448,1
improved,0.3,step_raw,1,s2-s6,0,svd,45,83,8,8,1,0.3245384224,0.05700017074,0.06151149362,1
improved,0.3,step_raw,1,s2-s6,0,svd+ransac,45,83,8,8,1,0.3245384224,0.05700017074,0.06151149362,1
improved,0.3,step_raw,1,s3-s4,1,svd,42,55,6,6,1,0.6024488183,0.05227457724,0.0683207837,1
improved,0.3,step_raw,1,s3-s4,1,svd+ransac,42,55,6,6,1,0.6024488183,0.05227457724,0.0683207837,1
improved,0.3,step_raw,1,s3-s5,1,svd,42,71,5,5,1,0.3964144747,0.1015360899,0.1026030212,1
improved,0.3,step_raw,1,s3-s5,1,svd+ransac,42,71,5,5,1,0.3964144747,0.1015360899,0.1026030212,1
improved,0.3,step_raw,1,s3-s6,0,svd,42,83,5,5,1,0.8139744599,0.2503708994,0.2520540521,1
improved,0.3,step_raw,1,s3-s6,0,svd+ransac,42,83,5,5,1,0.8139744599,0.2503708994,0.2520540521,1
improved,0.3,step_raw,1,s4-s5,1,svd,55,71,10,10,1,0.3051794544,0.0591315718,0.0635820173,1
improved,0.3,step_raw,1,s4-s5,1,svd+ransac,55,71,10,10,1,0.3051794544,0.0591315718,0.0635820173,1
improved,0.3,step_raw,1,s4-s6,1,svd,55,83,12,12,1,0.149312223,0.02846626729,0.03169239146,1
improved,0.3,step_raw,1,s4-s6,1,svd+ransac,55,83,12,12,1,0.149312223,0.02846626729,0.03169239146,1
improved,0.3,step_raw,1,s5-s6,1,svd,71,83,11,11,1,0.1932054174,0.02183104295,0.02543080574,1
improved,0.3,step_raw,1,s5-s6,1,svd+ransac,71,83,11,11,1,0.1932054174,0.02183104295,0.02543080574,1
improved,0.3,step_raw,2,s1-s2,1,svd,48,50,5,5,1,0.6045777673,0.1509399484,0.1589472968,1
improved,0.3,step_raw,2,s1-s2,1,svd+ransac,48,50,5,5,1,0.6045777673,0.1509399484,0.1589472968,1
improved,0.3,step_raw,2,s1-s3,1,svd,48,41,11,11,1,0.8326964777,0.07348862738,0.08612623149,1
improved,0.3,step_raw,2,s1-s3,1,svd+ransac,48,41,11,11,1,0.396252414,0.06422335676,0.06743962594,1
improved,0.3,step_raw,2,s1-s4,0,svd,48,59,2,2,0,nan,nan,nan,0
improved,0.3,step_raw,2,s1-s4,0,svd+ransac,48,59,2,2,0,nan,nan,nan,0
improved,0.3,step_raw,2,s1-s5,0,svd,48,73,5,5,1,0.3915280101,0.08581993375,0.08889151131,1
improved,0.3,step_raw,2,s1-s5,0,svd+ransac,48,73,5,5,1,0.3915280101,0.08581993375,0.08889151131,1
improved,0.3,step_raw,2,s1-s6,0,svd,48,81,3,3,1,1.705890163,0.0606403918,0.1270504827,1
improved,0.3,step_raw,2,s1-s6,0,svd+ransac,48,81,3,3,1,1.705890163,0.0606403918,0.1270504827,1
improved,0.3,step_raw,2,s2-s3,1,svd,50,41,4,4,1,3.100805571,0.4460464723,0.4721835588,0
improved,0.3,step_raw,2,s2-s3,1,svd+ransac,50,41,4,4,1,3.100805571,0.4460464723,0.4721835588,0
improved,0.3,step_raw,2,s2-s4,1,svd,50,59,2,2,0,nan,nan,nan,0
improved,0.3,step_raw,2,s2-s4,1,svd+ransac,50,59,2,2,0,nan,nan,nan,0
improved,0.3,step_raw,2,s2-s5,1,svd,50,73,3,3,1,5.319056766,1.369119796,1.400848819,0
improved,0.3,step_raw,2,s2-s5,1,svd+ransac,50,73,3,3,1,5.319056766,1.369119796,1.400848819,0
improved,0.3,step_raw,2,s2-s6,0,svd,50,81,8,8,1,1.025113704,0.03650940862,0.07274295354,1
improved,0.3,step_raw,2,s2-s6,0,svd+ransac,50,81,8,8,1,1.025113704,0.03650940862,0.07274295354,1
improved,0.3,step_raw,2,s3-s4,1,svd,41,59,5,5,1,0.1618714754,0.03227679827,0.03448967932,1
improved,0.3,step_raw,2,s3-s4,1,svd+ransac,41,59,5,5,1,0.1618714754,0.03227679827,0.03448967932,1
improved,0.3,step_raw,2,s3-s5,1,svd,41,73,3,3,1,5.219106325,1.434154112,1.451273291,0
improved,0.3,step_raw,2,s3-s5,1,svd+ransac,41,73,3,3,1,5.219106325,1.434154112,1.451273291,0
improved,0.3,step_raw,2,s3-s6,0,svd,41,81,1,1,0,nan,nan,nan,0
improved,0.3,step_raw,2,s3-s6,0,svd+ransac,41,81,1,1,0,nan,nan,nan,0
improved,0.3,step_raw,2,s4-s5,1,svd,59,73,8,8,1,0.309412524,0.0889815772,0.09125827879,1
improved,0.3,step_raw,2,s4-s5,1,svd+ransac,59,73,8,8,1,0.309412524,0.0889815772,0.09125827879,1
improved,0.3,step_raw,2,s4-s6,1,svd,59,81,9,9,1,0.226955388,0.02482608965,0.03231219097,1
improved,0.3,step_raw,2,s4-s6,1,svd+ransac,59,81,9,9,1,0.226955388,0.02482608965,0.03231219097,1
improved,0.3,step_raw,2,s5-s6,1,svd,73,81,10,10,1,0.1736596183,0.0113468341,0.01878299955,1
improved,0.3,step_raw,2,s5-s6,1,svd+ransac,73,81,10,10,1,0.1736596183,0.0113468341,0.01878299955,1
improved,0.3,step_raw,3,s1-s2,1,svd,52,45,7,7,1,0.3560731393,0.01180301043,0.02761574718,1
improved,0.3,step_raw,3,s1-s2,1,svd+ransac,52,45,7,7,1,0.3560731393,0.01180301043,0.02761574718,1
improved,0.3,step_raw,3,s1-s3,1,svd,52,46,9,9,1,0.3688404171,0.02274082314,0.03096929879,1
improved,0.3,step_raw,3,s1-s3,1,svd+ransac,52,46,9,9,1,0.3688404171,0.02274082314,0.03096929879,1
improved,0.3,step_raw,3,s1-s4,0,svd,52,53,4,4,1,0.3018447362,0.07106168283,0.07447001898,1
improved,0.3,step_raw,3,s1-s4,0,svd+ransac,52,53,4,4,1,0.3018447362,0.07106168283,0.07447001898,1
improved,0.3,step_raw,3,s1-s5,0,svd,52,72,4,4,1,1.506288111,0.5226000249,0.5323394277,0
improved,0.3,step_raw,3,s1-s5,0,svd+ransac,52,72,4,4,1,1.506288111,0.5226000249,0.5323394277,0
improved,0.3,step_raw,3,s1-s6,0,svd,52,78,3,3,1,0.580787424,0.02258443099,0.04010568595,1
improved,0.3,step_raw,3,s1-s6,0,svd+ransac,52,78,3,3,1,0.580787424,0.02258443099,0.04010568595,1
improved,0.3,step_raw,3,s2-s3,1,svd,45,46,6,6,1,0.1164879456,0.01869536648,0.02209408806,1
improved,0.3,step_raw,3,s2-s3,1,svd+ransac,45,46,6,6,1,0.1164879456,0.01869536648,0.02209408806,1
improved,0.3,step_raw,3,s2-s4,1,svd,45,53,7,7,1,0.7554482868,0.04270068298,0.06414966182,1
improved,0.3,step_raw,3,s2-s4,1,svd+ransac,45,53,7,7,1,0.7554482868,0.04270068298,0.06414966182,1
improved,0.3,step_raw,3,s2-s5,1,svd,45,72,6,6,1,0.6153820618,0.02470593417,0.04489843778,1
improved,0.3,step_raw,3,s2-s5,1,svd+ransac,45,72,6,6,1,0.6153820618,0.02470593417,0.04489843778,1
improved,0.3,step_raw,3,s2-s6,0,svd,45,78,10,10,1,2.732787792,0.1080861419,0.1882301118,0
improved,0.3,step_raw,3,s2-s6,0,svd+ransac,45,78,10,10,1,0.9731248798,0.03262600356,0.06446782594,1
improved,0.3,step_raw,3,s3-s4,1,svd,46,53,2,2,0,nan,nan,nan,0
improved,0.3,step_raw,3,s3-s4,1,svd+ransac,46,53,2,2,0,nan,nan,nan,0
improved,0.3,step_raw,3,s3-s5,1,svd,46,72,6,6,1,0.9184424534,0.2074398845,0.2126299842,1
improved,0.3,step_raw,3,s3-s5,1,svd+ransac,46,72,6,6,1,0.9184424534,0.2074398845,0.2126299842,1
improved,0.3,step_raw,3,s3-s6,0,svd,46,78,3,3,1,1.407628713,0.3370634187,0.3455327289,1
improved,0.3,step_raw,3,s3-s6,0,svd+ransac,46,78,3,3,1,1.407628713,0.3370634187,0.3455327289,1
improved,0.3,step_raw,3,s4-s5,1,svd,53,72,8,8,1,0.05425186779,0.0387286965,0.03896976755,1
improved,0.3,step_raw,3,s4-s5,1,svd+ransac,53,72,8,8,1,0.05425186779,0.0387286965,0.03896976755,1
improved,0.3,step_raw,3,s4-s6,1,svd,53,78,13,13,1,0.1005508095,0.03063862158,0.03203706102,1
improved,0.3,step_raw,3,s4-s6,1,svd+ransac,53,78,13,13,1,0.1005508095,0.03063862158,0.03203706102,1
improved,0.3,step_raw,3,s5-s6,1,svd,72,78,12,12,1,0.2050823176,0.01828994856,0.02460798475,1
improved,0.3,step_raw,3,s5-s6,1,svd+ransac,72,78,12,12,1,0.2050823176,0.01828994856,0.02460798475,1
improved,0.3,step_raw,4,s1-s2,1,svd,49,47,9,9,1,0.3971782622,0.06756081188,0.07117562093,1
improved,0.3,step_raw,4,s1-s2,1,svd+ransac,49,47,9,9,1,0.3971782622,0.06756081188,0.07117562093,1
improved,0.3,step_raw,4,s1-s3,1,svd,49,42,11,11,1,0.8272541544,0.03476510349,0.05785558527,1
improved,0.3,step_raw,4,s1-s3,1,svd+ransac,49,42,11,11,1,0.8272541544,0.03476510349,0.05785558527,1
improved,0.3,step_raw,4,s1-s4,0,svd,49,53,5,5,1,0.9563703953,0.1258282321,0.1380440372,1
improved,0.3,step_raw,4,s1-s4,0,svd+ransac,49,53,5,5,1,0.9563703953,0.1258282321,0.1380440372,1
improved,0.3,step_raw,4,s1-s5,0,svd,49,73,6,6,1,0.6853451666,0.1649653802,0.1679832873,1
improved,0.3,step_raw,4,s1-s5,0,svd+ransac,49,73,6,6,1,0.6853451666,0.1649653802,0.1679832873,1
improved,0.3,step_raw,4,s1-s6,0,svd,49,80,0,0,0,nan,nan,nan,0
improved,0.3,step_raw,4,s1-s6,0,svd+ransac,49,80,0,0,0,nan,nan,nan,0
improved,0.3,step_raw,4,s2-s3,1,svd,47,42,12,12,1,3.161419564,0.206224637,0.2681354153,0
improved,0.3,step_raw,4,s2-s3,1,svd+ransac,47,42,12,12,1,0.1574158336,0.03729801125,0.03878217891,1
improved,0.3,step_raw,4,s2-s4,1,svd,47,53,3,3,1,2.831209165,0.0561971333,0.1800391157,0
improved,0.3,step_raw,4,s2-s4,1,svd+ransac,47,53,3,3,1,2.831209165,0.0561971333,0.1800391157,0
improved,0.3,step_raw,4,s2-s5,1,svd,47,73,1,1,0,nan,nan,nan,0
improved,0.3,step_raw,4,s2-s5,1,svd+ransac,47,73,1,1,0,nan,nan,nan,0
improved,0.3,step_raw,4,s2-s6,0,svd,47,80,2,2,0,nan,nan,nan,0
improved,0.3,step_raw,4,s2-s6,0,svd+ransac,47,80,2,2,0,nan,nan,nan,0
improved,0.3,step_raw,4,s3-s4,1,svd,42,53,2,2,0,nan,nan,nan,0
improved,0.3,step_raw,4,s3-s4,1,svd+ransac,42,53,2,2,0,nan,nan,nan,0
improved,0.3,step_raw,4,s3-s5,1,svd,42,73,3,3,1,1.204508185,0.3635932686,0.3667582157,1
improved,0.3,step_raw,4,s3-s5,1,svd+ransac,42,73,3,3,1,1.204508185,0.3635932686,0.3667582157,1
improved,0.3,step_raw,4,s3-s6,0,svd,42,80,3,3,1,0.7568131925,0.2394796984,0.24129705,1
improved,0.3,step_raw,4,s3-s6,0,svd+ransac,42,80,3,3,1,0.7568131925,0.2394796984,0.24129705,1
improved,0.3,step_raw,4,s4-s5,1,svd,53,73,9,9,1,0.3155781999,0.06011206064,0.06424157875,1
improved,0.3,step_raw,4,s4-s5,1,svd+ransac,53,73,9,9,1,0.3155781999,0.06011206064,0.06424157875,1
improved,0.3,step_raw,4,s4-s6,1,svd,53,80,10,10,1,0.1408133834,0.06440316431,0.06533070253,1
improved,0.3,step_raw,4,s4-s6,1,svd+ransac,53,80,10,10,1,0.1408133834,0.06440316431,0.06533070253,1
improved,0.3,step_raw,4,s5-s6,1,svd,73,80,8,8,1,0.3442196798,0.02100358737,0.02885445813,1
improved,0.3,step_raw,4,s5-s6,1,svd+ransac,73,80,8,8,1,0.3442196798,0.02100358737,0.02885445813,1
improved,0.3,step_raw,5,s1-s2,1,svd,52,49,5,5,1,0.6222216314,0.08841152018,0.09500789125,1
improved,0.3,step_raw,5,s1-s2,1,svd+ransac,52,49,5,5,1,0.6222216314,0.08841152018,0.09500789125,1
improved,0.3,step_raw,5,s1-s3,1,svd,52,44,12,12,1,0.7535419823,0.03271637548,0.05223535902,1
improved,0.3,step_raw,5,s1-s3,1,svd+ransac,52,44,12,12,1,0.7535419823,0.03271637548,0.05223535902,1
improved,0.3,step_raw,5,s1-s4,0,svd,52,54,4,4,1,0.4802494065,0.102759277,0.1055469924,1
improved,0.3,step_raw,5,s1-s4,0,svd+ransac,52,54,4,4,1,0.4802494065,0.102759277,0.1055469924,1
improved,0.3,step_raw,5,s1-s5,0,svd,52,72,3,3,1,0.767195159,0.2355078186,0.2412671072,1
improved,0.3,step_raw,5,s1-s5,0,svd+ransac,52,72,3,3,1,0.767195159,0.2355078186,0.2412671072,1
improved,0.3,step_raw,5,s1-s6,0,svd,52,85,0,0,0,nan,nan,nan,0
improved,0.3,step_raw,5,s1-s6,0,svd+ransac,52,85,0,0,0,nan,nan,nan,0
improved,0.3,step_raw,5,s2-s3,1,svd,49,44,13,13,1,1.250538626,0.06991657523,0.09883156876,1
improved,0.3,step_raw,5,s2-s3,1,svd+ransac,49,44,13,13,1,0.1130956567,0.01908298673,0.02081534644,1
improved,0.3,step_raw,5,s2-s4,1,svd,49,54,3,3,1,0.67943834,0.0200356181,0.05338388254,1
improved,0.3,step_raw,5,s2-s4,1,svd+ransac,49,54,3,3,1,0.67943834,0.0200356181,0.05338388254,1
improved,0.3,step_raw,5,s2-s5,1,svd,49,72,7,7,1,0.5977422072,0.01435109562,0.03992127353,1
improved,0.3,step_raw,5,s2-s5,1,svd+ransac,49,72,7,7,1,0.5977422072,0.01435109562,0.03992127353,1
improved,0.3,step_raw,5,s2-s6,0,svd,49,85,6,6,1,1.059451404,0.0957966362,0.113540619,1
improved,0.3,step_raw,5,s2-s6,0,svd+ransac,49,85,6,6,1,1.059451404,0.0957966362,0.113540619,1
improved,0.3,step_raw,5,s3-s4,1,svd,44,54,2,2,0,nan,nan,nan,0
improved,0.3,step_raw,5,s3-s4,1,svd+ransac,44,54,2,2,0,nan,nan,nan,0
improved,0.3,step_raw,5,s3-s5,1,svd,44,72,4,4,1,0.4050129332,0.09355635128,0.0956800741,1
improved,0.3,step_raw,5,s3-s5,1,svd+ransac,44,72,4,4,1,0.4050129332,0.09355635128,0.0956800741,1
improved,0.3,step_raw,5,s3-s6,0,svd,44,85,6,6,1,0.6409209567,0.06796592042,0.07700127047,1
improved,0.3,step_raw,5,s3-s6,0,svd+ransac,44,85,6,6,1,0.6409209567,0.06796592042,0.07700127047,1
improved,0.3,step_raw,5,s4-s5,1,svd,54,72,8,8,1,0.1732699115,0.0715832967,0.0726482345,1
improved,0.3,step_raw,5,s4-s5,1,svd+ransac,54,72,8,8,1,0.1732699115,0.0715832967,0.0726482345,1
improved,0.3,step_raw,5,s4-s6,1,svd,54,85,5,5,1,1.098265865,0.1612552245,0.1789975871,1
improved,0.3,step_raw,5,s4-s6,1,svd+ransac,54,85,5,5,1,1.098265865,0.1612552245,0.1789975871,1
improved,0.3,step_raw,5,s5-s6,1,svd,72,85,11,11,1,0.3150281108,0.01382471301,0.02347219467,1
improved,0.3,step_raw,5,s5-s6,1,svd+ransac,72,85,11,11,1,0.3150281108,0.01382471301,0.02347219467,1
improved,0.3,step_raw,6,s1-s2,1,svd,48,46,5,5,1,0.1656395895,0.02863662208,0.03152245677,1
improved,0.3,step_raw,6,s1-s2,1,svd+ransac,48,46,5,5,1,0.1656395895,0.02863662208,0.03152245677,1
improved,0.3,step_raw,6,s1-s3,1,svd,48,40,6,6,1,1.049323754,0.05984717864,0.08384204227,1
improved,0.3,step_raw,6,s1-s3,1,svd+ransac,48,40,6,6,1,0.4466168609,0.04678149478,0.05292265826,1
improved,0.3,step_raw,6,s1-s4,0,svd,48,55,1,1,0,nan,nan,nan,0
improved,0.3,step_raw,6,s1-s4,0,svd+ransac,48,55,1,1,0,nan,nan,nan,0
improved,0.3,step_raw,6,s1-s5,0,svd,48,71,5,5,1,0.3726851881,0.07666711922,0.078607119,1
improved,0.3,step_raw,6,s1-s5,0,svd+ransac,48,71,5,5,1,0.3726851881,0.07666711922,0.078607119,1
improved,0.3,step_raw,6,s1-s6,0,svd,48,84,4,4,1,1.665256908,0.06056456992,0.1303956846,1
improved,0.3,step_raw,6,s1-s6,0,svd+ransac,48,84,4,4,1,1.665256908,0.06056456992,0.1303956846,1
improved,0.3,step_raw,6,s2-s3,1,svd,46,40,10,10,1,1.664164593,0.09373758636,0.1371924745,1
improved,0.3,step_raw,6,s2-s3,1,svd+ransac,46,40,10,10,1,0.482352887,0.07581992259,0.08190469994,1
improved,0.3,step_raw,6,s2-s4,1,svd,46,55,1,1,0,nan,nan,nan,0
improved,0.3,step_raw,6,s2-s4,1,svd+ransac,46,55,1,1,0,nan,nan,nan,0
improved,0.3,step_raw,6,s2-s5,1,svd,46,71,2,2,0,nan,nan,nan,0
improved,0.3,step_raw,6,s2-s5,1,svd+ransac,46,71,2,2,0,nan,nan,nan,0
improved,0.3,step_raw,6,s2-s6,0,svd,46,84,9,9,1,0.9328861125,0.04075114751,0.07110855737,1
improved,0.3,step_raw,6,s2-s6,0,svd+ransac,46,84,9,9,1,0.9328861125,0.04075114751,0.07110855737,1
improved,0.3,step_raw,6,s3-s4,1,svd,40,55,1,1,0,nan,nan,nan,0
improved,0.3,step_raw,6,s3-s4,1,svd+ransac,40,55,1,1,0,nan,nan,nan,0
improved,0.3,step_raw,6,s3-s5,1,svd,40,71,4,4,1,0.6733208569,0.09499799843,0.1039842115,1
improved,0.3,step_raw,6,s3-s5,1,svd+ransac,40,71,4,4,1,0.6733208569,0.09499799843,0.1039842115,1
improved,0.3,step_raw,6,s3-s6,0,svd,40,84,2,2,0,nan,nan,nan,0
improved,0.3,step_raw,6,s3-s6,0,svd+ransac,40,84,2,2,0,nan,nan,nan,0
improved,0.3,step_raw,6,s4-s5,1,svd,55,71,10,10,1,0.2646706285,0.06499262575,0.06763718535,1
improved,0.3,step_raw,6,s4-s5,1,svd+ransac,55,71,10,10,1,0.2646706285,0.06499262575,0.06763718535,1
improved,0.3,step_raw,6,s4-s6,1,svd,55,84,4,4,1,3.657795557,0.1603447976,0.2704879738,0
improved,0.3,step_raw,6,s4-s6,1,svd+ransac,55,84,4,4,1,3.657795557,0.1603447976,0.2704879738,0
improved,0.3,step_raw,6,s5-s6,1,svd,71,84,6,6,1,0.4809829349,0.03503085673,0.04614702855,1
improved,0.3,step_raw,6,s5-s6,1,svd+ransac,71,84,6,6,1,0.4809829349,0.03503085673,0.04614702855,1
improved,0.3,step_raw,7,s1-s2,1,svd,44,46,3,3,1,0.1093277938,0.0214624731,0.02350141997,1
improved,0.3,step_raw,7,s1-s2,1,svd+ransac,44,46,3,3,1,0.1093277938,0.0214624731,0.02350141997,1
improved,0.3,step_raw,7,s1-s3,1,svd,44,42,5,5,1,0.682755089,0.06577975817,0.07578379232,1
improved,0.3,step_raw,7,s1-s3,1,svd+ransac,44,42,5,5,1,0.682755089,0.06577975817,0.07578379232,1
improved,0.3,step_raw,7,s1-s4,0,svd,44,51,6,6,1,1.41895456,0.2733127743,0.2827234276,1
improved,0.3,step_raw,7,s1-s4,0,svd+ransac,44,51,6,6,1,1.41895456,0.2733127743,0.2827234276,1
improved,0.3,step_raw,7,s1-s5,0,svd,44,73,6,6,1,2.14900351,0.7939911405,0.8075242526,0
improved,0.3,step_raw,7,s1-s5,0,svd+ransac,44,73,6,6,1,2.14900351,0.7939911405,0.8075242526,0
improved,0.3,step_raw,7,s1-s6,0,svd,44,83,3,3,1,3.212641746,0.2602417001,0.3171028143,0
improved,0.3,step_raw,7,s1-s6,0,svd+ransac,44,83,3,3,1,3.212641746,0.2602417001,0.3171028143,0
improved,0.3,step_raw,7,s2-s3,1,svd,46,42,11,11,1,1.348983416,0.08282764397,0.111783504,1
improved,0.3,step_raw,7,s2-s3,1,svd+ransac,46,42,11,11,1,0.1926732969,0.02256980721,0.0284327594,1
improved,0.3,step_raw,7,s2-s4,1,svd,46,51,1,1,0,nan,nan,nan,0
improved,0.3,step_raw,7,s2-s4,1,svd+ransac,46,51,1,1,0,nan,nan,nan,0
improved,0.3,step_raw,7,s2-s5,1,svd,46,73,5,5,1,0.7952165188,0.044437317,0.06555168118,1
improved,0.3,step_raw,7,s2-s5,1,svd+ransac,46,73,5,5,1,0.7952165188,0.044437317,0.06555168118,1
improved,0.3,step_raw,7,s2-s6,0,svd,46,83,10,10,1,0.9564735944,0.03529646339,0.0688463473,1
improved,0.3,step_raw,7,s2-s6,0,svd+ransac,46,83,10,10,1,0.9564735944,0.03529646339,0.0688463473,1
improved,0.3,step_raw,7,s3-s4,1,svd,42,51,3,3,1,0.4855523713,0.07528671191,0.08163548219,1
improved,0.3,step_raw,7,s3-s4,1,svd+ransac,42,51,3,3,1,0.4855523713,0.07528671191,0.08163548219,1
improved,0.3,step_raw,7,s3-s5,1,svd,42,73,3,3,1,0.2640469261,0.05004975417,0.05239304714,1
improved,0.3,step_raw,7,s3-s5,1,svd+ransac,42,73,3,3,1,0.2640469261,0.05004975417,0.05239304714,1
improved,0.3,step_raw,7,s3-s6,0,svd,42,83,3,3,1,0.3055927181,0.03303679696,0.03879543336,1
improved,0.3,step_raw,7,s3-s6,0,svd+ransac,42,83,3,3,1,0.3055927181,0.03303679696,0.03879543336,1
improved,0.3,step_raw,7,s4-s5,1,svd,51,73,9,9,1,0.1655809339,0.05891733511,0.06039906921,1
improved,0.3,step_raw,7,s4-s5,1,svd+ransac,51,73,9,9,1,0.1655809339,0.05891733511,0.06039906921,1
improved,0.3,step_raw,7,s4-s6,1,svd,51,83,6,6,1,2.038160466,0.04379928202,0.131179847,0
improved,0.3,step_raw,7,s4-s6,1,svd+ransac,51,83,6,6,1,2.038160466,0.04379928202,0.131179847,0
improved,0.3,step_raw,7,s5-s6,1,svd,73,83,10,10,1,3.136098385,0.178594201,0.2505426278,0
improved,0.3,step_raw,7,s5-s6,1,svd+ransac,73,83,10,10,1,0.8432604763,0.05937481944,0.07681081501,1
improved,0.3,step_raw,8,s1-s2,1,svd,52,48,0,0,0,nan,nan,nan,0
improved,0.3,step_raw,8,s1-s2,1,svd+ransac,52,48,0,0,0,nan,nan,nan,0
improved,0.3,step_raw,8,s1-s3,1,svd,52,43,9,9,1,0.9002664049,0.06195973105,0.07980509713,1
improved,0.3,step_raw,8,s1-s3,1,svd+ransac,52,43,9,9,1,0.9002664049,0.06195973105,0.07980509713,1
improved,0.3,step_raw,8,s1-s4,0,svd,52,53,4,4,1,1.51483085,0.2136489041,0.2305594747,1
improved,0.3,step_raw,8,s1-s4,0,svd+ransac,52,53,4,4,1,1.51483085,0.2136489041,0.2305594747,1
improved,0.3,step_raw,8,s1-s5,0,svd,52,75,3,3,1,0.7345924531,0.213745684,0.2206422997,1
improved,0.3,step_raw,8,s1-s5,0,svd+ransac,52,75,3,3,1,0.7345924531,0.213745684,0.2206422997,1
improved,0.3,step_raw,8,s1-s6,0,svd,52,82,7,7,1,1.022399001,0.03813680869,0.08308439178,1
improved,0.3,step_raw,8,s1-s6,0,svd+ransac,52,82,7,7,1,1.022399001,0.03813680869,0.08308439178,1
improved,0.3,step_raw,8,s2-s3,1,svd,48,43,6,6,1,1.893101621,0.1021744165,0.1488938508,1
improved,0.3,step_raw,8,s2-s3,1,svd+ransac,48,43,6,6,1,0.1823402596,0.02003563543,0.02341092815,1
improved,0.3,step_raw,8,s2-s4,1,svd,48,53,4,4,1,0.9781376555,0.1186784258,0.1387252588,1
improved,0.3,step_raw,8,s2-s4,1,svd+ransac,48,53,4,4,1,0.9781376555,0.1186784258,0.1387252588,1
improved,0.3,step_raw,8,s2-s5,1,svd,48,75,2,2,0,nan,nan,nan,0
improved,0.3,step_raw,8,s2-s5,1,svd+ransac,48,75,2,2,0,nan,nan,nan,0
improved,0.3,step_raw,8,s2-s6,0,svd,48,82,5,5,1,3.287916218,0.2354604023,0.313061106,0
improved,0.3,step_raw,8,s2-s6,0,svd+ransac,48,82,5,5,1,6.858546242,0.3349526057,0.4984000999,0
improved,0.3,step_raw,8,s3-s4,1,svd,43,53,6,6,1,0.6214085331,0.0107545156,0.03985872147,1
improved,0.3,step_raw,8,s3-s4,1,svd+ransac,43,53,6,6,1,0.6214085331,0.0107545156,0.03985872147,1
improved,0.3,step_raw,8,s3-s5,1,svd,43,75,12,12,1,0.4051876121,0.06977840579,0.07830175096,1
improved,0.3,step_raw,8,s3-s5,1,svd+ransac,43,75,12,12,1,0.2087071408,0.04078281274,0.04613645651,1
improved,0.3,step_raw,8,s3-s6,0,svd,43,82,7,7,1,0.8522207453,0.4450673394,0.4422356401,1
improved,0.3,step_raw,8,s3-s6,0,svd+ransac,43,82,7,7,1,0.8522207453,0.4450673394,0.4422356401,1
improved,0.3,step_raw,8,s4-s5,1,svd,53,75,7,7,1,0.09310793061,0.03860949033,0.03961403601,1
improved,0.3,step_raw,8,s4-s5,1,svd+ransac,53,75,7,7,1,0.09310793061,0.03860949033,0.03961403601,1
improved,0.3,step_raw,8,s4-s6,1,svd,53,82,7,7,1,0.5940587264,0.1390884058,0.1455707648,1
improved,0.3,step_raw,8,s4-s6,1,svd+ransac,53,82,7,7,1,0.5940587264,0.1390884058,0.1455707648,1
improved,0.3,step_raw,8,s5-s6,1,svd,75,82,6,6,1,0.07679366714,0.02416613336,0.02587635971,1
improved,0.3,step_raw,8,s5-s6,1,svd+ransac,75,82,6,6,1,0.07679366714,0.02416613336,0.02587635971,1
improved,0.3,step_raw,9,s1-s2,1,svd,48,53,7,7,1,0.2797120553,0.02127278196,0.03025113501,1
improved,0.3,step_raw,9,s1-s2,1,svd+ransac,48,53,7,7,1,0.2797120553,0.02127278196,0.03025113501,1
improved,0.3,step_raw,9,s1-s3,1,svd,48,44,10,10,1,0.6911100573,0.03110273696,0.05087361053,1
improved,0.3,step_raw,9,s1-s3,1,svd+ransac,48,44,10,10,1,0.6911100573,0.03110273696,0.05087361053,1
improved,0.3,step_raw,9,s1-s4,0,svd,48,53,3,3,1,3.59588384,0.2956593927,0.3601654182,0
improved,0.3,step_raw,9,s1-s4,0,svd+ransac,48,53,3,3,1,3.59588384,0.2956593927,0.3601654182,0
improved,0.3,step_raw,9,s1-s5,0,svd,48,70,1,1,0,nan,nan,nan,0
improved,0.3,step_raw,9,s1-s5,0,svd+ransac,48,70,1,1,0,nan,nan,nan,0
improved,0.3,step_raw,9,s1-s6,0,svd,48,82,0,0,0,nan,nan,nan,0
improved,0.3,step_raw,9,s1-s6,0,svd+ransac,48,82,0,0,0,nan,nan,nan,0
improved,0.3,step_raw,9,s2-s3,1,svd,53,44,5,5,1,0.1952761333,0.04259708395,0.04564559018,1
improved,0.3,step_raw,9,s2-s3,1,svd+ransac,53,44,5,5,1,0.1952761333,0.04259708395,0.04564559018,1
improved,0.3,step_raw,9,s2-s4,1,svd,53,53,6,6,1,0.6826157792,0.04968558067,0.0715981729,1
improved,0.3,step_raw,9,s2-s4,1,svd+ransac,53,53,6,6,1,0.6826157792,0.04968558067,0.0715981729,1
improved,0.3,step_raw,9,s2-s5,1,svd,53,70,3,3,1,0.9230950058,0.07651943324,0.09626447006,1
improved,0.3,step_raw,9,s2-s5,1,svd+ransac,53,70,3,3,1,0.9230950058,0.07651943324,0.09626447006,1
improved,0.3,step_raw,9,s2-s6,0,svd,53,82,8,8,1,1.028389796,0.05467115709,0.08653013257,1
improved,0.3,step_raw,9,s2-s6,0,svd+ransac,53,82,8,8,1,1.028389796,0.05467115709,0.08653013257,1
improved,0.3,step_raw,9,s3-s4,1,svd,44,53,4,4,1,0.7756182305,0.04075854253,0.06492039393,1
improved,0.3,step_raw,9,s3-s4,1,svd+ransac,44,53,4,4,1,0.7756182305,0.04075854253,0.06492039393,1
improved,0.3,step_raw,9,s3-s5,1,svd,44,70,4,4,1,0.1223028853,0.015869174,0.01755341005,1
improved,0.3,step_raw,9,s3-s5,1,svd+ransac,44,70,4,4,1,0.1223028853,0.015869174,0.01755341005,1
improved,0.3,step_raw,9,s3-s6,0,svd,44,82,5,5,1,0.399131897,0.01716325973,0.03459775542,1
improved,0.3,step_raw,9,s3-s6,0,svd+ransac,44,82,5,5,1,0.399131897,0.01716325973,0.03459775542,1
improved,0.3,step_raw,9,s4-s5,1,svd,53,70,11,11,1,0.03632451696,0.04623801537,0.04641096954,1
improved,0.3,step_raw,9,s4-s5,1,svd+ransac,53,70,11,11,1,0.03632451696,0.04623801537,0.04641096954,1
improved,0.3,step_raw,9,s4-s6,1,svd,53,82,6,6,1,0.4022635896,0.08375108874,0.08705646036,1
improved,0.3,step_raw,9,s4-s6,1,svd+ransac,53,82,6,6,1,0.4022635896,0.08375108874,0.08705646036,1
improved,0.3,step_raw,9,s5-s6,1,svd,70,82,14,14,1,0.9325657665,0.05468432621,0.08119018181,1
improved,0.3,step_raw,9,s5-s6,1,svd+ransac,70,82,14,14,1,0.04165745504,0.01307932594,0.01381665213,1
improved,0.3,step_raw,10,s1-s2,1,svd,48,52,6,6,1,0.8807004369,0.2396514478,0.2482718865,1
improved,0.3,step_raw,10,s1-s2,1,svd+ransac,48,52,6,6,1,0.8807004369,0.2396514478,0.2482718865,1
improved,0.3,step_raw,10,s1-s3,1,svd,48,44,8,8,1,1.004957954,0.05489844567,0.08300456032,1
improved,0.3,step_raw,10,s1-s3,1,svd+ransac,48,44,8,8,1,0.3640657261,0.04328292225,0.0478609234,1
improved,0.3,step_raw,10,s1-s4,0,svd,48,53,8,8,1,0.9884579001,0.1223338139,0.1370410352,1
improved,0.3,step_raw,10,s1-s4,0,svd+ransac,48,53,8,8,1,0.9884579001,0.1223338139,0.1370410352,1
improved,0.3,step_raw,10,s1-s5,0,svd,48,71,6,6,1,0.6093888557,0.1131607099,0.1175013091,1
improved,0.3,step_raw,10,s1-s5,0,svd+ransac,48,71,6,6,1,0.6093888557,0.1131607099,0.1175013091,1
improved,0.3,step_raw,10,s1-s6,0,svd,48,81,4,4,1,1.028910853,0.1978816978,0.2034147853,1
improved,0.3,step_raw,10,s1-s6,0,svd+ransac,48,81,4,4,1,1.028910853,0.1978816978,0.2034147853,1
improved,0.3,step_raw,10,s2-s3,1,svd,52,44,10,10,1,0.5372026167,0.06242819025,0.07032622581,1
improved,0.3,step_raw,10,s2-s3,1,svd+ransac,52,44,10,10,1,0.5372026167,0.06242819025,0.07032622581,1
improved,0.3,step_raw,10,s2-s4,1,svd,52,53,0,0,0,nan,nan,nan,0
improved,0.3,step_raw,10,s2-s4,1,svd+ransac,52,53,0,0,0,nan,nan,nan,0
improved,0.3,step_raw,10,s2-s5,1,svd,52,71,2,2,0,nan,nan,nan,0
improved,0.3,step_raw,10,s2-s5,1,svd+ransac,52,71,2,2,0,nan,nan,nan,0
improved,0.3,step_raw,10,s2-s6,0,svd,52,81,4,4,1,0.7333299203,0.05451629169,0.07423668507,1
improved,0.3,step_raw,10,s2-s6,0,svd+ransac,52,81,4,4,1,0.7333299203,0.05451629169,0.07423668507,1
improved,0.3,step_raw,10,s3-s4,1,svd,44,53,7,7,1,0.4209152376,0.009422407646,0.02689237427,1
improved,0.3,step_raw,10,s3-s4,1,svd+ransac,44,53,7,7,1,0.4209152376,0.009422407646,0.02689237427,1
improved,0.3,step_raw,10,s3-s5,1,svd,44,71,2,2,0,nan,nan,nan,0
improved,0.3,step_raw,10,s3-s5,1,svd+ransac,44,71,2,2,0,nan,nan,nan,0
improved,0.3,step_raw,10,s3-s6,0,svd,44,81,2,2,0,nan,nan,nan,0
improved,0.3,step_raw,10,s3-s6,0,svd+ransac,44,81,2,2,0,nan,nan,nan,0
improved,0.3,step_raw,10,s4-s5,1,svd,53,71,6,6,1,0.527170501,0.101010238,0.107066642,1
improved,0.3,step_raw,10,s4-s5,1,svd+ransac,53,71,6,6,1,0.527170501,0.101010238,0.107066642,1
improved,0.3,step_raw,10,s4-s6,1,svd,53,81,6,6,1,0.3461127438,0.1154688243,0.1178100598,1
improved,0.3,step_raw,10,s4-s6,1,svd+ransac,53,81,6,6,1,0.3461127438,0.1154688243,0.1178100598,1
improved,0.3,step_raw,10,s5-s6,1,svd,71,81,14,14,1,0.05475470948,0.01401376415,0.01473477911,1
improved,0.3,step_raw,10,s5-s6,1,svd+ransac,71,81,14,14,1,0.05475470948,0.01401376415,0.01473477911,1
improved,0.3,linear_a_raw,1,s1-s2,1,svd,45,49,7,7,1,0.2847381437,0.01602984802,0.02292428854,1
improved,0.3,linear_a_raw,1,s1-s2,1,svd+ransac,45,49,7,7,1,0.2847381437,0.01602984802,0.02292428854,1
improved,0.3,linear_a_raw,1,s1-s3,1,svd,45,46,10,10,1,0.3445662598,0.01302386402,0.02320471963,1
improved,0.3,linear_a_raw,1,s1-s3,1,svd+ransac,45,46,10,10,1,0.3445662598,0.01302386402,0.02320471963,1
improved,0.3,linear_a_raw,1,s1-s4,0,svd,45,55,7,7,1,0.9339477089,0.1148671603,0.1297574292,1
improved,0.3,linear_a_raw,1,s1-s4,0,svd+ransac,45,55,7,7,1,0.9339477089,0.1148671603,0.1297574292,1
improved,0.3,linear_a_raw,1,s1-s5,0,svd,45,71,0,0,0,nan,nan,nan,0
improved,0.3,linear_a_raw,1,s1-s5,0,svd+ransac,45,71,0,0,0,nan,nan,nan,0
improved,0.3,linear_a_raw,1,s1-s6,0,svd,45,84,4,4,1,1.67050504,0.06152337178,0.1166464687,1
improved,0.3,linear_a_raw,1,s1-s6,0,svd+ransac,45,84,4,4,1,1.67050504,0.06152337178,0.1166464687,1
improved,0.3,linear_a_raw,1,s2-s3,1,svd,49,46,5,5,1,0.1194227799,0.01568917585,0.01801593193,1
improved,0.3,linear_a_raw,1,s2-s3,1,svd+ransac,49,46,5,5,1,0.1194227799,0.01568917585,0.01801593193,1
improved,0.3,linear_a_raw,1,s2-s4,1,svd,49,55,3,3,1,0.389602481,0.06160653123,0.07283774245,1
improved,0.3,linear_a_raw,1,s2-s4,1,svd+ransac,49,55,3,3,1,0.389602481,0.06160653123,0.07283774245,1
improved,0.3,linear_a_raw,1,s2-s5,1,svd,49,71,4,4,1,0.7898250473,0.1562075333,0.1687894875,1
improved,0.3,linear_a_raw,1,s2-s5,1,svd+ransac,49,71,4,4,1,0.7898250473,0.1562075333,0.1687894875,1
improved,0.3,linear_a_raw,1,s2-s6,0,svd,49,84,9,9,1,0.3042910252,0.07338233565,0.07697769658,1
improved,0.3,linear_a_raw,1,s2-s6,0,svd+ransac,49,84,9,9,1,0.3042910252,0.07338233565,0.07697769658,1
improved,0.3,linear_a_raw,1,s3-s4,1,svd,46,55,1,1,0,nan,nan,nan,0
improved,0.3,linear_a_raw,1,s3-s4,1,svd+ransac,46,55,1,1,0,nan,nan,nan,0
improved,0.3,linear_a_raw,1,s3-s5,1,svd,46,71,6,6,1,0.2615847282,0.06284780647,0.0637635974,1
improved,0.3,linear_a_raw,1,s3-s5,1,svd+ransac,46,71,6,6,1,0.2615847282,0.06284780647,0.0637635974,1
improved,0.3,linear_a_raw,1,s3-s6,0,svd,46,84,4,4,1,0.2893126653,0.04996157357,0.05651808724,1
improved,0.3,linear_a_raw,1,s3-s6,0,svd+ransac,46,84,4,4,1,0.2893126653,0.04996157357,0.05651808724,1
improved,0.3,linear_a_raw,1,s4-s5,1,svd,55,71,10,10,1,0.3365022119,0.05387046035,0.05964593887,1
improved,0.3,linear_a_raw,1,s4-s5,1,svd+ransac,55,71,10,10,1,0.3365022119,0.05387046035,0.05964593887,1
improved,0.3,linear_a_raw,1,s4-s6,1,svd,55,84,8,8,1,0.1560949357,0.04655180812,0.04912586697,1
improved,0.3,linear_a_raw,1,s4-s6,1,svd+ransac,55,84,8,8,1,0.1560949357,0.04655180812,0.04912586697,1
improved,0.3,linear_a_raw,1,s5-s6,1,svd,71,84,9,9,1,0.4492821767,0.01820491635,0.03195146087,1
improved,0.3,linear_a_raw,1,s5-s6,1,svd+ransac,71,84,9,9,1,0.4492821767,0.01820491635,0.03195146087,1
improved,0.3,linear_a_raw,2,s1-s2,1,svd,47,48,4,4,1,0.5257207179,0.04889400031,0.0582941491,1
improved,0.3,linear_a_raw,2,s1-s2,1,svd+ransac,47,48,4,4,1,0.5257207179,0.04889400031,0.0582941491,1
improved,0.3,linear_a_raw,2,s1-s3,1,svd,47,41,9,9,1,0.8723477837,0.04996755632,0.07261189496,1
improved,0.3,linear_a_raw,2,s1-s3,1,svd+ransac,47,41,9,9,1,0.8723477837,0.04996755632,0.07261189496,1
improved,0.3,linear_a_raw,2,s1-s4,0,svd,47,56,0,0,0,nan,nan,nan,0
improved,0.3,linear_a_raw,2,s1-s4,0,svd+ransac,47,56,0,0,0,nan,nan,nan,0
improved,0.3,linear_a_raw,2,s1-s5,0,svd,47,73,4,4,1,0.3406549941,0.08704075621,0.09072873512,1
improved,0.3,linear_a_raw,2,s1-s5,0,svd+ransac,47,73,4,4,1,0.3406549941,0.08704075621,0.09072873512,1
improved,0.3,linear_a_raw,2,s1-s6,0,svd,47,83,3,3,1,1.696567814,0.06095627309,0.128867966,1
improved,0.3,linear_a_raw,2,s1-s6,0,svd+ransac,47,83,3,3,1,1.696567814,0.06095627309,0.128867966,1
improved,0.3,linear_a_raw,2,s2-s3,1,svd,48,41,8,8,1,0.160381234,0.01724856371,0.02114967614,1
improved,0.3,linear_a_raw,2,s2-s3,1,svd+ransac,48,41,8,8,1,0.160381234,0.01724856371,0.02114967614,1
improved,0.3,linear_a_raw,2,s2-s4,1,svd,48,56,4,4,1,2.273352734,0.2481439694,0.2797876417,0
improved,0.3,linear_a_raw,2,s2-s4,1,svd+ransac,48,56,4,4,1,2.273352734,0.2481439694,0.2797876417,0
improved,0.3,linear_a_raw,2,s2-s5,1,svd,48,73,8,8,1,1.304574351,0.07483946546,0.1093796257,1
improved,0.3,linear_a_raw,2,s2-s5,1,svd+ransac,48,73,8,8,1,0.7470079305,0.0559388799,0.07384593101,1
improved,0.3,linear_a_raw,2,s2-s6,0,svd,48,83,9,9,1,0.7579607072,0.02247031409,0.05487675724,1
improved,0.3,linear_a_raw,2,s2-s6,0,svd+ransac,48,83,9,9,1,0.7579607072,0.02247031409,0.05487675724,1
improved,0.3,linear_a_raw,2,s3-s4,1,svd,41,56,2,2,0,nan,nan,nan,0
improved,0.3,linear_a_raw,2,s3-s4,1,svd+ransac,41,56,2,2,0,nan,nan,nan,0
improved,0.3,linear_a_raw,2,s3-s5,1,svd,41,73,3,3,1,0.5449879045,0.1528543417,0.1587353385,1
improved,0.3,linear_a_raw,2,s3-s5,1,svd+ransac,41,73,3,3,1,0.5449879045,0.1528543417,0.1587353385,1
improved,0.3,linear_a_raw,2,s3-s6,0,svd,41,83,5,5,1,0.5909183841,0.02081503141,0.050373556,1
improved,0.3,linear_a_raw,2,s3-s6,0,svd+ransac,41,83,5,5,1,0.5909183841,0.02081503141,0.050373556,1
improved,0.3,linear_a_raw,2,s4-s5,1,svd,56,73,8,8,1,0.3041211388,0.08989443752,0.09204137812,1
improved,0.3,linear_a_raw,2,s4-s5,1,svd+ransac,56,73,8,8,1,0.3041211388,0.08989443752,0.09204137812,1
improved,0.3,linear_a_raw,2,s4-s6,1,svd,56,83,7,7,1,0.1805850941,0.04544863873,0.04891162095,1
improved,0.3,linear_a_raw,2,s4-s6,1,svd+ransac,56,83,7,7,1,0.1805850941,0.04544863873,0.04891162095,1
improved,0.3,linear_a_raw,2,s5-s6,1,svd,73,83,2,2,0,nan,nan,nan,0
improved,0.3,linear_a_raw,2,s5-s6,1,svd+ransac,73,83,2,2,0,nan,nan,nan,0
improved,0.3,linear_a_raw,3,s1-s2,1,svd,50,48,6,6,1,0.586120055,0.1415628372,0.1483314242,1
improved,0.3,linear_a_raw,3,s1-s2,1,svd+ransac,50,48,6,6,1,0.586120055,0.1415628372,0.1483314242,1
improved,0.3,linear_a_raw,3,s1-s3,1,svd,50,47,10,10,1,0.4227441897,0.01954943708,0.03272926651,1
improved,0.3,linear_a_raw,3,s1-s3,1,svd+ransac,50,47,10,10,1,0.4227441897,0.01954943708,0.03272926651,1
improved,0.3,linear_a_raw,3,s1-s4,0,svd,50,57,3,3,1,0.6702821422,0.1011189994,0.1089051129,1
improved,0.3,linear_a_raw,3,s1-s4,0,svd+ransac,50,57,3,3,1,0.6702821422,0.1011189994,0.1089051129,1
improved,0.3,linear_a_raw,3,s1-s5,0,svd,50,75,1,1,0,nan,nan,nan,0
improved,0.3,linear_a_raw,3,s1-s5,0,svd+ransac,50,75,1,1,0,nan,nan,nan,0
improved,0.3,linear_a_raw,3,s1-s6,0,svd,50,76,4,4,1,1.216994886,0.07268369888,0.1036397484,1
improved,0.3,linear_a_raw,3,s1-s6,0,svd+ransac,50,76,4,4,1,1.216994886,0.07268369888,0.1036397484,1
improved,0.3,linear_a_raw,3,s2-s3,1,svd,48,47,7,7,1,0.3944109456,0.05525982552,0.06336487528,1
improved,0.3,linear_a_raw,3,s2-s3,1,svd+ransac,48,47,7,7,1,0.3944109456,0.05525982552,0.06336487528,1
improved,0.3,linear_a_raw,3,s2-s4,1,svd,48,57,4,4,1,0.8513748587,0.0569805121,0.08025756456,1
improved,0.3,linear_a_raw,3,s2-s4,1,svd+ransac,48,57,4,4,1,0.8513748587,0.0569805121,0.08025756456,1
improved,0.3,linear_a_raw,3,s2-s5,1,svd,48,75,5,5,1,0.8517247436,0.03041537624,0.05820722623,1
improved,0.3,linear_a_raw,3,s2-s5,1,svd+ransac,48,75,5,5,1,0.8517247436,0.03041537624,0.05820722623,1
improved,0.3,linear_a_raw,3,s2-s6,0,svd,48,76,2,2,0,nan,nan,nan,0
improved,0.3,linear_a_raw,3,s2-s6,0,svd+ransac,48,76,2,2,0,nan,nan,nan,0
improved,0.3,linear_a_raw,3,s3-s4,1,svd,47,57,2,2,0,nan,nan,nan,0
improved,0.3,linear_a_raw,3,s3-s4,1,svd+ransac,47,57,2,2,0,nan,nan,nan,0
improved,0.3,linear_a_raw,3,s3-s5,1,svd,47,75,3,3,1,0.3273477519,0.1441215079,0.144617052,1
improved,0.3,linear_a_raw,3,s3-s5,1,svd+ransac,47,75,3,3,1,0.3273477519,0.1441215079,0.144617052,1
improved,0.3,linear_a_raw,3,s3-s6,0,svd,47,76,2,2,0,nan,nan,nan,0
improved,0.3,linear_a_raw,3,s3-s6,0,svd+ransac,47,76,2,2,0,nan,nan,nan,0
improved,0.3,linear_a_raw,3,s4-s5,1,svd,57,75,9,9,1,0.05886526182,0.0432464437,0.04351853797,1
improved,0.3,linear_a_raw,3,s4-s5,1,svd+ransac,57,75,9,9,1,0.05886526182,0.0432464437,0.04351853797,1
improved,0.3,linear_a_raw,3,s4-s6,1,svd,57,76,11,11,1,0.09690070982,0.03719260256,0.03784520466,1
improved,0.3,linear_a_raw,3,s4-s6,1,svd+ransac,57,76,11,11,1,0.09690070982,0.03719260256,0.03784520466,1
improved,0.3,linear_a_raw,3,s5-s6,1,svd,75,76,10,10,1,0.272572591,0.03855811713,0.04426409525,1
improved,0.3,linear_a_raw,3,s5-s6,1,svd+ransac,75,76,10,10,1,0.272572591,0.03855811713,0.04426409525,1
improved,0.3,linear_a_raw,4,s1-s2,1,svd,49,48,3,3,1,4.01531599,0.2527446087,0.3460294932,0
improved,0.3,linear_a_raw,4,s1-s2,1,svd+ransac,49,48,3,3,1,4.01531599,0.2527446087,0.3460294932,0
improved,0.3,linear_a_raw,4,s1-s3,1,svd,49,40,9,9,1,0.8630686795,0.062278478,0.08077867121,1
improved,0.3,linear_a_raw,4,s1-s3,1,svd+ransac,49,40,9,9,1,0.8630686795,0.062278478,0.08077867121,1
improved,0.3,linear_a_raw,4,s1-s4,0,svd,49,53,4,4,1,1.039748555,0.08526455452,0.1056129017,1
improved,0.3,linear_a_raw,4,s1-s4,0,svd+ransac,49,53,4,4,1,1.039748555,0.08526455452,0.1056129017,1
improved,0.3,linear_a_raw,4,s1-s5,0,svd,49,73,2,2,0,nan,nan,nan,0
improved,0.3,linear_a_raw,4,s1-s5,0,svd+ransac,49,73,2,2,0,nan,nan,nan,0
improved,0.3,linear_a_raw,4,s1-s6,0,svd,49,79,0,0,0,nan,nan,nan,0
improved,0.3,linear_a_raw,4,s1-s6,0,svd+ransac,49,79,0,0,0,nan,nan,nan,0
improved,0.3,linear_a_raw,4,s2-s3,1,svd,48,40,10,10,1,7.325839654,0.9821071379,1.049686933,0
improved,0.3,linear_a_raw,4,s2-s3,1,svd+ransac,48,40,10,10,1,3.222549179,0.4141491478,0.4462210958,0
improved,0.3,linear_a_raw,4,s2-s4,1,svd,48,53,4,4,1,1.440762823,0.04724844603,0.09509346145,1
improved,0.3,linear_a_raw,4,s2-s4,1,svd+ransac,48,53,4,4,1,1.440762823,0.04724844603,0.09509346145,1
improved,0.3,linear_a_raw,4,s2-s5,1,svd,48,73,11,10,1,0.299734555,0.179596559,0.1805977218,1
improved,0.3,linear_a_raw,4,s2-s5,1,svd+ransac,48,73,11,10,1,0.5218536838,0.05830397316,0.07305604341,1
improved,0.3,linear_a_raw,4,s2-s6,0,svd,48,79,4,4,1,6.886079947,0.3135397579,0.4950686526,0
improved,0.3,linear_a_raw,4,s2-s6,0,svd+ransac,48,79,4,4,1,6.886079947,0.3135397579,0.4950686526,0
improved,0.3,linear_a_raw,4,s3-s4,1,svd,40,53,3,3,1,0.4297348839,0.04274406348,0.05052869225,1
improved,0.3,linear_a_raw,4,s3-s4,1,svd+ransac,40,53,3,3,1,0.4297348839,0.04274406348,0.05052869225,1
improved,0.3,linear_a_raw,4,s3-s5,1,svd,40,73,2,2,0,nan,nan,nan,0
improved,0.3,linear_a_raw,4,s3-s5,1,svd+ransac,40,73,2,2,0,nan,nan,nan,0
improved,0.3,linear_a_raw,4,s3-s6,0,svd,40,79,3,3,1,20.38693124,1.785405736,2.18591896,0
improved,0.3,linear_a_raw,4,s3-s6,0,svd+ransac,40,79,3,3,1,20.38693124,1.785405736,2.18591896,0
improved,0.3,linear_a_raw,4,s4-s5,1,svd,53,73,9,9,1,0.2059690395,0.02365402405,0.02836527933,1
improved,0.3,linear_a_raw,4,s4-s5,1,svd+ransac,53,73,9,9,1,0.2059690395,0.02365402405,0.02836527933,1
improved,0.3,linear_a_raw,4,s4-s6,1,svd,53,79,6,6,1,0.1719129636,0.04199219444,0.0441524069,1
improved,0.3,linear_a_raw,4,s4-s6,1,svd+ransac,53,79,6,6,1,0.1719129636,0.04199219444,0.0441524069,1
improved,0.3,linear_a_raw,4,s5-s6,1,svd,73,79,6,6,1,0.5631586656,0.09444877009,0.1014762122,1
improved,0.3,linear_a_raw,4,s5-s6,1,svd+ransac,73,79,6,6,1,0.5631586656,0.09444877009,0.1014762122,1
improved,0.3,linear_a_raw,5,s1-s2,1,svd,53,46,5,5,1,0.6372233354,0.09239648999,0.09909624907,1
improved,0.3,linear_a_raw,5,s1-s2,1,svd+ransac,53,46,5,5,1,0.6372233354,0.09239648999,0.09909624907,1
improved,0.3,linear_a_raw,5,s1-s3,1,svd,53,43,11,11,1,0.7498047389,0.03345971062,0.05252975672,1
improved,0.3,linear_a_raw,5,s1-s3,1,svd+ransac,53,43,11,11,1,0.4565881707,0.03665280298,0.04530577473,1
improved,0.3,linear_a_raw,5,s1-s4,0,svd,53,55,5,5,1,0.8577268908,0.1523888076,0.1597006399,1
improved,0.3,linear_a_raw,5,s1-s4,0,svd+ransac,53,55,5,5,1,0.8577268908,0.1523888076,0.1597006399,1
improved,0.3,linear_a_raw,5,s1-s5,0,svd,53,73,3,3,1,0.767195159,0.2355078186,0.2412671072,1
improved,0.3,linear_a_raw,5,s1-s5,0,svd+ransac,53,73,3,3,1,0.767195159,0.2355078186,0.2412671072,1
improved,0.3,linear_a_raw,5,s1-s6,0,svd,53,87,0,0,0,nan,nan,nan,0
improved,0.3,linear_a_raw,5,s1-s6,0,svd+ransac,53,87,0,0,0,nan,nan,nan,0
improved,0.3,linear_a_raw,5,s2-s3,1,svd,46,43,13,13,1,1.255011841,0.07331504703,0.1013766667,1
improved,0.3,linear_a_raw,5,s2-s3,1,svd+ransac,46,43,13,13,1,0.1128163465,0.02009473804,0.02204825567,1
improved,0.3,linear_a_raw,5,s2-s4,1,svd,46,55,7,7,1,0.7475774756,0.05636691819,0.0766495852,1
improved,0.3,linear_a_raw,5,s2-s4,1,svd+ransac,46,55,7,7,1,0.7475774756,0.05636691819,0.0766495852,1
improved,0.3,linear_a_raw,5,s2-s5,1,svd,46,73,8,8,1,1.116540032,0.05151475231,0.08777747902,1
improved,0.3,linear_a_raw,5,s2-s5,1,svd+ransac,46,73,8,8,1,0.7335199089,0.05011015147,0.06971795257,1
improved,0.3,linear_a_raw,5,s2-s6,0,svd,46,87,4,4,1,7.044522268,0.3450816811,0.5157136217,0
improved,0.3,linear_a_raw,5,s2-s6,0,svd+ransac,46,87,4,4,1,7.044522268,0.3450816811,0.5157136217,0
improved,0.3,linear_a_raw,5,s3-s4,1,svd,43,55,3,3,1,0.6115675573,0.02196077723,0.04364510441,1
improved,0.3,linear_a_raw,5,s3-s4,1,svd+ransac,43,55,3,3,1,0.6115675573,0.02196077723,0.04364510441,1
improved,0.3,linear_a_raw,5,s3-s5,1,svd,43,73,3,3,1,5.113875175,1.405490663,1.422018694,0
improved,0.3,linear_a_raw,5,s3-s5,1,svd+ransac,43,73,3,3,1,5.113875175,1.405490663,1.422018694,0
improved,0.3,linear_a_raw,5,s3-s6,0,svd,43,87,3,3,1,9.050421428,0.6097719059,0.8040940759,0
improved,0.3,linear_a_raw,5,s3-s6,0,svd+ransac,43,87,3,3,1,9.050421428,0.6097719059,0.8040940759,0
improved,0.3,linear_a_raw,5,s4-s5,1,svd,55,73,9,9,1,0.1743366874,0.06709151106,0.06821600257,1
improved,0.3,linear_a_raw,5,s4-s5,1,svd+ransac,55,73,9,9,1,0.1743366874,0.06709151106,0.06821600257,1
improved,0.3,linear_a_raw,5,s4-s6,1,svd,55,87,4,4,1,0.7422280925,0.1348399334,0.1452991208,1
improved,0.3,linear_a_raw,5,s4-s6,1,svd+ransac,55,87,4,4,1,0.7422280925,0.1348399334,0.1452991208,1
improved,0.3,linear_a_raw,5,s5-s6,1,svd,73,87,6,6,1,0.5041539896,0.06807449719,0.07727297558,1
improved,0.3,linear_a_raw,5,s5-s6,1,svd+ransac,73,87,6,6,1,0.5041539896,0.06807449719,0.07727297558,1
improved,0.3,linear_a_raw,6,s1-s2,1,svd,48,46,7,7,1,0.5478285332,0.1253894867,0.1322176568,1
improved,0.3,linear_a_raw,6,s1-s2,1,svd+ransac,48,46,7,7,1,0.5478285332,0.1253894867,0.1322176568,1
improved,0.3,linear_a_raw,6,s1-s3,1,svd,48,40,8,8,1,0.9148546181,0.05224682351,0.07789430572,1
improved,0.3,linear_a_raw,6,s1-s3,1,svd+ransac,48,40,8,8,1,2.091167002,0.2263450437,0.2546234432,0
improved,0.3,linear_a_raw,6,s1-s4,0,svd,48,55,3,3,1,1.587982882,0.1214043996,0.1536756534,1
improved,0.3,linear_a_raw,6,s1-s4,0,svd+ransac,48,55,3,3,1,1.587982882,0.1214043996,0.1536756534,1
improved,0.3,linear_a_raw,6,s1-s5,0,svd,48,72,6,6,1,0.7896350546,0.1648999973,0.1699645887,1
improved,0.3,linear_a_raw,6,s1-s5,0,svd+ransac,48,72,6,6,1,0.7896350546,0.1648999973,0.1699645887,1
improved,0.3,linear_a_raw,6,s1-s6,0,svd,48,85,3,3,1,1.789802901,0.05877842148,0.1344616691,1
improved,0.3,linear_a_raw,6,s1-s6,0,svd+ransac,48,85,3,3,1,1.789802901,0.05877842148,0.1344616691,1
improved,0.3,linear_a_raw,6,s2-s3,1,svd,46,40,9,9,1,1.575986904,0.073734133,0.1154828848,1
improved,0.3,linear_a_raw,6,s2-s3,1,svd+ransac,46,40,9,9,1,0.1239510174,0.0125603903,0.0151631433,1
improved,0.3,linear_a_raw,6,s2-s4,1,svd,46,55,7,7,1,8.758615566,0.3386550018,0.5811181903,0
improved,0.3,linear_a_raw,6,s2-s4,1,svd+ransac,46,55,7,7,1,0.9326571291,0.07593911106,0.09445827025,1
improved,0.3,linear_a_raw,6,s2-s5,1,svd,46,72,1,1,0,nan,nan,nan,0
improved,0.3,linear_a_raw,6,s2-s5,1,svd+ransac,46,72,1,1,0,nan,nan,nan,0
improved,0.3,linear_a_raw,6,s2-s6,0,svd,46,85,4,4,1,0.2821574523,0.09081689663,0.09500766338,1
improved,0.3,linear_a_raw,6,s2-s6,0,svd+ransac,46,85,4,4,1,0.2821574523,0.09081689663,0.09500766338,1
improved,0.3,linear_a_raw,6,s3-s4,1,svd,40,55,10,10,1,0.5175910073,0.02597662362,0.037783426,1
improved,0.3,linear_a_raw,6,s3-s4,1,svd+ransac,40,55,10,10,1,0.5175910073,0.02597662362,0.037783426,1
improved,0.3,linear_a_raw,6,s3-s5,1,svd,40,72,6,6,1,0.09757987068,0.06278193741,0.06365806669,1
improved,0.3,linear_a_raw,6,s3-s5,1,svd+ransac,40,72,6,6,1,0.09757987068,0.06278193741,0.06365806669,1
improved,0.3,linear_a_raw,6,s3-s6,0,svd,40,85,11,11,1,0.4819200822,0.1215480521,0.1232598253,1
improved,0.3,linear_a_raw,6,s3-s6,0,svd+ransac,40,85,11,11,1,0.4819200822,0.1215480521,0.1232598253,1
improved,0.3,linear_a_raw,6,s4-s5,1,svd,55,72,8,8,1,0.1486101473,0.03995061369,0.04152063499,1
improved,0.3,linear_a_raw,6,s4-s5,1,svd+ransac,55,72,8,8,1,0.1486101473,0.03995061369,0.04152063499,1
improved,0.3,linear_a_raw,6,s4-s6,1,svd,55,85,3,3,1,1.871749278,0.09566643883,0.1483041277,1
improved,0.3,linear_a_raw,6,s4-s6,1,svd+ransac,55,85,3,3,1,1.871749278,0.09566643883,0.1483041277,1
improved,0.3,linear_a_raw,6,s5-s6,1,svd,72,85,4,4,1,0.8467946342,0.08145771734,0.1000512996,1
improved,0.3,linear_a_raw,6,s5-s6,1,svd+ransac,72,85,4,4,1,0.8467946342,0.08145771734,0.1000512996,1
improved,0.3,linear_a_raw,7,s1-s2,1,svd,45,47,1,1,0,nan,nan,nan,0
improved,0.3,linear_a_raw,7,s1-s2,1,svd+ransac,45,47,1,1,0,nan,nan,nan,0
improved,0.3,linear_a_raw,7,s1-s3,1,svd,45,43,3,3,1,3.779379587,1.225278253,1.237203464,0
improved,0.3,linear_a_raw,7,s1-s3,1,svd+ransac,45,43,3,3,1,3.779379587,1.225278253,1.237203464,0
improved,0.3,linear_a_raw,7,s1-s4,0,svd,45,52,0,0,0,nan,nan,nan,0
improved,0.3,linear_a_raw,7,s1-s4,0,svd+ransac,45,52,0,0,0,nan,nan,nan,0
improved,0.3,linear_a_raw,7,s1-s5,0,svd,45,74,4,4,1,0.7116816006,0.1931004118,0.1991083899,1
improved,0.3,linear_a_raw,7,s1-s5,0,svd+ransac,45,74,4,4,1,0.7116816006,0.1931004118,0.1991083899,1
improved,0.3,linear_a_raw,7,s1-s6,0,svd,45,84,0,0,0,nan,nan,nan,0
improved,0.3,linear_a_raw,7,s1-s6,0,svd+ransac,45,84,0,0,0,nan,nan,nan,0
improved,0.3,linear_a_raw,7,s2-s3,1,svd,47,43,10,10,1,1.383790456,0.09147991071,0.1211361879,1
improved,0.3,linear_a_raw,7,s2-s3,1,svd+ransac,47,43,10,10,1,0.1879539704,0.01714784296,0.02356328861,1
improved,0.3,linear_a_raw,7,s2-s4,1,svd,47,52,9,9,1,0.548030181,0.03934122723,0.05414531602,1
improved,0.3,linear_a_raw,7,s2-s4,1,svd+ransac,47,52,9,9,1,0.548030181,0.03934122723,0.05414531602,1
improved,0.3,linear_a_raw,7,s2-s5,1,svd,47,74,12,12,1,0.2120558788,0.06980954496,0.07307896358,1
improved,0.3,linear_a_raw,7,s2-s5,1,svd+ransac,47,74,12,12,1,0.3770990106,0.03659216558,0.04662729003,1
improved,0.3,linear_a_raw,7,s2-s6,0,svd,47,84,9,9,1,1.025962452,0.03897510972,0.07602528399,1
improved,0.3,linear_a_raw,7,s2-s6,0,svd+ransac,47,84,9,9,1,1.025962452,0.03897510972,0.07602528399,1
improved,0.3,linear_a_raw,7,s3-s4,1,svd,43,52,3,3,1,0.4846246028,0.07487838911,0.08115806422,1
improved,0.3,linear_a_raw,7,s3-s4,1,svd+ransac,43,52,3,3,1,0.4846246028,0.07487838911,0.08115806422,1
improved,0.3,linear_a_raw,7,s3-s5,1,svd,43,74,1,1,0,nan,nan,nan,0
improved,0.3,linear_a_raw,7,s3-s5,1,svd+ransac,43,74,1,1,0,nan,nan,nan,0
improved,0.3,linear_a_raw,7,s3-s6,0,svd,43,84,3,3,1,0.3055927181,0.03303679696,0.03879543336,1
improved,0.3,linear_a_raw,7,s3-s6,0,svd+ransac,43,84,3,3,1,0.3055927181,0.03303679696,0.03879543336,1
improved,0.3,linear_a_raw,7,s4-s5,1,svd,52,74,8,8,1,0.3270298117,0.06981790078,0.07370052242,1
improved,0.3,linear_a_raw,7,s4-s5,1,svd+ransac,52,74,8,8,1,0.3270298117,0.06981790078,0.07370052242,1
improved,0.3,linear_a_raw,7,s4-s6,1,svd,52,84,6,6,1,1.040786006,0.1214454611,0.1378607252,1
improved,0.3,linear_a_raw,7,s4-s6,1,svd+ransac,52,84,6,6,1,1.040786006,0.1214454611,0.1378607252,1
improved,0.3,linear_a_raw,7,s5-s6,1,svd,74,84,9,9,1,2.687277637,0.08321910673,0.1761889275,0
improved,0.3,linear_a_raw,7,s5-s6,1,svd+ransac,74,84,9,9,1,2.737694714,0.1949611981,0.2618924987,0
improved,0.3,linear_a_raw,8,s1-s2,1,svd,50,51,3,3,1,0.1795301228,0.05101036662,0.0525954393,1
improved,0.3,linear_a_raw,8,s1-s2,1,svd+ransac,50,51,3,3,1,0.1795301228,0.05101036662,0.0525954393,1
improved,0.3,linear_a_raw,8,s1-s3,1,svd,50,43,9,9,1,0.9908584577,0.1103024395,0.1228025881,1
improved,0.3,linear_a_raw,8,s1-s3,1,svd+ransac,50,43,9,9,1,0.9908584577,0.1103024395,0.1228025881,1
improved,0.3,linear_a_raw,8,s1-s4,0,svd,50,55,4,4,1,0.2944687158,0.07162294293,0.07461376659,1
improved,0.3,linear_a_raw,8,s1-s4,0,svd+ransac,50,55,4,4,1,0.2944687158,0.07162294293,0.07461376659,1
improved,0.3,linear_a_raw,8,s1-s5,0,svd,50,75,2,2,0,nan,nan,nan,0
improved,0.3,linear_a_raw,8,s1-s5,0,svd+ransac,50,75,2,2,0,nan,nan,nan,0
improved,0.3,linear_a_raw,8,s1-s6,0,svd,50,84,5,5,1,0.7354494846,0.076530711,0.08942914796,1
improved,0.3,linear_a_raw,8,s1-s6,0,svd+ransac,50,84,5,5,1,0.5735774953,0.03116734264,0.04480917763,1
improved,0.3,linear_a_raw,8,s2-s3,1,svd,51,43,7,7,1,2.272824875,0.1684170584,0.2163260047,0
improved,0.3,linear_a_raw,8,s2-s3,1,svd+ransac,51,43,7,7,1,0.2888595142,0.01890665692,0.02730912302,1
improved,0.3,linear_a_raw,8,s2-s4,1,svd,51,55,5,5,1,1.078605463,0.1181233278,0.1411609197,1
improved,0.3,linear_a_raw,8,s2-s4,1,svd+ransac,51,55,5,5,1,1.078605463,0.1181233278,0.1411609197,1
improved,0.3,linear_a_raw,8,s2-s5,1,svd,51,75,4,4,1,1.145648674,0.1822184595,0.1986990815,1
improved,0.3,linear_a_raw,8,s2-s5,1,svd+ransac,51,75,4,4,1,1.145648674,0.1822184595,0.1986990815,1
improved,0.3,linear_a_raw,8,s2-s6,0,svd,51,84,6,6,1,3.285567495,0.2001233941,0.2840080083,0
improved,0.3,linear_a_raw,8,s2-s6,0,svd+ransac,51,84,6,6,1,6.89112167,0.3365963365,0.5023290892,0
improved,0.3,linear_a_raw,8,s3-s4,1,svd,43,55,8,8,1,0.8594456577,0.09675250116,0.110801996,1
improved,0.3,linear_a_raw,8,s3-s4,1,svd+ransac,43,55,8,8,1,0.3198388525,0.01460331283,0.02892067818,1
improved,0.3,linear_a_raw,8,s3-s5,1,svd,43,75,2,2,0,nan,nan,nan,0
improved,0.3,linear_a_raw,8,s3-s5,1,svd+ransac,43,75,2,2,0,nan,nan,nan,0
improved,0.3,linear_a_raw,8,s3-s6,0,svd,43,84,5,5,1,1.057246742,0.4793290056,0.4770649933,1
improved,0.3,linear_a_raw,8,s3-s6,0,svd+ransac,43,84,5,5,1,1.057246742,0.4793290056,0.4770649933,1
improved,0.3,linear_a_raw,8,s4-s5,1,svd,55,75,7,7,1,1.954884291,0.2176021298,0.2566949104,1
improved,0.3,linear_a_raw,8,s4-s5,1,svd+ransac,55,75,7,7,1,1.954884291,0.2176021298,0.2566949104,1
improved,0.3,linear_a_raw,8,s4-s6,1,svd,55,84,6,6,1,0.2729066157,0.04964361197,0.05278111066,1
improved,0.3,linear_a_raw,8,s4-s6,1,svd+ransac,55,84,6,6,1,0.2729066157,0.04964361197,0.05278111066,1
improved,0.3,linear_a_raw,8,s5-s6,1,svd,75,84,10,10,1,0.08139868656,0.01348525104,0.01548123382,1
improved,0.3,linear_a_raw,8,s5-s6,1,svd+ransac,75,84,10,10,1,0.08139868656,0.01348525104,0.01548123382,1
improved,0.3,linear_a_raw,9,s1-s2,1,svd,50,53,8,8,1,0.2800238726,0.02904822844,0.03662071318,1
improved,0.3,linear_a_raw,9,s1-s2,1,svd+ransac,50,53,8,8,1,0.2800238726,0.02904822844,0.03662071318,1
improved,0.3,linear_a_raw,9,s1-s3,1,svd,50,44,10,10,1,0.6920358402,0.02975745846,0.04852079394,1
improved,0.3,linear_a_raw,9,s1-s3,1,svd+ransac,50,44,10,10,1,0.6920358402,0.02975745846,0.04852079394,1
improved,0.3,linear_a_raw,9,s1-s4,0,svd,50,54,1,1,0,nan,nan,nan,0
improved,0.3,linear_a_raw,9,s1-s4,0,svd+ransac,50,54,1,1,0,nan,nan,nan,0
improved,0.3,linear_a_raw,9,s1-s5,0,svd,50,69,0,0,0,nan,nan,nan,0
improved,0.3,linear_a_raw,9,s1-s5,0,svd+ransac,50,69,0,0,0,nan,nan,nan,0
improved,0.3,linear_a_raw,9,s1-s6,0,svd,50,80,0,0,0,nan,nan,nan,0
improved,0.3,linear_a_raw,9,s1-s6,0,svd+ransac,50,80,0,0,0,nan,nan,nan,0
improved,0.3,linear_a_raw,9,s2-s3,1,svd,53,44,3,3,1,3.092548809,0.4655850532,0.5160376395,0
improved,0.3,linear_a_raw,9,s2-s3,1,svd+ransac,53,44,3,3,1,3.092548809,0.4655850532,0.5160376395,0
improved,0.3,linear_a_raw,9,s2-s4,1,svd,53,54,4,4,1,0.7100800499,0.08763266508,0.1026670002,1
improved,0.3,linear_a_raw,9,s2-s4,1,svd+ransac,53,54,4,4,1,0.7100800499,0.08763266508,0.1026670002,1
improved,0.3,linear_a_raw,9,s2-s5,1,svd,53,69,8,8,1,0.7861625348,0.06986079832,0.08904246734,1
improved,0.3,linear_a_raw,9,s2-s5,1,svd+ransac,53,69,8,8,1,0.7861625348,0.06986079832,0.08904246734,1
improved,0.3,linear_a_raw,9,s2-s6,0,svd,53,80,6,6,1,0.185707265,0.06373158223,0.06628067005,1
improved,0.3,linear_a_raw,9,s2-s6,0,svd+ransac,53,80,6,6,1,0.185707265,0.06373158223,0.06628067005,1
improved,0.3,linear_a_raw,9,s3-s4,1,svd,44,54,5,5,1,0.7989977413,0.03717120442,0.06005858767,1
improved,0.3,linear_a_raw,9,s3-s4,1,svd+ransac,44,54,5,5,1,0.7989977413,0.03717120442,0.06005858767,1
improved,0.3,linear_a_raw,9,s3-s5,1,svd,44,69,7,7,1,0.1592705393,0.01766366425,0.02173658953,1
improved,0.3,linear_a_raw,9,s3-s5,1,svd+ransac,44,69,7,7,1,0.1592705393,0.01766366425,0.02173658953,1
improved,0.3,linear_a_raw,9,s3-s6,0,svd,44,80,5,5,1,0.9529560719,0.2220141229,0.2272740238,1
improved,0.3,linear_a_raw,9,s3-s6,0,svd+ransac,44,80,5,5,1,0.9529560719,0.2220141229,0.2272740238,1
improved,0.3,linear_a_raw,9,s4-s5,1,svd,54,69,8,8,1,0.4302196561,0.05958481938,0.06617407103,1
improved,0.3,linear_a_raw,9,s4-s5,1,svd+ransac,54,69,8,8,1,0.4302196561,0.05958481938,0.06617407103,1
improved,0.3,linear_a_raw,9,s4-s6,1,svd,54,80,3,3,1,0.4208909447,0.03716457651,0.04557587836,1
improved,0.3,linear_a_raw,9,s4-s6,1,svd+ransac,54,80,3,3,1,0.4208909447,0.03716457651,0.04557587836,1
improved,0.3,linear_a_raw,9,s5-s6,1,svd,69,80,14,14,1,0.9812773779,0.04741647628,0.07554642306,1
improved,0.3,linear_a_raw,9,s5-s6,1,svd+ransac,69,80,14,14,1,0.06894153118,0.01439413823,0.01547907332,1
improved,0.3,linear_a_raw,10,s1-s2,1,svd,47,49,7,7,1,0.2645780515,0.03735577477,0.04141714713,1
improved,0.3,linear_a_raw,10,s1-s2,1,svd+ransac,47,49,7,7,1,0.2645780515,0.03735577477,0.04141714713,1
improved,0.3,linear_a_raw,10,s1-s3,1,svd,47,43,9,9,1,1.003302437,0.05370935677,0.07891540235,1
improved,0.3,linear_a_raw,10,s1-s3,1,svd+ransac,47,43,9,9,1,0.3655415899,0.04242996659,0.04667765876,1
improved,0.3,linear_a_raw,10,s1-s4,0,svd,47,52,8,8,1,0.9880299941,0.120306183,0.1349158183,1
improved,0.3,linear_a_raw,10,s1-s4,0,svd+ransac,47,52,8,8,1,0.9880299941,0.120306183,0.1349158183,1
improved,0.3,linear_a_raw,10,s1-s5,0,svd,47,70,5,5,1,0.5710868043,0.05409445647,0.06327186222,1
improved,0.3,linear_a_raw,10,s1-s5,0,svd+ransac,47,70,5,5,1,0.5710868043,0.05409445647,0.06327186222,1
improved,0.3,linear_a_raw,10,s1-s6,0,svd,47,84,4,4,1,4.230739393,0.2173976086,0.3235282626,0
improved,0.3,linear_a_raw,10,s1-s6,0,svd+ransac,47,84,4,4,1,1.866688894,0.1421076538,0.1789140729,1
improved,0.3,linear_a_raw,10,s2-s3,1,svd,49,43,8,8,1,0.1420849202,0.02214759833,0.02505862544,1
improved,0.3,linear_a_raw,10,s2-s3,1,svd+ransac,49,43,8,8,1,0.1420849202,0.02214759833,0.02505862544,1
improved,0.3,linear_a_raw,10,s2-s4,1,svd,49,52,6,6,1,1.058432137,0.008686884528,0.07445473732,1
improved,0.3,linear_a_raw,10,s2-s4,1,svd+ransac,49,52,6,6,1,1.058432137,0.008686884528,0.07445473732,1
improved,0.3,linear_a_raw,10,s2-s5,1,svd,49,70,8,8,1,0.6656272501,0.03472749811,0.05695663277,1
improved,0.3,linear_a_raw,10,s2-s5,1,svd+ransac,49,70,8,8,1,0.6656272501,0.03472749811,0.05695663277,1
improved,0.3,linear_a_raw,10,s2-s6,0,svd,49,84,10,10,1,0.7890136197,0.02522788591,0.05367078854,1
improved,0.3,linear_a_raw,10,s2-s6,0,svd+ransac,49,84,10,10,1,0.7890136197,0.02522788591,0.05367078854,1
improved,0.3,linear_a_raw,10,s3-s4,1,svd,43,52,6,6,1,0.5174682039,0.02543900981,0.04063400846,1
improved,0.3,linear_a_raw,10,s3-s4,1,svd+ransac,43,52,6,6,1,0.5174682039,0.02543900981,0.04063400846,1
improved,0.3,linear_a_raw,10,s3-s5,1,svd,43,70,3,3,1,3.424180244,0.9650326827,0.9755190347,0
improved,0.3,linear_a_raw,10,s3-s5,1,svd+ransac,43,70,3,3,1,3.424180244,0.9650326827,0.9755190347,0
improved,0.3,linear_a_raw,10,s3-s6,0,svd,43,84,2,2,0,nan,nan,nan,0
improved,0.3,linear_a_raw,10,s3-s6,0,svd+ransac,43,84,2,2,0,nan,nan,nan,0
improved,0.3,linear_a_raw,10,s4-s5,1,svd,52,70,8,8,1,0.9809853046,0.139378225,0.1545752602,1
improved,0.3,linear_a_raw,10,s4-s5,1,svd+ransac,52,70,8,8,1,0.9809853046,0.139378225,0.1545752602,1
improved,0.3,linear_a_raw,10,s4-s6,1,svd,52,84,7,7,1,0.7728156346,0.1336810399,0.1435958431,1
improved,0.3,linear_a_raw,10,s4-s6,1,svd+ransac,52,84,7,7,1,0.7728156346,0.1336810399,0.1435958431,1
improved,0.3,linear_a_raw,10,s5-s6,1,svd,70,84,13,13,1,0.05442580516,0.01639590838,0.01705216217,1
improved,0.3,linear_a_raw,10,s5-s6,1,svd+ransac,70,84,13,13,1,0.05442580516,0.01639590838,0.01705216217,1
improved,0.3,linear_mid_raw,1,s1-s2,1,svd,46,45,8,8,1,0.3125043296,0.03275804421,0.038623359,1
improved,0.3,linear_mid_raw,1,s1-s2,1,svd+ransac,46,45,8,8,1,0.3125043296,0.03275804421,0.038623359,1
improved,0.3,linear_mid_raw,1,s1-s3,1,svd,46,44,10,10,1,0.3768378781,0.02886499894,0.0377218673,1
improved,0.3,linear_mid_raw,1,s1-s3,1,svd+ransac,46,44,10,10,1,0.3768378781,0.02886499894,0.0377218673,1
improved,0.3,linear_mid_raw,1,s1-s4,0,svd,46,54,6,6,1,1.09385757,0.1512330357,0.164656605,1
improved,0.3,linear_mid_raw,1,s1-s4,0,svd+ransac,46,54,6,6,1,1.09385757,0.1512330357,0.164656605,1
improved,0.3,linear_mid_raw,1,s1-s5,0,svd,46,71,0,0,0,nan,nan,nan,0
improved,0.3,linear_mid_raw,1,s1-s5,0,svd+ransac,46,71,0,0,0,nan,nan,nan,0
improved,0.3,linear_mid_raw,1,s1-s6,0,svd,46,83,4,4,1,1.671468681,0.06384662695,0.1161692842,1
improved,0.3,linear_mid_raw,1,s1-s6,0,svd+ransac,46,83,4,4,1,1.671468681,0.06384662695,0.1161692842,1
improved,0.3,linear_mid_raw,1,s2-s3,1,svd,45,44,7,7,1,0.07765988393,0.02384054745,0.02465761629,1
improved,0.3,linear_mid_raw,1,s2-s3,1,svd+ransac,45,44,7,7,1,0.07765988393,0.02384054745,0.02465761629,1
improved,0.3,linear_mid_raw,1,s2-s4,1,svd,45,54,8,8,1,0.723224459,0.05916754158,0.07950627239,1
improved,0.3,linear_mid_raw,1,s2-s4,1,svd+ransac,45,54,8,8,1,0.723224459,0.05916754158,0.07950627239,1
improved,0.3,linear_mid_raw,1,s2-s5,1,svd,45,71,8,8,1,0.6968048756,0.03805616823,0.0596336964,1
improved,0.3,linear_mid_raw,1,s2-s5,1,svd+ransac,45,71,8,8,1,0.6968048756,0.03805616823,0.0596336964,1
improved,0.3,linear_mid_raw,1,s2-s6,0,svd,45,83,7,7,1,0.5273303373,0.04541289935,0.05652804661,1
improved,0.3,linear_mid_raw,1,s2-s6,0,svd+ransac,45,83,7,7,1,0.5273303373,0.04541289935,0.05652804661,1
improved,0.3,linear_mid_raw,1,s3-s4,1,svd,44,54,7,7,1,0.6425687388,0.03172545559,0.05378661091,1
improved,0.3,linear_mid_raw,1,s3-s4,1,svd+ransac,44,54,7,7,1,0.6425687388,0.03172545559,0.05378661091,1
improved,0.3,linear_mid_raw,1,s3-s5,1,svd,44,71,5,5,1,0.3975616882,0.1023329998,0.103353505,1
improved,0.3,linear_mid_raw,1,s3-s5,1,svd+ransac,44,71,5,5,1,0.3975616882,0.1023329998,0.103353505,1
improved,0.3,linear_mid_raw,1,s3-s6,0,svd,44,83,4,4,1,0.2935712966,0.05063841934,0.05725475933,1
improved,0.3,linear_mid_raw,1,s3-s6,0,svd+ransac,44,83,4,4,1,0.2935712966,0.05063841934,0.05725475933,1
improved,0.3,linear_mid_raw,1,s4-s5,1,svd,54,71,12,12,1,0.2913765481,0.0508639541,0.05513401311,1
improved,0.3,linear_mid_raw,1,s4-s5,1,svd+ransac,54,71,12,12,1,0.2913765481,0.0508639541,0.05513401311,1
improved,0.3,linear_mid_raw,1,s4-s6,1,svd,54,83,9,9,1,0.1546733989,0.04885298595,0.05135892935,1
improved,0.3,linear_mid_raw,1,s4-s6,1,svd+ransac,54,83,9,9,1,0.1546733989,0.04885298595,0.05135892935,1
improved,0.3,linear_mid_raw,1,s5-s6,1,svd,71,83,10,10,1,0.4257494758,0.01316678936,0.02844870754,1
improved,0.3,linear_mid_raw,1,s5-s6,1,svd+ransac,71,83,10,10,1,0.4257494758,0.01316678936,0.02844870754,1
improved,0.3,linear_mid_raw,2,s1-s2,1,svd,47,49,7,7,1,0.2637169647,0.03718386181,0.04226221048,1
improved,0.3,linear_mid_raw,2,s1-s2,1,svd+ransac,47,49,7,7,1,0.2637169647,0.03718386181,0.04226221048,1
improved,0.3,linear_mid_raw,2,s1-s3,1,svd,47,41,11,11,1,0.8793398915,0.02815190367,0.05848701365,1
improved,0.3,linear_mid_raw,2,s1-s3,1,svd+ransac,47,41,11,11,1,0.8793398915,0.02815190367,0.05848701365,1
improved,0.3,linear_mid_raw,2,s1-s4,0,svd,47,57,0,0,0,nan,nan,nan,0
improved,0.3,linear_mid_raw,2,s1-s4,0,svd+ransac,47,57,0,0,0,nan,nan,nan,0
improved,0.3,linear_mid_raw,2,s1-s5,0,svd,47,72,3,3,1,0.3422488194,0.09416379773,0.09877756717,1
improved,0.3,linear_mid_raw,2,s1-s5,0,svd+ransac,47,72,3,3,1,0.3422488194,0.09416379773,0.09877756717,1
improved,0.3,linear_mid_raw,2,s1-s6,0,svd,47,84,4,4,1,1.722389392,0.05756391295,0.1292017067,1
improved,0.3,linear_mid_raw,2,s1-s6,0,svd+ransac,47,84,4,4,1,1.722389392,0.05756391295,0.1292017067,1
improved,0.3,linear_mid_raw,2,s2-s3,1,svd,49,41,7,7,1,0.1278937125,0.02181847914,0.02487949943,1
improved,0.3,linear_mid_raw,2,s2-s3,1,svd+ransac,49,41,7,7,1,0.1278937125,0.02181847914,0.02487949943,1
improved,0.3,linear_mid_raw,2,s2-s4,1,svd,49,57,2,2,0,nan,nan,nan,0
improved,0.3,linear_mid_raw,2,s2-s4,1,svd+ransac,49,57,2,2,0,nan,nan,nan,0
improved,0.3,linear_mid_raw,2,s2-s5,1,svd,49,72,2,2,0,nan,nan,nan,0
improved,0.3,linear_mid_raw,2,s2-s5,1,svd+ransac,49,72,2,2,0,nan,nan,nan,0
improved,0.3,linear_mid_raw,2,s2-s6,0,svd,49,84,3,3,1,0.3518525431,0.09563586502,0.1000883937,1
improved,0.3,linear_mid_raw,2,s2-s6,0,svd+ransac,49,84,3,3,1,0.3518525431,0.09563586502,0.1000883937,1
improved,0.3,linear_mid_raw,2,s3-s4,1,svd,41,57,2,2,0,nan,nan,nan,0
improved,0.3,linear_mid_raw,2,s3-s4,1,svd+ransac,41,57,2,2,0,nan,nan,nan,0
improved,0.3,linear_mid_raw,2,s3-s5,1,svd,41,72,6,6,1,0.4221976604,0.09134450873,0.09372052355,1
improved,0.3,linear_mid_raw,2,s3-s5,1,svd+ransac,41,72,6,6,1,0.4221976604,0.09134450873,0.09372052355,1
improved,0.3,linear_mid_raw,2,s3-s6,0,svd,41,84,4,4,1,0.6424694409,0.02563768252,0.05814647626,1
improved,0.3,linear_mid_raw,2,s3-s6,0,svd+ransac,41,84,4,4,1,0.6424694409,0.02563768252,0.05814647626,1
improved,0.3,linear_mid_raw,2,s4-s5,1,svd,57,72,5,5,1,0.4702678638,0.1187878503,0.1229079601,1
improved,0.3,linear_mid_raw,2,s4-s5,1,svd+ransac,57,72,5,5,1,0.4702678638,0.1187878503,0.1229079601,1
improved,0.3,linear_mid_raw,2,s4-s6,1,svd,57,84,5,5,1,0.2839336942,0.02658627281,0.03531702172,1
improved,0.3,linear_mid_raw,2,s4-s6,1,svd+ransac,57,84,5,5,1,0.2839336942,0.02658627281,0.03531702172,1
improved,0.3,linear_mid_raw,2,s5-s6,1,svd,72,84,6,6,1,0.1723116633,0.06944767681,0.07203999911,1
improved,0.3,linear_mid_raw,2,s5-s6,1,svd+ransac,72,84,6,6,1,0.1723116633,0.06944767681,0.07203999911,1
improved,0.3,linear_mid_raw,3,s1-s2,1,svd,48,47,7,7,1,0.3633458113,0.02279376623,0.03057022246,1
improved,0.3,linear_mid_raw,3,s1-s2,1,svd+ransac,48,47,7,7,1,0.3633458113,0.02279376623,0.03057022246,1
improved,0.3,linear_mid_raw,3,s1-s3,1,svd,48,47,6,6,1,0.3183568072,0.01649432203,0.02567377261,1
improved,0.3,linear_mid_raw,3,s1-s3,1,svd+ransac,48,47,6,6,1,0.3183568072,0.01649432203,0.02567377261,1
improved,0.3,linear_mid_raw,3,s1-s4,0,svd,48,54,3,3,1,0.6694520895,0.0997769405,0.1078994076,1
improved,0.3,linear_mid_raw,3,s1-s4,0,svd+ransac,48,54,3,3,1,0.6694520895,0.0997769405,0.1078994076,1
improved,0.3,linear_mid_raw,3,s1-s5,0,svd,48,73,1,1,0,nan,nan,nan,0
improved,0.3,linear_mid_raw,3,s1-s5,0,svd+ransac,48,73,1,1,0,nan,nan,nan,0
improved,0.3,linear_mid_raw,3,s1-s6,0,svd,48,79,3,3,1,1.648725763,0.06677727343,0.1151398572,1
improved,0.3,linear_mid_raw,3,s1-s6,0,svd+ransac,48,79,3,3,1,1.648725763,0.06677727343,0.1151398572,1
improved,0.3,linear_mid_raw,3,s2-s3,1,svd,47,47,9,9,1,0.7121662381,0.07114172033,0.08451112918,1
improved,0.3,linear_mid_raw,3,s2-s3,1,svd+ransac,47,47,9,9,1,0.7121662381,0.07114172033,0.08451112918,1
improved,0.3,linear_mid_raw,3,s2-s4,1,svd,47,54,1,1,0,nan,nan,nan,0
improved,0.3,linear_mid_raw,3,s2-s4,1,svd+ransac,47,54,1,1,0,nan,nan,nan,0
improved,0.3,linear_mid_raw,3,s2-s5,1,svd,47,73,4,4,1,0.9466518471,0.05100431558,0.07525897724,1
improved,0.3,linear_mid_raw,3,s2-s5,1,svd+ransac,47,73,4,4,1,0.9466518471,0.05100431558,0.07525897724,1
improved,0.3,linear_mid_raw,3,s2-s6,0,svd,47,79,7,7,1,0.8469903167,0.03000502638,0.06240732048,1
improved,0.3,linear_mid_raw,3,s2-s6,0,svd+ransac,47,79,7,7,1,0.8469903167,0.03000502638,0.06240732048,1
improved,0.3,linear_mid_raw,3,s3-s4,1,svd,47,54,9,9,1,0.7448187975,0.06024093965,0.0739312788,1
improved,0.3,linear_mid_raw,3,s3-s4,1,svd+ransac,47,54,9,9,1,0.7448187975,0.06024093965,0.0739312788,1
improved,0.3,linear_mid_raw,3,s3-s5,1,svd,47,73,4,4,1,1.663944416,0.136680185,0.160321018,1
improved,0.3,linear_mid_raw,3,s3-s5,1,svd+ransac,47,73,4,4,1,1.663944416,0.136680185,0.160321018,1
improved,0.3,linear_mid_raw,3,s3-s6,0,svd,47,79,1,1,0,nan,nan,nan,0
improved,0.3,linear_mid_raw,3,s3-s6,0,svd+ransac,47,79,1,1,0,nan,nan,nan,0
improved,0.3,linear_mid_raw,3,s4-s5,1,svd,54,73,8,8,1,0.1353422969,0.06634785384,0.06719948824,1
improved,0.3,linear_mid_raw,3,s4-s5,1,svd+ransac,54,73,8,8,1,0.1353422969,0.06634785384,0.06719948824,1
improved,0.3,linear_mid_raw,3,s4-s6,1,svd,54,79,14,14,1,0.09730360828,0.04487809145,0.0454450637,1
improved,0.3,linear_mid_raw,3,s4-s6,1,svd+ransac,54,79,14,14,1,0.09730360828,0.04487809145,0.0454450637,1
improved,0.3,linear_mid_raw,3,s5-s6,1,svd,73,79,10,10,1,0.1768030896,0.01242665419,0.0172136614,1
improved,0.3,linear_mid_raw,3,s5-s6,1,svd+ransac,73,79,10,10,1,0.1768030896,0.01242665419,0.0172136614,1
improved,0.3,linear_mid_raw,4,s1-s2,1,svd,49,49,8,8,1,0.1608601047,0.04203280479,0.0426284219,1
improved,0.3,linear_mid_raw,4,s1-s2,1,svd+ransac,49,49,8,8,1,0.1608601047,0.04203280479,0.0426284219,1
improved,0.3,linear_mid_raw,4,s1-s3,1,svd,49,41,10,10,1,0.8349180638,0.03292434574,0.05969416603,1
improved,0.3,linear_mid_raw,4,s1-s3,1,svd+ransac,49,41,10,10,1,0.8349180638,0.03292434574,0.05969416603,1
improved,0.3,linear_mid_raw,4,s1-s4,0,svd,49,54,2,2,0,nan,nan,nan,0
improved,0.3,linear_mid_raw,4,s1-s4,0,svd+ransac,49,54,2,2,0,nan,nan,nan,0
improved,0.3,linear_mid_raw,4,s1-s5,0,svd,49,73,5,5,1,0.6710458739,0.1600071263,0.1631770417,1
improved,0.3,linear_mid_raw,4,s1-s5,0,svd+ransac,49,73,5,5,1,0.6710458739,0.1600071263,0.1631770417,1
improved,0.3,linear_mid_raw,4,s1-s6,0,svd,49,79,4,4,1,2.657983304,0.3141043364,0.3488965189,0
improved,0.3,linear_mid_raw,4,s1-s6,0,svd+ransac,49,79,4,4,1,2.657983304,0.3141043364,0.3488965189,0
improved,0.3,linear_mid_raw,4,s2-s3,1,svd,49,41,11,11,1,2.009022833,0.08637238273,0.139120337,0
improved,0.3,linear_mid_raw,4,s2-s3,1,svd+ransac,49,41,11,11,1,0.08043125829,0.01903119225,0.02011214734,1
improved,0.3,linear_mid_raw,4,s2-s4,1,svd,49,54,6,6,1,0.4199481178,0.02316377097,0.03607800784,1
improved,0.3,linear_mid_raw,4,s2-s4,1,svd+ransac,49,54,6,6,1,0.4199481178,0.02316377097,0.03607800784,1
improved,0.3,linear_mid_raw,4,s2-s5,1,svd,49,73,4,4,1,0.5246597627,0.01913241015,0.04144545088,1
improved,0.3,linear_mid_raw,4,s2-s5,1,svd+ransac,49,73,4,4,1,0.5246597627,0.01913241015,0.04144545088,1
improved,0.3,linear_mid_raw,4,s2-s6,0,svd,49,79,2,2,0,nan,nan,nan,0
improved,0.3,linear_mid_raw,4,s2-s6,0,svd+ransac,49,79,2,2,0,nan,nan,nan,0
improved,0.3,linear_mid_raw,4,s3-s4,1,svd,41,54,1,1,0,nan,nan,nan,0
improved,0.3,linear_mid_raw,4,s3-s4,1,svd+ransac,41,54,1,1,0,nan,nan,nan,0
improved,0.3,linear_mid_raw,4,s3-s5,1,svd,41,73,2,2,0,nan,nan,nan,0
improved,0.3,linear_mid_raw,4,s3-s5,1,svd+ransac,41,73,2,2,0,nan,nan,nan,0
improved,0.3,linear_mid_raw,4,s3-s6,0,svd,41,79,0,0,0,nan,nan,nan,0
improved,0.3,linear_mid_raw,4,s3-s6,0,svd+ransac,41,79,0,0,0,nan,nan,nan,0
improved,0.3,linear_mid_raw,4,s4-s5,1,svd,54,73,9,9,1,0.3113723845,0.05975508202,0.06374539701,1
improved,0.3,linear_mid_raw,4,s4-s5,1,svd+ransac,54,73,9,9,1,0.3113723845,0.05975508202,0.06374539701,1
improved,0.3,linear_mid_raw,4,s4-s6,1,svd,54,79,4,4,1,0.1657942286,0.03470483707,0.03700963238,1
improved,0.3,linear_mid_raw,4,s4-s6,1,svd+ransac,54,79,4,4,1,0.1657942286,0.03470483707,0.03700963238,1
improved,0.3,linear_mid_raw,4,s5-s6,1,svd,73,79,6,6,1,1.333670658,0.2336964565,0.2387701234,1
improved,0.3,linear_mid_raw,4,s5-s6,1,svd+ransac,73,79,6,6,1,1.333670658,0.2336964565,0.2387701234,1
improved,0.3,linear_mid_raw,5,s1-s2,1,svd,51,50,12,12,1,0.2008236604,0.06548093364,0.06565677828,1
improved,0.3,linear_mid_raw,5,s1-s2,1,svd+ransac,51,50,12,12,1,0.2008236604,0.06548093364,0.06565677828,1
improved,0.3,linear_mid_raw,5,s1-s3,1,svd,51,43,12,12,1,0.7554021542,0.04019525351,0.05696112809,1
improved,0.3,linear_mid_raw,5,s1-s3,1,svd+ransac,51,43,12,12,1,0.7554021542,0.04019525351,0.05696112809,1
improved,0.3,linear_mid_raw,5,s1-s4,0,svd,51,54,4,4,1,0.1771529585,0.0593462565,0.06025525697,1
improved,0.3,linear_mid_raw,5,s1-s4,0,svd+ransac,51,54,4,4,1,0.1771529585,0.0593462565,0.06025525697,1
improved,0.3,linear_mid_raw,5,s1-s5,0,svd,51,72,1,1,0,nan,nan,nan,0
improved,0.3,linear_mid_raw,5,s1-s5,0,svd+ransac,51,72,1,1,0,nan,nan,nan,0
improved,0.3,linear_mid_raw,5,s1-s6,0,svd,51,83,0,0,0,nan,nan,nan,0
improved,0.3,linear_mid_raw,5,s1-s6,0,svd+ransac,51,83,0,0,0,nan,nan,nan,0
improved,0.3,linear_mid_raw,5,s2-s3,1,svd,50,43,9,9,1,2.300787572,0.120510023,0.1702978195,0
improved,0.3,linear_mid_raw,5,s2-s3,1,svd+ransac,50,43,9,9,1,0.4590027763,0.05374518366,0.05911359475,1
improved,0.3,linear_mid_raw,5,s2-s4,1,svd,50,54,7,7,1,0.1918577287,0.01531312745,0.02239014966,1
improved,0.3,linear_mid_raw,5,s2-s4,1,svd+ransac,50,54,7,7,1,0.1918577287,0.01531312745,0.02239014966,1
improved,0.3,linear_mid_raw,5,s2-s5,1,svd,50,72,3,3,1,0.7027088897,0.0258796293,0.04939013098,1
improved,0.3,linear_mid_raw,5,s2-s5,1,svd+ransac,50,72,3,3,1,0.7027088897,0.0258796293,0.04939013098,1
improved,0.3,linear_mid_raw,5,s2-s6,0,svd,50,83,1,1,0,nan,nan,nan,0
improved,0.3,linear_mid_raw,5,s2-s6,0,svd+ransac,50,83,1,1,0,nan,nan,nan,0
improved,0.3,linear_mid_raw,5,s3-s4,1,svd,43,54,2,2,0,nan,nan,nan,0
improved,0.3,linear_mid_raw,5,s3-s4,1,svd+ransac,43,54,2,2,0,nan,nan,nan,0
improved,0.3,linear_mid_raw,5,s3-s5,1,svd,43,72,4,4,1,0.4088805545,0.09513720509,0.09717597015,1
improved,0.3,linear_mid_raw,5,s3-s5,1,svd+ransac,43,72,4,4,1,0.4088805545,0.09513720509,0.09717597015,1
improved,0.3,linear_mid_raw,5,s3-s6,0,svd,43,83,5,5,1,0.6375168355,0.0866139004,0.09552120989,1
improved,0.3,linear_mid_raw,5,s3-s6,0,svd+ransac,43,83,5,5,1,0.6375168355,0.0866139004,0.09552120989,1
improved,0.3,linear_mid_raw,5,s4-s5,1,svd,54,72,11,11,1,0.1676455126,0.0540130339,0.05534163238,1
improved,0.3,linear_mid_raw,5,s4-s5,1,svd+ransac,54,72,11,11,1,0.1676455126,0.0540130339,0.05534163238,1
improved,0.3,linear_mid_raw,5,s4-s6,1,svd,54,83,1,1,0,nan,nan,nan,0
improved,0.3,linear_mid_raw,5,s4-s6,1,svd+ransac,54,83,1,1,0,nan,nan,nan,0
improved,0.3,linear_mid_raw,5,s5-s6,1,svd,72,83,4,4,1,4.512546376,0.5524679208,0.5977338832,0
improved,0.3,linear_mid_raw,5,s5-s6,1,svd+ransac,72,83,4,4,1,4.512546376,0.5524679208,0.5977338832,0
improved,0.3,linear_mid_raw,6,s1-s2,1,svd,49,47,7,7,1,0.2196493995,0.0228987326,0.02637187642,1
improved,0.3,linear_mid_raw,6,s1-s2,1,svd+ransac,49,47,7,7,1,0.2196493995,0.0228987326,0.02637187642,1
improved,0.3,linear_mid_raw,6,s1-s3,1,svd,49,41,6,6,1,0.3697661761,0.03991971589,0.04486021562,1
improved,0.3,linear_mid_raw,6,s1-s3,1,svd+ransac,49,41,6,6,1,0.3697661761,0.03991971589,0.04486021562,1
improved,0.3,linear_mid_raw,6,s1-s4,0,svd,49,53,3,3,1,1.886643993,0.5020338699,0.5085705313,0
improved,0.3,linear_mid_raw,6,s1-s4,0,svd+ransac,49,53,3,3,1,1.886643993,0.5020338699,0.5085705313,0
improved,0.3,linear_mid_raw,6,s1-s5,0,svd,49,71,1,1,0,nan,nan,nan,0
improved,0.3,linear_mid_raw,6,s1-s5,0,svd+ransac,49,71,1,1,0,nan,nan,nan,0
improved,0.3,linear_mid_raw,6,s1-s6,0,svd,49,84,0,0,0,nan,nan,nan,0
improved,0.3,linear_mid_raw,6,s1-s6,0,svd+ransac,49,84,0,0,0,nan,nan,nan,0
improved,0.3,linear_mid_raw,6,s2-s3,1,svd,47,41,5,5,1,1.958449245,0.1403462219,0.1820047708,1
improved,0.3,linear_mid_raw,6,s2-s3,1,svd+ransac,47,41,5,5,1,1.408142943,0.2445858487,0.2646050817,1
improved,0.3,linear_mid_raw,6,s2-s4,1,svd,47,53,2,2,0,nan,nan,nan,0
improved,0.3,linear_mid_raw,6,s2-s4,1,svd+ransac,47,53,2,2,0,nan,nan,nan,0
improved,0.3,linear_mid_raw,6,s2-s5,1,svd,47,71,4,4,1,0.5915040823,0.05886575486,0.06916505614,1
improved,0.3,linear_mid_raw,6,s2-s5,1,svd+ransac,47,71,4,4,1,0.5915040823,0.05886575486,0.06916505614,1
improved,0.3,linear_mid_raw,6,s2-s6,0,svd,47,84,7,7,1,1.196094525,0.04499747896,0.08686783921,1
improved,0.3,linear_mid_raw,6,s2-s6,0,svd+ransac,47,84,7,7,1,1.196094525,0.04499747896,0.08686783921,1
improved,0.3,linear_mid_raw,6,s3-s4,1,svd,41,53,2,2,0,nan,nan,nan,0
improved,0.3,linear_mid_raw,6,s3-s4,1,svd+ransac,41,53,2,2,0,nan,nan,nan,0
improved,0.3,linear_mid_raw,6,s3-s5,1,svd,41,71,4,4,1,0.6057915168,0.0926644275,0.0998479247,1
improved,0.3,linear_mid_raw,6,s3-s5,1,svd+ransac,41,71,4,4,1,0.6057915168,0.0926644275,0.0998479247,1
improved,0.3,linear_mid_raw,6,s3-s6,0,svd,41,84,11,11,1,0.4845387651,0.1226196845,0.1244215069,1
improved,0.3,linear_mid_raw,6,s3-s6,0,svd+ransac,41,84,11,11,1,0.4845387651,0.1226196845,0.1244215069,1
improved,0.3,linear_mid_raw,6,s4-s5,1,svd,53,71,9,9,1,0.3309733383,0.0782003325,0.08164201341,1
improved,0.3,linear_mid_raw,6,s4-s5,1,svd+ransac,53,71,9,9,1,0.3309733383,0.0782003325,0.08164201341,1
improved,0.3,linear_mid_raw,6,s4-s6,1,svd,53,84,4,4,1,3.837650719,0.1742634641,0.2875967974,0
improved,0.3,linear_mid_raw,6,s4-s6,1,svd+ransac,53,84,4,4,1,3.837650719,0.1742634641,0.2875967974,0
improved,0.3,linear_mid_raw,6,s5-s6,1,svd,71,84,10,10,1,0.1047759391,0.01091163415,0.01441892912,1
improved,0.3,linear_mid_raw,6,s5-s6,1,svd+ransac,71,84,10,10,1,0.1047759391,0.01091163415,0.01441892912,1
improved,0.3,linear_mid_raw,7,s1-s2,1,svd,44,48,1,1,0,nan,nan,nan,0
improved,0.3,linear_mid_raw,7,s1-s2,1,svd+ransac,44,48,1,1,0,nan,nan,nan,0
improved,0.3,linear_mid_raw,7,s1-s3,1,svd,44,42,5,5,1,0.6812860844,0.06861565762,0.07787767133,1
improved,0.3,linear_mid_raw,7,s1-s3,1,svd+ransac,44,42,5,5,1,0.6812860844,0.06861565762,0.07787767133,1
improved,0.3,linear_mid_raw,7,s1-s4,0,svd,44,49,1,1,0,nan,nan,nan,0
improved,0.3,linear_mid_raw,7,s1-s4,0,svd+ransac,44,49,1,1,0,nan,nan,nan,0
improved,0.3,linear_mid_raw,7,s1-s5,0,svd,44,72,5,5,1,0.5192345248,0.1005507099,0.1060768975,1
improved,0.3,linear_mid_raw,7,s1-s5,0,svd+ransac,44,72,5,5,1,0.5192345248,0.1005507099,0.1060768975,1
improved,0.3,linear_mid_raw,7,s1-s6,0,svd,44,81,4,4,1,0.5668999019,0.01800712091,0.04195443949,1
improved,0.3,linear_mid_raw,7,s1-s6,0,svd+ransac,44,81,4,4,1,0.5668999019,0.01800712091,0.04195443949,1
improved,0.3,linear_mid_raw,7,s2-s3,1,svd,48,42,9,9,1,3.061247458,0.3643817455,0.3968202182,0
improved,0.3,linear_mid_raw,7,s2-s3,1,svd+ransac,48,42,9,9,1,0.2945256869,0.04521632558,0.04873178348,1
improved,0.3,linear_mid_raw,7,s2-s4,1,svd,48,49,10,10,1,1.511517494,0.1242385201,0.1583128849,1
improved,0.3,linear_mid_raw,7,s2-s4,1,svd+ransac,48,49,10,10,1,0.4401581791,0.01409604219,0.03644509718,1
improved,0.3,linear_mid_raw,7,s2-s5,1,svd,48,72,4,4,1,1.706186075,0.08619785567,0.132153458,1
improved,0.3,linear_mid_raw,7,s2-s5,1,svd+ransac,48,72,4,4,1,1.706186075,0.08619785567,0.132153458,1
improved,0.3,linear_mid_raw,7,s2-s6,0,svd,48,81,5,5,1,0.7427216616,0.07507235386,0.09233491434,1
improved,0.3,linear_mid_raw,7,s2-s6,0,svd+ransac,48,81,5,5,1,0.7427216616,0.07507235386,0.09233491434,1
improved,0.3,linear_mid_raw,7,s3-s4,1,svd,42,49,3,3,1,0.4835163947,0.07682591133,0.08188365057,1
improved,0.3,linear_mid_raw,7,s3-s4,1,svd+ransac,42,49,3,3,1,0.4835163947,0.07682591133,0.08188365057,1
improved,0.3,linear_mid_raw,7,s3-s5,1,svd,42,72,4,4,1,0.9874681919,0.2259688219,0.2307834495,1
improved,0.3,linear_mid_raw,7,s3-s5,1,svd+ransac,42,72,4,4,1,16.13521101,1.843062059,2.06530757,0
improved,0.3,linear_mid_raw,7,s3-s6,0,svd,42,81,9,9,1,0.506364483,0.1355582385,0.1373063858,1
improved,0.3,linear_mid_raw,7,s3-s6,0,svd+ransac,42,81,9,9,1,0.506364483,0.1355582385,0.1373063858,1
improved,0.3,linear_mid_raw,7,s4-s5,1,svd,49,72,11,11,1,0.09262794738,0.05783355393,0.05850995983,1
improved,0.3,linear_mid_raw,7,s4-s5,1,svd+ransac,49,72,11,11,1,0.09262794738,0.05783355393,0.05850995983,1
improved,0.3,linear_mid_raw,7,s4-s6,1,svd,49,81,7,7,1,0.05134608495,0.0239652821,0.02432521404,1
improved,0.3,linear_mid_raw,7,s4-s6,1,svd+ransac,49,81,7,7,1,0.05134608495,0.0239652821,0.02432521404,1
improved,0.3,linear_mid_raw,7,s5-s6,1,svd,72,81,10,10,1,2.195802894,0.09542358415,0.1614344564,0
improved,0.3,linear_mid_raw,7,s5-s6,1,svd+ransac,72,81,10,10,1,0.464725169,0.03011027807,0.04445072029,1
improved,0.3,linear_mid_raw,8,s1-s2,1,svd,50,53,9,9,1,0.1417816066,0.04431794172,0.04628661226,1
improved,0.3,linear_mid_raw,8,s1-s2,1,svd+ransac,50,53,9,9,1,0.1417816066,0.04431794172,0.04628661226,1
improved,0.3,linear_mid_raw,8,s1-s3,1,svd,50,42,9,9,1,0.9890331277,0.1082212739,0.1210875821,1
improved,0.3,linear_mid_raw,8,s1-s3,1,svd+ransac,50,42,9,9,1,0.9890331277,0.1082212739,0.1210875821,1
improved,0.3,linear_mid_raw,8,s1-s4,0,svd,50,54,1,1,0,nan,nan,nan,0
improved,0.3,linear_mid_raw,8,s1-s4,0,svd+ransac,50,54,1,1,0,nan,nan,nan,0
improved,0.3,linear_mid_raw,8,s1-s5,0,svd,50,76,1,1,0,nan,nan,nan,0
improved,0.3,linear_mid_raw,8,s1-s5,0,svd+ransac,50,76,1,1,0,nan,nan,nan,0
improved,0.3,linear_mid_raw,8,s1-s6,0,svd,50,83,4,4,1,1.428472204,0.1035318426,0.1376403158,1
improved,0.3,linear_mid_raw,8,s1-s6,0,svd+ransac,50,83,4,4,1,1.644470901,0.05766943867,0.1166604346,1
improved,0.3,linear_mid_raw,8,s2-s3,1,svd,53,42,1,1,0,nan,nan,nan,0
improved,0.3,linear_mid_raw,8,s2-s3,1,svd+ransac,53,42,1,1,0,nan,nan,nan,0
improved,0.3,linear_mid_raw,8,s2-s4,1,svd,53,54,7,7,1,0.3727299505,0.0451524093,0.05496217707,1
improved,0.3,linear_mid_raw,8,s2-s4,1,svd+ransac,53,54,7,7,1,0.2951174343,0.03647512268,0.04264372746,1
improved,0.3,linear_mid_raw,8,s2-s5,1,svd,53,76,1,1,0,nan,nan,nan,0
improved,0.3,linear_mid_raw,8,s2-s5,1,svd+ransac,53,76,1,1,0,nan,nan,nan,0
improved,0.3,linear_mid_raw,8,s2-s6,0,svd,53,83,3,3,1,2.535882216,0.1842025536,0.2352931029,0
improved,0.3,linear_mid_raw,8,s2-s6,0,svd+ransac,53,83,3,3,1,2.535882216,0.1842025536,0.2352931029,0
improved,0.3,linear_mid_raw,8,s3-s4,1,svd,42,54,9,9,1,0.9953622097,0.1048664385,0.1240252721,1
improved,0.3,linear_mid_raw,8,s3-s4,1,svd+ransac,42,54,9,9,1,0.9953622097,0.1048664385,0.1240252721,1
improved,0.3,linear_mid_raw,8,s3-s5,1,svd,42,76,11,11,1,0.3971694119,0.07032649405,0.07888891135,1
improved,0.3,linear_mid_raw,8,s3-s5,1,svd+ransac,42,76,11,11,1,0.1992066899,0.04059042448,0.04527617358,1
improved,0.3,linear_mid_raw,8,s3-s6,0,svd,42,83,3,3,1,0.6899631992,0.3868253343,0.38463668,1
improved,0.3,linear_mid_raw,8,s3-s6,0,svd+ransac,42,83,3,3,1,0.6899631992,0.3868253343,0.38463668,1
improved,0.3,linear_mid_raw,8,s4-s5,1,svd,54,76,7,7,1,0.1185390437,0.02648299382,0.0283700467,1
improved,0.3,linear_mid_raw,8,s4-s5,1,svd+ransac,54,76,7,7,1,0.1185390437,0.02648299382,0.0283700467,1
improved,0.3,linear_mid_raw,8,s4-s6,1,svd,54,83,7,7,1,0.1983555963,0.04007476566,0.04224251708,1
improved,0.3,linear_mid_raw,8,s4-s6,1,svd+ransac,54,83,7,7,1,0.1983555963,0.04007476566,0.04224251708,1
improved,0.3,linear_mid_raw,8,s5-s6,1,svd,76,83,8,8,1,0.1462877124,0.03695749026,0.03900191771,1
improved,0.3,linear_mid_raw,8,s5-s6,1,svd+ransac,76,83,8,8,1,0.1462877124,0.03695749026,0.03900191771,1
improved,0.3,linear_mid_raw,9,s1-s2,1,svd,50,51,7,7,1,0.246018043,0.02807557674,0.03641435145,1
improved,0.3,linear_mid_raw,9,s1-s2,1,svd+ransac,50,51,7,7,1,0.246018043,0.02807557674,0.03641435145,1
improved,0.3,linear_mid_raw,9,s1-s3,1,svd,50,44,8,8,1,0.6858385481,0.02928871301,0.04719671725,1
improved,0.3,linear_mid_raw,9,s1-s3,1,svd+ransac,50,44,8,8,1,0.6858385481,0.02928871301,0.04719671725,1
improved,0.3,linear_mid_raw,9,s1-s4,0,svd,50,58,5,5,1,0.5391196341,0.108516479,0.1135959829,1
improved,0.3,linear_mid_raw,9,s1-s4,0,svd+ransac,50,58,5,5,1,0.5391196341,0.108516479,0.1135959829,1
improved,0.3,linear_mid_raw,9,s1-s5,0,svd,50,69,1,1,0,nan,nan,nan,0
improved,0.3,linear_mid_raw,9,s1-s5,0,svd+ransac,50,69,1,1,0,nan,nan,nan,0
improved,0.3,linear_mid_raw,9,s1-s6,0,svd,50,82,0,0,0,nan,nan,nan,0
improved,0.3,linear_mid_raw,9,s1-s6,0,svd+ransac,50,82,0,0,0,nan,nan,nan,0
improved,0.3,linear_mid_raw,9,s2-s3,1,svd,51,44,8,8,1,0.1557686053,0.02811954895,0.03160855475,1
improved,0.3,linear_mid_raw,9,s2-s3,1,svd+ransac,51,44,8,8,1,0.1557686053,0.02811954895,0.03160855475,1
improved,0.3,linear_mid_raw,9,s2-s4,1,svd,51,58,6,6,1,0.7979772825,0.06147216581,0.08558905279,1
improved,0.3,linear_mid_raw,9,s2-s4,1,svd+ransac,51,58,6,6,1,0.7979772825,0.06147216581,0.08558905279,1
improved,0.3,linear_mid_raw,9,s2-s5,1,svd,51,69,5,5,1,0.8018922862,0.05280776459,0.07319679835,1
improved,0.3,linear_mid_raw,9,s2-s5,1,svd+ransac,51,69,5,5,1,0.8018922862,0.05280776459,0.07319679835,1
improved,0.3,linear_mid_raw,9,s2-s6,0,svd,51,82,9,9,1,1.039398901,0.04456615857,0.08098262414,1
improved,0.3,linear_mid_raw,9,s2-s6,0,svd+ransac,51,82,9,9,1,1.039398901,0.04456615857,0.08098262414,1
improved,0.3,linear_mid_raw,9,s3-s4,1,svd,44,58,3,3,1,0.9497713318,0.02520763289,0.06463819974,1
improved,0.3,linear_mid_raw,9,s3-s4,1,svd+ransac,44,58,3,3,1,0.9497713318,0.02520763289,0.06463819974,1
improved,0.3,linear_mid_raw,9,s3-s5,1,svd,44,69,6,6,1,0.03243066875,0.02322452363,0.02330613133,1
improved,0.3,linear_mid_raw,9,s3-s5,1,svd+ransac,44,69,6,6,1,0.03243066875,0.02322452363,0.02330613133,1
improved,0.3,linear_mid_raw,9,s3-s6,0,svd,44,82,4,4,1,1.30582625,0.3092080368,0.3170109587,1
improved,0.3,linear_mid_raw,9,s3-s6,0,svd+ransac,44,82,4,4,1,1.30582625,0.3092080368,0.3170109587,1
improved,0.3,linear_mid_raw,9,s4-s5,1,svd,58,69,1,1,0,nan,nan,nan,0
improved,0.3,linear_mid_raw,9,s4-s5,1,svd+ransac,58,69,1,1,0,nan,nan,nan,0
improved,0.3,linear_mid_raw,9,s4-s6,1,svd,58,82,5,5,1,1.283681508,0.02414319749,0.08327605235,1
improved,0.3,linear_mid_raw,9,s4-s6,1,svd+ransac,58,82,5,5,1,1.283681508,0.02414319749,0.08327605235,1
improved,0.3,linear_mid_raw,9,s5-s6,1,svd,69,82,15,15,1,1.004412979,0.03486327391,0.07138666384,1
improved,0.3,linear_mid_raw,9,s5-s6,1,svd+ransac,69,82,15,15,1,0.08023978902,0.006436135608,0.009456429518,1
improved,0.3,linear_mid_raw,10,s1-s2,1,svd,47,54,7,7,1,0.2669965422,0.03013076182,0.03463992262,1
improved,0.3,linear_mid_raw,10,s1-s2,1,svd+ransac,47,54,7,7,1,0.2669965422,0.03013076182,0.03463992262,1
improved,0.3,linear_mid_raw,10,s1-s3,1,svd,47,43,11,11,1,1.029968926,0.03143217226,0.06493656618,1
improved,0.3,linear_mid_raw,10,s1-s3,1,svd+ransac,47,43,11,11,1,1.029968926,0.03143217226,0.06493656618,1
improved,0.3,linear_mid_raw,10,s1-s4,0,svd,47,49,1,1,0,nan,nan,nan,0
improved,0.3,linear_mid_raw,10,s1-s4,0,svd+ransac,47,49,1,1,0,nan,nan,nan,0
improved,0.3,linear_mid_raw,10,s1-s5,0,svd,47,70,1,1,0,nan,nan,nan,0
improved,0.3,linear_mid_raw,10,s1-s5,0,svd+ransac,47,70,1,1,0,nan,nan,nan,0
improved,0.3,linear_mid_raw,10,s1-s6,0,svd,47,80,3,3,1,1.65131075,0.06028303393,0.1182633244,1
improved,0.3,linear_mid_raw,10,s1-s6,0,svd+ransac,47,80,3,3,1,1.65131075,0.06028303393,0.1182633244,1
improved,0.3,linear_mid_raw,10,s2-s3,1,svd,54,43,4,4,1,1.808483833,0.1882582399,0.2130227183,1
improved,0.3,linear_mid_raw,10,s2-s3,1,svd+ransac,54,43,4,4,1,1.808483833,0.1882582399,0.2130227183,1
improved,0.3,linear_mid_raw,10,s2-s4,1,svd,54,49,0,0,0,nan,nan,nan,0
improved,0.3,linear_mid_raw,10,s2-s4,1,svd+ransac,54,49,0,0,0,nan,nan,nan,0
improved,0.3,linear_mid_raw,10,s2-s5,1,svd,54,70,5,5,1,0.6981589205,0.03595233808,0.05800991843,1
improved,0.3,linear_mid_raw,10,s2-s5,1,svd+ransac,54,70,5,5,1,0.6981589205,0.03595233808,0.05800991843,1
improved,0.3,linear_mid_raw,10,s2-s6,0,svd,54,80,6,6,1,1.08124402,0.04887063203,0.08003933085,1
improved,0.3,linear_mid_raw,10,s2-s6,0,svd+ransac,54,80,6,6,1,1.08124402,0.04887063203,0.08003933085,1
improved,0.3,linear_mid_raw,10,s3-s4,1,svd,43,49,10,10,1,0.4739438009,0.02058989132,0.03526113753,1
improved,0.3,linear_mid_raw,10,s3-s4,1,svd+ransac,43,49,10,10,1,0.4739438009,0.02058989132,0.03526113753,1
improved,0.3,linear_mid_raw,10,s3-s5,1,svd,43,70,2,2,0,nan,nan,nan,0
improved,0.3,linear_mid_raw,10,s3-s5,1,svd+ransac,43,70,2,2,0,nan,nan,nan,0
improved,0.3,linear_mid_raw,10,s3-s6,0,svd,43,80,5,5,1,0.7081932486,0.138706609,0.144771411,1
improved,0.3,linear_mid_raw,10,s3-s6,0,svd+ransac,43,80,5,5,1,0.7081932486,0.138706609,0.144771411,1
improved,0.3,linear_mid_raw,10,s4-s5,1,svd,49,70,5,5,1,0.4069304819,0.08617616221,0.09037941431,1
improved,0.3,linear_mid_raw,10,s4-s5,1,svd+ransac,49,70,5,5,1,0.4069304819,0.08617616221,0.09037941431,1
improved,0.3,linear_mid_raw,10,s4-s6,1,svd,49,80,9,9,1,0.9369984026,0.1350175902,0.1489866762,1
improved,0.3,linear_mid_raw,10,s4-s6,1,svd+ransac,49,80,9,9,1,0.9369984026,0.1350175902,0.1489866762,1
improved,0.3,linear_mid_raw,10,s5-s6,1,svd,70,80,14,14,1,0.06238312114,0.01310671774,0.01396004566,1
improved,0.3,linear_mid_raw,10,s5-s6,1,svd+ransac,70,80,14,14,1,0.06238312114,0.01310671774,0.01396004566,1
improved,0.3,physical_raw,1,s1-s2,1,svd,47,45,5,5,1,0.4024234643,0.05423253753,0.05851971959,1
improved,0.3,physical_raw,1,s1-s2,1,svd+ransac,47,45,5,5,1,0.4024234643,0.05423253753,0.05851971959,1
improved,0.3,physical_raw,1,s1-s3,1,svd,47,43,7,7,1,0.3879340652,0.03968220678,0.04502592179,1
improved,0.3,physical_raw,1,s1-s3,1,svd+ransac,47,43,7,7,1,0.3879340652,0.03968220678,0.04502592179,1
improved,0.3,physical_raw,1,s1-s4,0,svd,47,52,7,7,1,0.9280529159,0.113910742,0.128794317,1
improved,0.3,physical_raw,1,s1-s4,0,svd+ransac,47,52,7,7,1,0.9280529159,0.113910742,0.128794317,1
improved,0.3,physical_raw,1,s1-s5,0,svd,47,70,1,1,0,nan,nan,nan,0
improved,0.3,physical_raw,1,s1-s5,0,svd+ransac,47,70,1,1,0,nan,nan,nan,0
improved,0.3,physical_raw,1,s1-s6,0,svd,47,82,4,4,1,1.675404804,0.06586836137,0.1159170945,1
improved,0.3,physical_raw,1,s1-s6,0,svd+ransac,47,82,4,4,1,1.675404804,0.06586836137,0.1159170945,1
improved,0.3,physical_raw,1,s2-s3,1,svd,45,43,5,5,1,0.207459759,0.01917263197,0.02362181401,1
improved,0.3,physical_raw,1,s2-s3,1,svd+ransac,45,43,5,5,1,0.207459759,0.01917263197,0.02362181401,1
improved,0.3,physical_raw,1,s2-s4,1,svd,45,52,8,8,1,0.6844130605,0.02164111351,0.0548800974,1
improved,0.3,physical_raw,1,s2-s4,1,svd+ransac,45,52,8,8,1,0.6844130605,0.02164111351,0.0548800974,1
improved,0.3,physical_raw,1,s2-s5,1,svd,45,70,7,7,1,1.213903516,0.04187262802,0.08746910372,1
improved,0.3,physical_raw,1,s2-s5,1,svd+ransac,45,70,7,7,1,0.7920638806,0.04705362,0.07018738901,1
improved,0.3,physical_raw,1,s2-s6,0,svd,45,82,11,11,1,0.2657605286,0.04198660323,0.04575098309,1
improved,0.3,physical_raw,1,s2-s6,0,svd+ransac,45,82,11,11,1,0.788701219,0.02219297542,0.05267184987,1
improved,0.3,physical_raw,1,s3-s4,1,svd,43,52,5,5,1,0.6001834643,0.05203509719,0.06860000751,1
improved,0.3,physical_raw,1,s3-s4,1,svd+ransac,43,52,5,5,1,0.6001834643,0.05203509719,0.06860000751,1
improved,0.3,physical_raw,1,s3-s5,1,svd,43,70,6,6,1,0.1735821794,0.03889715227,0.03958100753,1
improved,0.3,physical_raw,1,s3-s5,1,svd+ransac,43,70,6,6,1,0.1735821794,0.03889715227,0.03958100753,1
improved,0.3,physical_raw,1,s3-s6,0,svd,43,82,7,7,1,0.4290339673,0.03232433612,0.0480547509,1
improved,0.3,physical_raw,1,s3-s6,0,svd+ransac,43,82,7,7,1,0.4290339673,0.03232433612,0.0480547509,1
improved,0.3,physical_raw,1,s4-s5,1,svd,52,70,6,6,1,0.3926227114,0.08914443714,0.09375869348,1
improved,0.3,physical_raw,1,s4-s5,1,svd+ransac,52,70,6,6,1,0.3926227114,0.08914443714,0.09375869348,1
improved,0.3,physical_raw,1,s4-s6,1,svd,52,82,10,10,1,0.182902642,0.01984229964,0.02452760314,1
improved,0.3,physical_raw,1,s4-s6,1,svd+ransac,52,82,10,10,1,0.182902642,0.01984229964,0.02452760314,1
improved,0.3,physical_raw,1,s5-s6,1,svd,70,82,14,14,1,1.976873293,0.08803975911,0.1471624032,1
improved,0.3,physical_raw,1,s5-s6,1,svd+ransac,70,82,14,14,1,0.1705097155,0.01448476115,0.01848688914,1
improved,0.3,physical_raw,2,s1-s2,1,svd,47,46,7,7,1,0.3417984879,0.06414590087,0.06643992719,1
improved,0.3,physical_raw,2,s1-s2,1,svd+ransac,47,46,7,7,1,0.3417984879,0.06414590087,0.06643992719,1
improved,0.3,physical_raw,2,s1-s3,1,svd,47,41,10,10,1,0.8851719303,0.03979750031,0.06361817342,1
improved,0.3,physical_raw,2,s1-s3,1,svd+ransac,47,41,10,10,1,0.8851719303,0.03979750031,0.06361817342,1
improved,0.3,physical_raw,2,s1-s4,0,svd,47,57,1,1,0,nan,nan,nan,0
improved,0.3,physical_raw,2,s1-s4,0,svd+ransac,47,57,1,1,0,nan,nan,nan,0
improved,0.3,physical_raw,2,s1-s5,0,svd,47,73,3,3,1,0.3418696224,0.09303678287,0.09767011185,1
improved,0.3,physical_raw,2,s1-s5,0,svd+ransac,47,73,3,3,1,0.3418696224,0.09303678287,0.09767011185,1
improved,0.3,physical_raw,2,s1-s6,0,svd,47,81,0,0,0,nan,nan,nan,0
improved,0.3,physical_raw,2,s1-s6,0,svd+ransac,47,81,0,0,0,nan,nan,nan,0
improved,0.3,physical_raw,2,s2-s3,1,svd,46,41,8,8,1,0.1608190902,0.01878257313,0.02246898047,1
improved,0.3,physical_raw,2,s2-s3,1,svd+ransac,46,41,8,8,1,0.1608190902,0.01878257313,0.02246898047,1
improved,0.3,physical_raw,2,s2-s4,1,svd,46,57,4,4,1,1.062812672,0.05870577619,0.09698718602,1
improved,0.3,physical_raw,2,s2-s4,1,svd+ransac,46,57,4,4,1,1.062812672,0.05870577619,0.09698718602,1
improved,0.3,physical_raw,2,s2-s5,1,svd,46,73,6,6,1,0.7454818326,0.04036746792,0.06360467472,1
improved,0.3,physical_raw,2,s2-s5,1,svd+ransac,46,73,6,6,1,0.7454818326,0.04036746792,0.06360467472,1
improved,0.3,physical_raw,2,s2-s6,0,svd,46,81,11,11,1,0.6681698483,0.01307564897,0.04453357783,1
improved,0.3,physical_raw,2,s2-s6,0,svd+ransac,46,81,11,11,1,0.6681698483,0.01307564897,0.04453357783,1
improved,0.3,physical_raw,2,s3-s4,1,svd,41,57,1,1,0,nan,nan,nan,0
improved,0.3,physical_raw,2,s3-s4,1,svd+ransac,41,57,1,1,0,nan,nan,nan,0
improved,0.3,physical_raw,2,s3-s5,1,svd,41,73,12,12,1,0.2028775945,0.04679429169,0.05092964838,1
improved,0.3,physical_raw,2,s3-s5,1,svd+ransac,41,73,12,12,1,0.1745398264,0.05251752075,0.05338922658,1
improved,0.3,physical_raw,2,s3-s6,0,svd,41,81,1,1,0,nan,nan,nan,0
improved,0.3,physical_raw,2,s3-s6,0,svd+ransac,41,81,1,1,0,nan,nan,nan,0
improved,0.3,physical_raw,2,s4-s5,1,svd,57,73,5,5,1,0.1393855037,0.0777661687,0.07808583513,1
improved,0.3,physical_raw,2,s4-s5,1,svd+ransac,57,73,5,5,1,0.1393855037,0.0777661687,0.07808583513,1
improved,0.3,physical_raw,2,s4-s6,1,svd,57,81,10,10,1,0.6646699704,0.1017770127,0.1103740047,1
improved,0.3,physical_raw,2,s4-s6,1,svd+ransac,57,81,10,10,1,0.3613018478,0.02666640889,0.04029998576,1
improved,0.3,physical_raw,2,s5-s6,1,svd,73,81,3,3,1,1.432318401,0.3007435408,0.3303348599,1
improved,0.3,physical_raw,2,s5-s6,1,svd+ransac,73,81,3,3,1,1.432318401,0.3007435408,0.3303348599,1
improved,0.3,physical_raw,3,s1-s2,1,svd,48,46,7,7,1,0.3624891846,0.02067966259,0.02962859091,1
improved,0.3,physical_raw,3,s1-s2,1,svd+ransac,48,46,7,7,1,0.3624891846,0.02067966259,0.02962859091,1
improved,0.3,physical_raw,3,s1-s3,1,svd,48,46,8,8,1,0.3686943115,0.02676771949,0.03695040556,1
improved,0.3,physical_raw,3,s1-s3,1,svd+ransac,48,46,8,8,1,0.3686943115,0.02676771949,0.03695040556,1
improved,0.3,physical_raw,3,s1-s4,0,svd,48,52,3,3,1,0.8679909437,0.2426559273,0.2485545149,1
improved,0.3,physical_raw,3,s1-s4,0,svd+ransac,48,52,3,3,1,0.8679909437,0.2426559273,0.2485545149,1
improved,0.3,physical_raw,3,s1-s5,0,svd,48,72,3,3,1,0.52296152,0.06793274695,0.07395968125,1
improved,0.3,physical_raw,3,s1-s5,0,svd+ransac,48,72,3,3,1,0.52296152,0.06793274695,0.07395968125,1
improved,0.3,physical_raw,3,s1-s6,0,svd,48,77,4,4,1,0.2301779235,0.08188782031,0.08443280635,1
improved,0.3,physical_raw,3,s1-s6,0,svd+ransac,48,77,4,4,1,0.2301779235,0.08188782031,0.08443280635,1
improved,0.3,physical_raw,3,s2-s3,1,svd,46,46,9,9,1,0.1229535239,0.01238760066,0.01649054786,1
improved,0.3,physical_raw,3,s2-s3,1,svd+ransac,46,46,9,9,1,0.1229535239,0.01238760066,0.01649054786,1
improved,0.3,physical_raw,3,s2-s4,1,svd,46,52,6,6,1,1.242801267,0.05159024826,0.0911880488,1
improved,0.3,physical_raw,3,s2-s4,1,svd+ransac,46,52,6,6,1,1.242801267,0.05159024826,0.0911880488,1
improved,0.3,physical_raw,3,s2-s5,1,svd,46,72,5,5,1,0.8645865706,0.04781431683,0.07060418835,1
improved,0.3,physical_raw,3,s2-s5,1,svd+ransac,46,72,5,5,1,0.8645865706,0.04781431683,0.07060418835,1
improved,0.3,physical_raw,3,s2-s6,0,svd,46,77,2,2,0,nan,nan,nan,0
improved,0.3,physical_raw,3,s2-s6,0,svd+ransac,46,77,2,2,0,nan,nan,nan,0
improved,0.3,physical_raw,3,s3-s4,1,svd,46,52,2,2,0,nan,nan,nan,0
improved,0.3,physical_raw,3,s3-s4,1,svd+ransac,46,52,2,2,0,nan,nan,nan,0
improved,0.3,physical_raw,3,s3-s5,1,svd,46,72,4,4,1,1.001215299,0.02250531305,0.06116170985,1
improved,0.3,physical_raw,3,s3-s5,1,svd+ransac,46,72,4,4,1,1.001215299,0.02250531305,0.06116170985,1
improved,0.3,physical_raw,3,s3-s6,0,svd,46,77,2,2,0,nan,nan,nan,0
improved,0.3,physical_raw,3,s3-s6,0,svd+ransac,46,77,2,2,0,nan,nan,nan,0
improved,0.3,physical_raw,3,s4-s5,1,svd,52,72,8,8,1,0.09436533627,0.04409545761,0.0447632519,1
improved,0.3,physical_raw,3,s4-s5,1,svd+ransac,52,72,8,8,1,0.09436533627,0.04409545761,0.0447632519,1
improved,0.3,physical_raw,3,s4-s6,1,svd,52,77,14,14,1,0.0966253824,0.04434831663,0.04483489927,1
improved,0.3,physical_raw,3,s4-s6,1,svd+ransac,52,77,14,14,1,0.0966253824,0.04434831663,0.04483489927,1
improved,0.3,physical_raw,3,s5-s6,1,svd,72,77,12,12,1,0.207675977,0.02082020654,0.02671467517,1
improved,0.3,physical_raw,3,s5-s6,1,svd+ransac,72,77,12,12,1,0.207675977,0.02082020654,0.02671467517,1
improved,0.3,physical_raw,4,s1-s2,1,svd,51,46,4,4,1,0.05523407577,0.01738155445,0.01848560966,1
improved,0.3,physical_raw,4,s1-s2,1,svd+ransac,51,46,4,4,1,0.05523407577,0.01738155445,0.01848560966,1
improved,0.3,physical_raw,4,s1-s3,1,svd,51,41,10,10,1,0.8339988229,0.03176525722,0.06001348103,1
improved,0.3,physical_raw,4,s1-s3,1,svd+ransac,51,41,10,10,1,0.8339988229,0.03176525722,0.06001348103,1
improved,0.3,physical_raw,4,s1-s4,0,svd,51,49,3,3,1,0.6664105593,0.09919935562,0.1074215199,1
improved,0.3,physical_raw,4,s1-s4,0,svd+ransac,51,49,3,3,1,0.6664105593,0.09919935562,0.1074215199,1
improved,0.3,physical_raw,4,s1-s5,0,svd,51,73,6,6,1,0.6842193888,0.1655085151,0.1685085943,1
improved,0.3,physical_raw,4,s1-s5,0,svd+ransac,51,73,6,6,1,0.6842193888,0.1655085151,0.1685085943,1
improved,0.3,physical_raw,4,s1-s6,0,svd,51,80,4,4,1,2.656344341,0.3137765043,0.3490858332,0
improved,0.3,physical_raw,4,s1-s6,0,svd+ransac,51,80,4,4,1,2.656344341,0.3137765043,0.3490858332,0
improved,0.3,physical_raw,4,s2-s3,1,svd,46,41,7,7,1,1.122429788,0.06046831093,0.08417593856,1
improved,0.3,physical_raw,4,s2-s3,1,svd+ransac,46,41,7,7,1,2.395055563,0.252580565,0.2821673445,0
improved,0.3,physical_raw,4,s2-s4,1,svd,46,49,4,4,1,1.742735869,0.2312216603,0.2491763374,1
improved,0.3,physical_raw,4,s2-s4,1,svd+ransac,46,49,4,4,1,1.742735869,0.2312216603,0.2491763374,1
improved,0.3,physical_raw,4,s2-s5,1,svd,46,73,1,1,0,nan,nan,nan,0
improved,0.3,physical_raw,4,s2-s5,1,svd+ransac,46,73,1,1,0,nan,nan,nan,0
improved,0.3,physical_raw,4,s2-s6,0,svd,46,80,5,5,1,0.9733593489,0.08381541808,0.1046822312,1
improved,0.3,physical_raw,4,s2-s6,0,svd+ransac,46,80,5,5,1,0.9733593489,0.08381541808,0.1046822312,1
improved,0.3,physical_raw,4,s3-s4,1,svd,41,49,5,5,1,0.8327417661,0.07601452226,0.09090504234,1
improved,0.3,physical_raw,4,s3-s4,1,svd+ransac,41,49,5,5,1,0.8327417661,0.07601452226,0.09090504234,1
improved,0.3,physical_raw,4,s3-s5,1,svd,41,73,3,3,1,5.977185439,0.4556138568,0.5729642193,0
improved,0.3,physical_raw,4,s3-s5,1,svd+ransac,41,73,3,3,1,5.977185439,0.4556138568,0.5729642193,0
improved,0.3,physical_raw,4,s3-s6,0,svd,41,80,6,6,1,0.3880983433,0.1782856426,0.1777553115,1
improved,0.3,physical_raw,4,s3-s6,0,svd+ransac,41,80,6,6,1,0.6394857462,0.1961225757,0.1977267384,1
improved,0.3,physical_raw,4,s4-s5,1,svd,49,73,7,7,1,0.4089824203,0.07909007525,0.08433561962,1
improved,0.3,physical_raw,4,s4-s5,1,svd+ransac,49,73,7,7,1,0.4089824203,0.07909007525,0.08433561962,1
improved,0.3,physical_raw,4,s4-s6,1,svd,49,80,8,8,1,0.06161923009,0.07204780553,0.07232650435,1
improved,0.3,physical_raw,4,s4-s6,1,svd+ransac,49,80,8,8,1,0.06161923009,0.07204780553,0.07232650435,1
improved,0.3,physical_raw,4,s5-s6,1,svd,73,80,9,9,1,0.3739163498,0.02568451999,0.0365731544,1
improved,0.3,physical_raw,4,s5-s6,1,svd+ransac,73,80,9,9,1,0.3739163498,0.02568451999,0.0365731544,1
improved,0.3,physical_raw,5,s1-s2,1,svd,51,46,6,6,1,0.6279165874,0.08905238013,0.09595360081,1
improved,0.3,physical_raw,5,s1-s2,1,svd+ransac,51,46,6,6,1,0.6279165874,0.08905238013,0.09595360081,1
improved,0.3,physical_raw,5,s1-s3,1,svd,51,42,10,10,1,0.7561933973,0.03682688176,0.05462716439,1
improved,0.3,physical_raw,5,s1-s3,1,svd+ransac,51,42,10,10,1,0.7561933973,0.03682688176,0.05462716439,1
improved,0.3,physical_raw,5,s1-s4,0,svd,51,56,3,3,1,2.120831658,0.2771023215,0.3024507122,0
improved,0.3,physical_raw,5,s1-s4,0,svd+ransac,51,56,3,3,1,2.120831658,0.2771023215,0.3024507122,0
improved,0.3,physical_raw,5,s1-s5,0,svd,51,72,3,3,1,0.767195159,0.2355078186,0.2412671072,1
improved,0.3,physical_raw,5,s1-s5,0,svd+ransac,51,72,3,3,1,0.767195159,0.2355078186,0.2412671072,1
improved,0.3,physical_raw,5,s1-s6,0,svd,51,84,0,0,0,nan,nan,nan,0
improved,0.3,physical_raw,5,s1-s6,0,svd+ransac,51,84,0,0,0,nan,nan,nan,0
improved,0.3,physical_raw,5,s2-s3,1,svd,46,42,12,12,1,1.348431535,0.09000712238,0.1189830953,1
improved,0.3,physical_raw,5,s2-s3,1,svd+ransac,46,42,12,12,1,0.09728521308,0.02011011189,0.02117793289,1
improved,0.3,physical_raw,5,s2-s4,1,svd,46,56,4,4,1,0.9697254357,0.02895662163,0.07085981405,1
improved,0.3,physical_raw,5,s2-s4,1,svd+ransac,46,56,4,4,1,0.9697254357,0.02895662163,0.07085981405,1
improved,0.3,physical_raw,5,s2-s5,1,svd,46,72,8,8,1,0.6583889992,0.03595751636,0.05571372175,1
improved,0.3,physical_raw,5,s2-s5,1,svd+ransac,46,72,8,8,1,0.6583889992,0.03595751636,0.05571372175,1
improved,0.3,physical_raw,5,s2-s6,0,svd,46,84,3,3,1,3.73218953,0.2132604332,0.2985679984,0
improved,0.3,physical_raw,5,s2-s6,0,svd+ransac,46,84,3,3,1,3.73218953,0.2132604332,0.2985679984,0
improved,0.3,physical_raw,5,s3-s4,1,svd,42,56,6,6,1,0.7174893033,0.04308116986,0.0601192375,1
improved,0.3,physical_raw,5,s3-s4,1,svd+ransac,42,56,6,6,1,0.7174893033,0.04308116986,0.0601192375,1
improved,0.3,physical_raw,5,s3-s5,1,svd,42,72,5,5,1,0.8996908295,0.248032722,0.2522289411,1
improved,0.3,physical_raw,5,s3-s5,1,svd+ransac,42,72,5,5,1,0.8996908295,0.248032722,0.2522289411,1
improved,0.3,physical_raw,5,s3-s6,0,svd,42,84,3,3,1,0.8951792002,0.4641066971,0.4613900737,1
improved,0.3,physical_raw,5,s3-s6,0,svd+ransac,42,84,3,3,1,0.8951792002,0.4641066971,0.4613900737,1
improved,0.3,physical_raw,5,s4-s5,1,svd,56,72,11,11,1,0.1623740924,0.05637027655,0.05756977891,1
improved,0.3,physical_raw,5,s4-s5,1,svd+ransac,56,72,11,11,1,0.1623740924,0.05637027655,0.05756977891,1
improved,0.3,physical_raw,5,s4-s6,1,svd,56,84,7,7,1,0.5359365429,0.1055040949,0.1123645765,1
improved,0.3,physical_raw,5,s4-s6,1,svd+ransac,56,84,7,7,1,0.5359365429,0.1055040949,0.1123645765,1
improved,0.3,physical_raw,5,s5-s6,1,svd,72,84,10,10,1,0.3091596908,0.02531373028,0.03194892829,1
improved,0.3,physical_raw,5,s5-s6,1,svd+ransac,72,84,10,10,1,0.3091596908,0.02531373028,0.03194892829,1
improved,0.3,physical_raw,6,s1-s2,1,svd,48,42,3,3,1,1.725736465,0.2907008999,0.3121893044,1
improved,0.3,physical_raw,6,s1-s2,1,svd+ransac,48,42,3,3,1,1.725736465,0.2907008999,0.3121893044,1
improved,0.3,physical_raw,6,s1-s3,1,svd,48,40,9,9,1,0.9572486443,0.03473210327,0.065620336,1
improved,0.3,physical_raw,6,s1-s3,1,svd+ransac,48,40,9,9,1,0.3239796735,0.02409413769,0.03190483557,1
improved,0.3,physical_raw,6,s1-s4,0,svd,48,55,6,6,1,1.011870257,0.1596616002,0.1701001465,1
improved,0.3,physical_raw,6,s1-s4,0,svd+ransac,48,55,6,6,1,1.011870257,0.1596616002,0.1701001465,1
improved,0.3,physical_raw,6,s1-s5,0,svd,48,71,5,5,1,0.3494221878,0.06721327727,0.06938733724,1
improved,0.3,physical_raw,6,s1-s5,0,svd+ransac,48,71,5,5,1,0.3494221878,0.06721327727,0.06938733724,1
improved,0.3,physical_raw,6,s1-s6,0,svd,48,82,4,4,1,1.659277941,0.05847145264,0.1260261579,1
improved,0.3,physical_raw,6,s1-s6,0,svd+ransac,48,82,4,4,1,1.659277941,0.05847145264,0.1260261579,1
improved,0.3,physical_raw,6,s2-s3,1,svd,42,40,9,9,1,1.580427588,0.07840524869,0.1187354258,1
improved,0.3,physical_raw,6,s2-s3,1,svd+ransac,42,40,9,9,1,0.148910945,0.007003824069,0.01300523521,1
improved,0.3,physical_raw,6,s2-s4,1,svd,42,55,3,3,1,0.1539278978,0.05176521494,0.05342257382,1
improved,0.3,physical_raw,6,s2-s4,1,svd+ransac,42,55,3,3,1,0.1539278978,0.05176521494,0.05342257382,1
improved,0.3,physical_raw,6,s2-s5,1,svd,42,71,5,5,1,1.449027814,0.08383296144,0.1200503018,1
improved,0.3,physical_raw,6,s2-s5,1,svd+ransac,42,71,5,5,1,0.8270740574,0.0821810556,0.09767587325,1
improved,0.3,physical_raw,6,s2-s6,0,svd,42,82,8,8,1,1.025072722,0.04587848731,0.08167581449,1
improved,0.3,physical_raw,6,s2-s6,0,svd+ransac,42,82,8,8,1,1.025072722,0.04587848731,0.08167581449,1
improved,0.3,physical_raw,6,s3-s4,1,svd,40,55,10,10,1,1.017001664,0.02643715871,0.061497738,1
improved,0.3,physical_raw,6,s3-s4,1,svd+ransac,40,55,10,10,1,1.017001664,0.02643715871,0.061497738,1
improved,0.3,physical_raw,6,s3-s5,1,svd,40,71,4,4,1,1.04971959,0.1475139053,0.1615762496,1
improved,0.3,physical_raw,6,s3-s5,1,svd+ransac,40,71,4,4,1,1.04971959,0.1475139053,0.1615762496,1
improved,0.3,physical_raw,6,s3-s6,0,svd,40,82,4,4,1,0.5923564917,0.03756736084,0.06274625313,1
improved,0.3,physical_raw,6,s3-s6,0,svd+ransac,40,82,4,4,1,0.5923564917,0.03756736084,0.06274625313,1
improved,0.3,physical_raw,6,s4-s5,1,svd,55,71,8,8,1,1.574903165,0.2160473121,0.2413464635,1
improved,0.3,physical_raw,6,s4-s5,1,svd+ransac,55,71,8,8,1,1.574903165,0.2160473121,0.2413464635,1
improved,0.3,physical_raw,6,s4-s6,1,svd,55,82,7,7,1,0.08687588061,0.05668382894,0.05700832938,1
improved,0.3,physical_raw,6,s4-s6,1,svd+ransac,55,82,7,7,1,0.08687588061,0.05668382894,0.05700832938,1
improved,0.3,physical_raw,6,s5-s6,1,svd,71,82,4,4,1,1.241427829,0.1076638693,0.1352012334,1
improved,0.3,physical_raw,6,s5-s6,1,svd+ransac,71,82,4,4,1,1.241427829,0.1076638693,0.1352012334,1
improved,0.3,physical_raw,7,s1-s2,1,svd,44,45,2,2,0,nan,nan,nan,0
improved,0.3,physical_raw,7,s1-s2,1,svd+ransac,44,45,2,2,0,nan,nan,nan,0
improved,0.3,physical_raw,7,s1-s3,1,svd,44,43,5,5,1,0.6810456319,0.06621193226,0.07658594812,1
improved,0.3,physical_raw,7,s1-s3,1,svd+ransac,44,43,5,5,1,0.6810456319,0.06621193226,0.07658594812,1
improved,0.3,physical_raw,7,s1-s4,0,svd,44,50,4,4,1,0.8612537788,0.07189357855,0.08738278772,1
improved,0.3,physical_raw,7,s1-s4,0,svd+ransac,44,50,4,4,1,0.8612537788,0.07189357855,0.08738278772,1
improved,0.3,physical_raw,7,s1-s5,0,svd,44,73,6,6,1,2.150778128,0.7947285996,0.808252588,0
improved,0.3,physical_raw,7,s1-s5,0,svd+ransac,44,73,6,6,1,2.150778128,0.7947285996,0.808252588,0
improved,0.3,physical_raw,7,s1-s6,0,svd,44,81,0,0,0,nan,nan,nan,0
improved,0.3,physical_raw,7,s1-s6,0,svd+ransac,44,81,0,0,0,nan,nan,nan,0
improved,0.3,physical_raw,7,s2-s3,1,svd,45,43,9,9,1,1.353680919,0.1089229206,0.1348300242,1
improved,0.3,physical_raw,7,s2-s3,1,svd+ransac,45,43,9,9,1,0.1895636211,0.02724204252,0.03261469506,1
improved,0.3,physical_raw,7,s2-s4,1,svd,45,50,0,0,0,nan,nan,nan,0
improved,0.3,physical_raw,7,s2-s4,1,svd+ransac,45,50,0,0,0,nan,nan,nan,0
improved,0.3,physical_raw,7,s2-s5,1,svd,45,73,9,9,1,0.1849853053,0.1410732951,0.141994896,1
improved,0.3,physical_raw,7,s2-s5,1,svd+ransac,45,73,9,9,1,1.070586541,0.06235796153,0.08446436973,1
improved,0.3,physical_raw,7,s2-s6,0,svd,45,81,9,9,1,3.223355383,0.2246554456,0.3054150277,0
improved,0.3,physical_raw,7,s2-s6,0,svd+ransac,45,81,9,9,1,0.9977336551,0.04379159081,0.077344625,1
improved,0.3,physical_raw,7,s3-s4,1,svd,43,50,1,1,0,nan,nan,nan,0
improved,0.3,physical_raw,7,s3-s4,1,svd+ransac,43,50,1,1,0,nan,nan,nan,0
improved,0.3,physical_raw,7,s3-s5,1,svd,43,73,1,1,0,nan,nan,nan,0
improved,0.3,physical_raw,7,s3-s5,1,svd+ransac,43,73,1,1,0,nan,nan,nan,0
improved,0.3,physical_raw,7,s3-s6,0,svd,43,81,3,3,1,0.3264523822,0.03118362383,0.03900985624,1
improved,0.3,physical_raw,7,s3-s6,0,svd+ransac,43,81,3,3,1,0.3264523822,0.03118362383,0.03900985624,1
improved,0.3,physical_raw,7,s4-s5,1,svd,50,73,6,6,1,1.053042009,0.1633445988,0.178827882,1
improved,0.3,physical_raw,7,s4-s5,1,svd+ransac,50,73,6,6,1,1.053042009,0.1633445988,0.178827882,1
improved,0.3,physical_raw,7,s4-s6,1,svd,50,81,7,7,1,0.5244703978,0.111408743,0.116841254,1
improved,0.3,physical_raw,7,s4-s6,1,svd+ransac,50,81,7,7,1,0.5244703978,0.111408743,0.116841254,1
improved,0.3,physical_raw,7,s5-s6,1,svd,73,81,13,13,1,2.075478747,0.05256187174,0.130955307,0
improved,0.3,physical_raw,7,s5-s6,1,svd+ransac,73,81,13,13,1,0.3666232646,0.0246950731,0.03485881427,1
improved,0.3,physical_raw,8,s1-s2,1,svd,50,47,5,5,1,0.151202905,0.02858836796,0.03069324635,1
improved,0.3,physical_raw,8,s1-s2,1,svd+ransac,50,47,5,5,1,0.151202905,0.02858836796,0.03069324635,1
improved,0.3,physical_raw,8,s1-s3,1,svd,50,42,10,10,1,0.9255079614,0.08314724357,0.09739659837,1
improved,0.3,physical_raw,8,s1-s3,1,svd+ransac,50,42,10,10,1,0.9255079614,0.08314724357,0.09739659837,1
improved,0.3,physical_raw,8,s1-s4,0,svd,50,53,5,5,1,0.9336312665,0.1051181083,0.1183701197,1
improved,0.3,physical_raw,8,s1-s4,0,svd+ransac,50,53,5,5,1,0.9336312665,0.1051181083,0.1183701197,1
improved,0.3,physical_raw,8,s1-s5,0,svd,50,74,7,7,1,2.205979428,0.8252296513,0.8390317374,0
improved,0.3,physical_raw,8,s1-s5,0,svd+ransac,50,74,7,7,1,2.205979428,0.8252296513,0.8390317374,0
improved,0.3,physical_raw,8,s1-s6,0,svd,50,80,4,4,1,0.8913207506,0.2171310927,0.222376952,1
improved,0.3,physical_raw,8,s1-s6,0,svd+ransac,50,80,4,4,1,1.050295708,0.1695895944,0.1812857065,1
improved,0.3,physical_raw,8,s2-s3,1,svd,47,42,5,5,1,4.89162869,0.3408973659,0.442989393,0
improved,0.3,physical_raw,8,s2-s3,1,svd+ransac,47,42,5,5,1,0.8379988846,0.06295977623,0.08150056865,1
improved,0.3,physical_raw,8,s2-s4,1,svd,47,53,4,4,1,0.9213739583,0.06094607573,0.08577911456,1
improved,0.3,physical_raw,8,s2-s4,1,svd+ransac,47,53,4,4,1,0.9213739583,0.06094607573,0.08577911456,1
improved,0.3,physical_raw,8,s2-s5,1,svd,47,74,4,4,1,1.154361503,0.18502776,0.2017297333,1
improved,0.3,physical_raw,8,s2-s5,1,svd+ransac,47,74,4,4,1,1.154361503,0.18502776,0.2017297333,1
improved,0.3,physical_raw,8,s2-s6,0,svd,47,80,4,4,1,1.0117769,0.07358581011,0.1015889882,1
improved,0.3,physical_raw,8,s2-s6,0,svd+ransac,47,80,4,4,1,1.0117769,0.07358581011,0.1015889882,1
improved,0.3,physical_raw,8,s3-s4,1,svd,42,53,11,11,1,0.8256628397,0.06588168232,0.08403086019,1
improved,0.3,physical_raw,8,s3-s4,1,svd+ransac,42,53,11,11,1,0.8256628397,0.06588168232,0.08403086019,1
improved,0.3,physical_raw,8,s3-s5,1,svd,42,74,4,4,1,1.519771497,0.4432257714,0.4470492936,1
improved,0.3,physical_raw,8,s3-s5,1,svd+ransac,42,74,4,4,1,1.519771497,0.4432257714,0.4470492936,1
improved,0.3,physical_raw,8,s3-s6,0,svd,42,80,6,6,1,0.7805375698,0.4313991292,0.4284989546,1
improved,0.3,physical_raw,8,s3-s6,0,svd+ransac,42,80,6,6,1,0.7805375698,0.4313991292,0.4284989546,1
improved,0.3,physical_raw,8,s4-s5,1,svd,53,74,6,6,1,0.1871253068,0.08895743136,0.08995298913,1
improved,0.3,physical_raw,8,s4-s5,1,svd+ransac,53,74,6,6,1,0.1871253068,0.08895743136,0.08995298913,1
improved,0.3,physical_raw,8,s4-s6,1,svd,53,80,8,8,1,0.1737403359,0.0374267699,0.03884132253,1
improved,0.3,physical_raw,8,s4-s6,1,svd+ransac,53,80,8,8,1,0.1737403359,0.0374267699,0.03884132253,1
improved,0.3,physical_raw,8,s5-s6,1,svd,74,80,14,14,1,0.06830061447,0.01093331572,0.01196100257,1
improved,0.3,physical_raw,8,s5-s6,1,svd+ransac,74,80,14,14,1,0.06830061447,0.01093331572,0.01196100257,1
improved,0.3,physical_raw,9,s1-s2,1,svd,46,50,9,9,1,0.2476208346,0.02388655135,0.03187015531,1
improved,0.3,physical_raw,9,s1-s2,1,svd+ransac,46,50,9,9,1,0.2476208346,0.02388655135,0.03187015531,1
improved,0.3,physical_raw,9,s1-s3,1,svd,46,43,7,7,1,0.6772280217,0.03099070866,0.04819447685,1
improved,0.3,physical_raw,9,s1-s3,1,svd+ransac,46,43,7,7,1,1.605936368,0.2664182993,0.2773550911,1
improved,0.3,physical_raw,9,s1-s4,0,svd,46,51,4,4,1,0.327724197,0.0705665462,0.07371660513,1
improved,0.3,physical_raw,9,s1-s4,0,svd+ransac,46,51,4,4,1,0.327724197,0.0705665462,0.07371660513,1
improved,0.3,physical_raw,9,s1-s5,0,svd,46,69,1,1,0,nan,nan,nan,0
improved,0.3,physical_raw,9,s1-s5,0,svd+ransac,46,69,1,1,0,nan,nan,nan,0
improved,0.3,physical_raw,9,s1-s6,0,svd,46,82,3,3,1,1.694327084,0.06638794363,0.1187129869,1
improved,0.3,physical_raw,9,s1-s6,0,svd+ransac,46,82,3,3,1,1.694327084,0.06638794363,0.1187129869,1
improved,0.3,physical_raw,9,s2-s3,1,svd,50,43,8,8,1,0.6987806146,0.05626827985,0.07136410401,1
improved,0.3,physical_raw,9,s2-s3,1,svd+ransac,50,43,8,8,1,0.7709707812,0.08665543678,0.1002211387,1
improved,0.3,physical_raw,9,s2-s4,1,svd,50,51,3,3,1,1.582276849,0.2218899887,0.2400732537,1
improved,0.3,physical_raw,9,s2-s4,1,svd+ransac,50,51,3,3,1,1.582276849,0.2218899887,0.2400732537,1
improved,0.3,physical_raw,9,s2-s5,1,svd,50,69,5,5,1,0.8032706792,0.05024190935,0.07105032244,1
improved,0.3,physical_raw,9,s2-s5,1,svd+ransac,50,69,5,5,1,0.8032706792,0.05024190935,0.07105032244,1
improved,0.3,physical_raw,9,s2-s6,0,svd,50,82,8,8,1,0.4318729335,0.01714635404,0.03372008915,1
improved,0.3,physical_raw,9,s2-s6,0,svd+ransac,50,82,8,8,1,0.4318729335,0.01714635404,0.03372008915,1
improved,0.3,physical_raw,9,s3-s4,1,svd,43,51,6,6,1,0.7850301971,0.04275629486,0.06521306296,1
improved,0.3,physical_raw,9,s3-s4,1,svd+ransac,43,51,6,6,1,0.7850301971,0.04275629486,0.06521306296,1
improved,0.3,physical_raw,9,s3-s5,1,svd,43,69,6,6,1,0.03031480436,0.02335346586,0.02341953446,1
improved,0.3,physical_raw,9,s3-s5,1,svd+ransac,43,69,6,6,1,0.03031480436,0.02335346586,0.02341953446,1
improved,0.3,physical_raw,9,s3-s6,0,svd,43,82,6,6,1,0.5714799083,0.03826288962,0.05519865943,1
improved,0.3,physical_raw,9,s3-s6,0,svd+ransac,43,82,6,6,1,0.5714799083,0.03826288962,0.05519865943,1
improved,0.3,physical_raw,9,s4-s5,1,svd,51,69,4,4,1,0.6623626491,0.122223567,0.1313103747,1
improved,0.3,physical_raw,9,s4-s5,1,svd+ransac,51,69,4,4,1,0.6623626491,0.122223567,0.1313103747,1
improved,0.3,physical_raw,9,s4-s6,1,svd,51,82,5,5,1,0.5394739862,0.1738349258,0.1779989811,1
improved,0.3,physical_raw,9,s4-s6,1,svd+ransac,51,82,5,5,1,0.5394739862,0.1738349258,0.1779989811,1
improved,0.3,physical_raw,9,s5-s6,1,svd,69,82,10,10,1,1.990998767,0.07720865066,0.1411045716,1
improved,0.3,physical_raw,9,s5-s6,1,svd+ransac,69,82,10,10,1,0.5593126031,0.04251629176,0.05582142542,1
improved,0.3,physical_raw,10,s1-s2,1,svd,47,51,8,8,1,0.2673719237,0.03712403499,0.04176495144,1
improved,0.3,physical_raw,10,s1-s2,1,svd+ransac,47,51,8,8,1,0.2673719237,0.03712403499,0.04176495144,1
improved,0.3,physical_raw,10,s1-s3,1,svd,47,42,8,8,1,1.029420031,0.08379650442,0.1057014382,1
improved,0.3,physical_raw,10,s1-s3,1,svd+ransac,47,42,8,8,1,0.3664495675,0.04598282774,0.04994222578,1
improved,0.3,physical_raw,10,s1-s4,0,svd,47,52,9,9,1,0.9533138878,0.1239337279,0.1367701556,1
improved,0.3,physical_raw,10,s1-s4,0,svd+ransac,47,52,9,9,1,0.9533138878,0.1239337279,0.1367701556,1
improved,0.3,physical_raw,10,s1-s5,0,svd,47,69,6,6,1,0.605883738,0.1122861152,0.1166803237,1
improved,0.3,physical_raw,10,s1-s5,0,svd+ransac,47,69,6,6,1,0.605883738,0.1122861152,0.1166803237,1
improved,0.3,physical_raw,10,s1-s6,0,svd,47,82,3,3,1,1.654102507,0.06268145476,0.1168563953,1
improved,0.3,physical_raw,10,s1-s6,0,svd+ransac,47,82,3,3,1,1.654102507,0.06268145476,0.1168563953,1
improved,0.3,physical_raw,10,s2-s3,1,svd,51,42,10,10,1,0.5889678619,0.05698588063,0.06659630292,1
improved,0.3,physical_raw,10,s2-s3,1,svd+ransac,51,42,10,10,1,0.5889678619,0.05698588063,0.06659630292,1
improved,0.3,physical_raw,10,s2-s4,1,svd,51,52,1,1,0,nan,nan,nan,0
improved,0.3,physical_raw,10,s2-s4,1,svd+ransac,51,52,1,1,0,nan,nan,nan,0
improved,0.3,physical_raw,10,s2-s5,1,svd,51,69,7,7,1,0.6114057076,0.01586106253,0.03999148434,1
improved,0.3,physical_raw,10,s2-s5,1,svd+ransac,51,69,7,7,1,0.6114057076,0.01586106253,0.03999148434,1
improved,0.3,physical_raw,10,s2-s6,0,svd,51,82,7,7,1,0.9569001855,0.04258282481,0.07482832206,1
improved,0.3,physical_raw,10,s2-s6,0,svd+ransac,51,82,7,7,1,0.9569001855,0.04258282481,0.07482832206,1
improved,0.3,physical_raw,10,s3-s4,1,svd,42,52,8,8,1,0.429565769,0.02829445118,0.04000246582,1
improved,0.3,physical_raw,10,s3-s4,1,svd+ransac,42,52,8,8,1,0.429565769,0.02829445118,0.04000246582,1
improved,0.3,physical_raw,10,s3-s5,1,svd,42,69,3,3,1,3.467887424,0.9767456266,0.9872983043,0
improved,0.3,physical_raw,10,s3-s5,1,svd+ransac,42,69,3,3,1,3.467887424,0.9767456266,0.9872983043,0
improved,0.3,physical_raw,10,s3-s6,0,svd,42,82,5,5,1,0.5649016225,0.05756385981,0.07030927693,1
improved,0.3,physical_raw,10,s3-s6,0,svd+ransac,42,82,5,5,1,0.5649016225,0.05756385981,0.07030927693,1
improved,0.3,physical_raw,10,s4-s5,1,svd,52,69,9,9,1,0.3354485266,0.06529657713,0.06907476767,1
improved,0.3,physical_raw,10,s4-s5,1,svd+ransac,52,69,9,9,1,0.3354485266,0.06529657713,0.06907476767,1
improved,0.3,physical_raw,10,s4-s6,1,svd,52,82,5,5,1,1.094145284,0.1595751225,0.1771916083,1
improved,0.3,physical_raw,10,s4-s6,1,svd+ransac,52,82,5,5,1,1.094145284,0.1595751225,0.1771916083,1
improved,0.3,physical_raw,10,s5-s6,1,svd,69,82,15,15,1,0.07809724154,0.00596181664,0.007823903765,1
improved,0.3,physical_raw,10,s5-s6,1,svd+ransac,69,82,15,15,1,0.07809724154,0.00596181664,0.007823903765,1
improved,0.3,linear_matched,1,s1-s2,1,svd,47,49,5,5,1,2.089340285,0.3429543261,0.359677908,0
improved,0.3,linear_matched,1,s1-s2,1,svd+ransac,47,49,5,5,1,2.089340285,0.3429543261,0.359677908,0
improved,0.3,linear_matched,1,s1-s3,1,svd,47,44,10,10,1,0.3811934117,0.03382031832,0.04430332192,1
improved,0.3,linear_matched,1,s1-s3,1,svd+ransac,47,44,10,10,1,0.3811934117,0.03382031832,0.04430332192,1
improved,0.3,linear_matched,1,s1-s4,0,svd,47,56,7,7,1,0.9353419695,0.115767705,0.1310876893,1
improved,0.3,linear_matched,1,s1-s4,0,svd+ransac,47,56,7,7,1,0.9353419695,0.115767705,0.1310876893,1
improved,0.3,linear_matched,1,s1-s5,0,svd,47,71,0,0,0,nan,nan,nan,0
improved,0.3,linear_matched,1,s1-s5,0,svd+ransac,47,71,0,0,0,nan,nan,nan,0
improved,0.3,linear_matched,1,s1-s6,0,svd,47,84,0,0,0,nan,nan,nan,0
improved,0.3,linear_matched,1,s1-s6,0,svd+ransac,47,84,0,0,0,nan,nan,nan,0
improved,0.3,linear_matched,1,s2-s3,1,svd,49,44,4,4,1,3.21591133,0.4623708104,0.4892670627,0
improved,0.3,linear_matched,1,s2-s3,1,svd+ransac,49,44,4,4,1,3.21591133,0.4623708104,0.4892670627,0
improved,0.3,linear_matched,1,s2-s4,1,svd,49,56,4,4,1,0.4353089584,0.01861975359,0.03967222177,1
improved,0.3,linear_matched,1,s2-s4,1,svd+ransac,49,56,4,4,1,0.4353089584,0.01861975359,0.03967222177,1
improved,0.3,linear_matched,1,s2-s5,1,svd,49,71,5,5,1,2.268256128,0.2531406787,0.2890811008,0
improved,0.3,linear_matched,1,s2-s5,1,svd+ransac,49,71,5,5,1,2.268256128,0.2531406787,0.2890811008,0
improved,0.3,linear_matched,1,s2-s6,0,svd,49,84,6,6,1,1.219414529,0.05819813724,0.09295297524,1
improved,0.3,linear_matched,1,s2-s6,0,svd+ransac,49,84,6,6,1,1.219414529,0.05819813724,0.09295297524,1
improved,0.3,linear_matched,1,s3-s4,1,svd,44,56,7,7,1,0.5758527357,0.04674326634,0.06322385106,1
improved,0.3,linear_matched,1,s3-s4,1,svd+ransac,44,56,7,7,1,0.5758527357,0.04674326634,0.06322385106,1
improved,0.3,linear_matched,1,s3-s5,1,svd,44,71,5,5,1,0.3986784416,0.1005584228,0.1017155725,1
improved,0.3,linear_matched,1,s3-s5,1,svd+ransac,44,71,5,5,1,0.3986784416,0.1005584228,0.1017155725,1
improved,0.3,linear_matched,1,s3-s6,0,svd,44,84,6,6,1,1.096895312,0.2560534722,0.2637782679,1
improved,0.3,linear_matched,1,s3-s6,0,svd+ransac,44,84,6,6,1,1.096895312,0.2560534722,0.2637782679,1
improved,0.3,linear_matched,1,s4-s5,1,svd,56,71,10,10,1,0.09874966275,0.0455766595,0.04670724665,1
improved,0.3,linear_matched,1,s4-s5,1,svd+ransac,56,71,10,10,1,0.09874966275,0.0455766595,0.04670724665,1
improved,0.3,linear_matched,1,s4-s6,1,svd,56,84,7,7,1,0.1928798146,0.02732072292,0.03374880445,1
improved,0.3,linear_matched,1,s4-s6,1,svd+ransac,56,84,7,7,1,0.1928798146,0.02732072292,0.03374880445,1
improved,0.3,linear_matched,1,s5-s6,1,svd,71,84,9,9,1,0.4365349865,0.02635782187,0.03966869342,1
improved,0.3,linear_matched,1,s5-s6,1,svd+ransac,71,84,9,9,1,0.4365349865,0.02635782187,0.03966869342,1
improved,0.3,linear_matched,2,s1-s2,1,svd,46,49,5,5,1,0.1577741589,0.02131721358,0.02285619494,1
improved,0.3,linear_matched,2,s1-s2,1,svd+ransac,46,49,5,5,1,0.1577741589,0.02131721358,0.02285619494,1
improved,0.3,linear_matched,2,s1-s3,1,svd,46,41,11,11,1,0.8793475837,0.02803624751,0.05753581048,1
improved,0.3,linear_matched,2,s1-s3,1,svd+ransac,46,41,11,11,1,0.8793475837,0.02803624751,0.05753581048,1
improved,0.3,linear_matched,2,s1-s4,0,svd,46,59,0,0,0,nan,nan,nan,0
improved,0.3,linear_matched,2,s1-s4,0,svd+ransac,46,59,0,0,0,nan,nan,nan,0
improved,0.3,linear_matched,2,s1-s5,0,svd,46,73,1,1,0,nan,nan,nan,0
improved,0.3,linear_matched,2,s1-s5,0,svd+ransac,46,73,1,1,0,nan,nan,nan,0
improved,0.3,linear_matched,2,s1-s6,0,svd,46,82,0,0,0,nan,nan,nan,0
improved,0.3,linear_matched,2,s1-s6,0,svd+ransac,46,82,0,0,0,nan,nan,nan,0
improved,0.3,linear_matched,2,s2-s3,1,svd,49,41,6,6,1,0.2036634652,0.02293341317,0.02698642608,1
improved,0.3,linear_matched,2,s2-s3,1,svd+ransac,49,41,6,6,1,0.2036634652,0.02293341317,0.02698642608,1
improved,0.3,linear_matched,2,s2-s4,1,svd,49,59,8,8,1,0.921547675,0.05277190056,0.08053609823,1
improved,0.3,linear_matched,2,s2-s4,1,svd+ransac,49,59,8,8,1,0.921547675,0.05277190056,0.08053609823,1
improved,0.3,linear_matched,2,s2-s5,1,svd,49,73,7,7,1,1.108669651,0.06719998538,0.09853203967,1
improved,0.3,linear_matched,2,s2-s5,1,svd+ransac,49,73,7,7,1,0.7499957194,0.06547159327,0.08285258423,1
improved,0.3,linear_matched,2,s2-s6,0,svd,49,82,8,8,1,0.4284355234,0.01184169673,0.03025385182,1
improved,0.3,linear_matched,2,s2-s6,0,svd+ransac,49,82,8,8,1,0.4284355234,0.01184169673,0.03025385182,1
improved,0.3,linear_matched,2,s3-s4,1,svd,41,59,5,5,1,0.4928990023,0.0464377687,0.05615677456,1
improved,0.3,linear_matched,2,s3-s4,1,svd+ransac,41,59,5,5,1,0.4928990023,0.0464377687,0.05615677456,1
improved,0.3,linear_matched,2,s3-s5,1,svd,41,73,4,4,1,1.707601383,0.4269506768,0.4333171828,1
improved,0.3,linear_matched,2,s3-s5,1,svd+ransac,41,73,4,4,1,1.707601383,0.4269506768,0.4333171828,1
improved,0.3,linear_matched,2,s3-s6,0,svd,41,82,4,4,1,0.6412159349,0.02311571112,0.05609139072,1
improved,0.3,linear_matched,2,s3-s6,0,svd+ransac,41,82,4,4,1,0.6412159349,0.02311571112,0.05609139072,1
improved,0.3,linear_matched,2,s4-s5,1,svd,59,73,4,4,1,0.428895455,0.1360582107,0.1391983991,1
improved,0.3,linear_matched,2,s4-s5,1,svd+ransac,59,73,4,4,1,0.428895455,0.1360582107,0.1391983991,1
improved,0.3,linear_matched,2,s4-s6,1,svd,59,82,7,7,1,0.1819394,0.0430741766,0.04666564163,1
improved,0.3,linear_matched,2,s4-s6,1,svd+ransac,59,82,7,7,1,0.1819394,0.0430741766,0.04666564163,1
improved,0.3,linear_matched,2,s5-s6,1,svd,73,82,3,3,1,0.582666468,0.1006221826,0.1134373861,1
improved,0.3,linear_matched,2,s5-s6,1,svd+ransac,73,82,3,3,1,0.582666468,0.1006221826,0.1134373861,1
improved,0.3,linear_matched,3,s1-s2,1,svd,48,49,7,7,1,0.3607612442,0.05658181564,0.06115976734,1
improved,0.3,linear_matched,3,s1-s2,1,svd+ransac,48,49,7,7,1,0.3607612442,0.05658181564,0.06115976734,1
improved,0.3,linear_matched,3,s1-s3,1,svd,48,44,7,7,1,0.3721430992,0.0255975909,0.0348899776,1
improved,0.3,linear_matched,3,s1-s3,1,svd+ransac,48,44,7,7,1,0.3721430992,0.0255975909,0.0348899776,1
improved,0.3,linear_matched,3,s1-s4,0,svd,48,52,3,3,1,0.8622435363,0.2406882427,0.2464707904,1
improved,0.3,linear_matched,3,s1-s4,0,svd+ransac,48,52,3,3,1,0.8622435363,0.2406882427,0.2464707904,1
improved,0.3,linear_matched,3,s1-s5,0,svd,48,72,2,2,0,nan,nan,nan,0
improved,0.3,linear_matched,3,s1-s5,0,svd+ransac,48,72,2,2,0,nan,nan,nan,0
improved,0.3,linear_matched,3,s1-s6,0,svd,48,80,3,3,1,1.81817838,0.134876884,0.1720274308,1
improved,0.3,linear_matched,3,s1-s6,0,svd+ransac,48,80,3,3,1,1.81817838,0.134876884,0.1720274308,1
improved,0.3,linear_matched,3,s2-s3,1,svd,49,44,9,9,1,0.7696638264,0.08631046703,0.09957690585,1
improved,0.3,linear_matched,3,s2-s3,1,svd+ransac,49,44,9,9,1,0.7696638264,0.08631046703,0.09957690585,1
improved,0.3,linear_matched,3,s2-s4,1,svd,49,52,3,3,1,5.905702779,0.1602634102,0.3582411005,0
improved,0.3,linear_matched,3,s2-s4,1,svd+ransac,49,52,3,3,1,5.905702779,0.1602634102,0.3582411005,0
improved,0.3,linear_matched,3,s2-s5,1,svd,49,72,2,2,0,nan,nan,nan,0
improved,0.3,linear_matched,3,s2-s5,1,svd+ransac,49,72,2,2,0,nan,nan,nan,0
improved,0.3,linear_matched,3,s2-s6,0,svd,49,80,5,5,1,9.620482198,0.675801737,0.8526150009,0
improved,0.3,linear_matched,3,s2-s6,0,svd+ransac,49,80,5,5,1,11.12666822,0.7114019968,0.930735966,0
improved,0.3,linear_matched,3,s3-s4,1,svd,44,52,0,0,0,nan,nan,nan,0
improved,0.3,linear_matched,3,s3-s4,1,svd+ransac,44,52,0,0,0,nan,nan,nan,0
improved,0.3,linear_matched,3,s3-s5,1,svd,44,72,4,4,1,0.3684861214,0.09035852165,0.09155644166,1
improved,0.3,linear_matched,3,s3-s5,1,svd+ransac,44,72,4,4,1,0.3684861214,0.09035852165,0.09155644166,1
improved,0.3,linear_matched,3,s3-s6,0,svd,44,80,1,1,0,nan,nan,nan,0
improved,0.3,linear_matched,3,s3-s6,0,svd+ransac,44,80,1,1,0,nan,nan,nan,0
improved,0.3,linear_matched,3,s4-s5,1,svd,52,72,9,9,1,0.2952838163,0.05799400917,0.06133485496,1
improved,0.3,linear_matched,3,s4-s5,1,svd+ransac,52,72,9,9,1,0.2952838163,0.05799400917,0.06133485496,1
improved,0.3,linear_matched,3,s4-s6,1,svd,52,80,12,12,1,0.4173877962,0.09195355218,0.0961436099,1
improved,0.3,linear_matched,3,s4-s6,1,svd+ransac,52,80,12,12,1,0.4173877962,0.09195355218,0.0961436099,1
improved,0.3,linear_matched,3,s5-s6,1,svd,72,80,11,11,1,0.1823330553,0.0167242191,0.02077861341,1
improved,0.3,linear_matched,3,s5-s6,1,svd+ransac,72,80,11,11,1,0.1823330553,0.0167242191,0.02077861341,1
improved,0.3,linear_matched,4,s1-s2,1,svd,51,48,9,9,1,0.2470576064,0.02203549078,0.02948150369,1
improved,0.3,linear_matched,4,s1-s2,1,svd+ransac,51,48,9,9,1,0.2470576064,0.02203549078,0.02948150369,1
improved,0.3,linear_matched,4,s1-s3,1,svd,51,41,10,10,1,0.8347173987,0.04189667688,0.06284111493,1
improved,0.3,linear_matched,4,s1-s3,1,svd+ransac,51,41,10,10,1,0.8347173987,0.04189667688,0.06284111493,1
improved,0.3,linear_matched,4,s1-s4,0,svd,51,50,1,1,0,nan,nan,nan,0
improved,0.3,linear_matched,4,s1-s4,0,svd+ransac,51,50,1,1,0,nan,nan,nan,0
improved,0.3,linear_matched,4,s1-s5,0,svd,51,72,5,5,1,0.6588792117,0.1555135333,0.1588281183,1
improved,0.3,linear_matched,4,s1-s5,0,svd+ransac,51,72,5,5,1,0.6588792117,0.1555135333,0.1588281183,1
improved,0.3,linear_matched,4,s1-s6,0,svd,51,80,0,0,0,nan,nan,nan,0
improved,0.3,linear_matched,4,s1-s6,0,svd+ransac,51,80,0,0,0,nan,nan,nan,0
improved,0.3,linear_matched,4,s2-s3,1,svd,48,41,13,13,1,2.017263252,0.09988144828,0.1481858702,0
improved,0.3,linear_matched,4,s2-s3,1,svd+ransac,48,41,13,13,1,0.08540784317,0.02243241781,0.02353209801,1
improved,0.3,linear_matched,4,s2-s4,1,svd,48,50,5,5,1,0.7981552227,0.07244825577,0.09103714847,1
improved,0.3,linear_matched,4,s2-s4,1,svd+ransac,48,50,5,5,1,0.7981552227,0.07244825577,0.09103714847,1
improved,0.3,linear_matched,4,s2-s5,1,svd,48,72,9,9,1,1.109142611,0.06366130395,0.09491225342,1
improved,0.3,linear_matched,4,s2-s5,1,svd+ransac,48,72,9,9,1,0.7285531655,0.05537649277,0.07268702816,1
improved,0.3,linear_matched,4,s2-s6,0,svd,48,80,4,4,1,2.560242492,0.1300840777,0.19461623,0
improved,0.3,linear_matched,4,s2-s6,0,svd+ransac,48,80,4,4,1,2.560242492,0.1300840777,0.19461623,0
improved,0.3,linear_matched,4,s3-s4,1,svd,41,50,1,1,0,nan,nan,nan,0
improved,0.3,linear_matched,4,s3-s4,1,svd+ransac,41,50,1,1,0,nan,nan,nan,0
improved,0.3,linear_matched,4,s3-s5,1,svd,41,72,2,2,0,nan,nan,nan,0
improved,0.3,linear_matched,4,s3-s5,1,svd+ransac,41,72,2,2,0,nan,nan,nan,0
improved,0.3,linear_matched,4,s3-s6,0,svd,41,80,11,11,1,0.1864994121,0.06411962068,0.065826953,1
improved,0.3,linear_matched,4,s3-s6,0,svd+ransac,41,80,11,11,1,0.3795708919,0.1017266497,0.1029616815,1
improved,0.3,linear_matched,4,s4-s5,1,svd,50,72,11,11,1,0.3466898928,0.0749766838,0.07862908842,1
improved,0.3,linear_matched,4,s4-s5,1,svd+ransac,50,72,11,11,1,0.3466898928,0.0749766838,0.07862908842,1
improved,0.3,linear_matched,4,s4-s6,1,svd,50,80,4,4,1,0.1900398443,0.04984645959,0.05285044592,1
improved,0.3,linear_matched,4,s4-s6,1,svd+ransac,50,80,4,4,1,0.1900398443,0.04984645959,0.05285044592,1
improved,0.3,linear_matched,4,s5-s6,1,svd,72,80,7,7,1,0.3294030086,0.07359500931,0.07695564659,1
improved,0.3,linear_matched,4,s5-s6,1,svd+ransac,72,80,7,7,1,0.3294030086,0.07359500931,0.07695564659,1
improved,0.3,linear_matched,5,s1-s2,1,svd,52,46,6,6,1,0.5096623722,0.07780514368,0.08266660924,1
improved,0.3,linear_matched,5,s1-s2,1,svd+ransac,52,46,6,6,1,0.5096623722,0.07780514368,0.08266660924,1
improved,0.3,linear_matched,5,s1-s3,1,svd,52,44,12,12,1,0.7562405791,0.04095803786,0.0575512445,1
improved,0.3,linear_matched,5,s1-s3,1,svd+ransac,52,44,12,12,1,0.7562405791,0.04095803786,0.0575512445,1
improved,0.3,linear_matched,5,s1-s4,0,svd,52,54,4,4,1,0.2956091093,0.07439384543,0.07712887274,1
improved,0.3,linear_matched,5,s1-s4,0,svd+ransac,52,54,4,4,1,0.2956091093,0.07439384543,0.07712887274,1
improved,0.3,linear_matched,5,s1-s5,0,svd,52,71,2,2,0,nan,nan,nan,0
improved,0.3,linear_matched,5,s1-s5,0,svd+ransac,52,71,2,2,0,nan,nan,nan,0
improved,0.3,linear_matched,5,s1-s6,0,svd,52,84,0,0,0,nan,nan,nan,0
improved,0.3,linear_matched,5,s1-s6,0,svd+ransac,52,84,0,0,0,nan,nan,nan,0
improved,0.3,linear_matched,5,s2-s3,1,svd,46,44,14,14,1,1.276834593,0.07209769634,0.1011111946,1
improved,0.3,linear_matched,5,s2-s3,1,svd+ransac,46,44,14,14,1,0.1072680081,0.0193178993,0.02119154962,1
improved,0.3,linear_matched,5,s2-s4,1,svd,46,54,7,7,1,0.8547226872,0.03469332946,0.06579235657,1
improved,0.3,linear_matched,5,s2-s4,1,svd+ransac,46,54,7,7,1,0.8547226872,0.03469332946,0.06579235657,1
improved,0.3,linear_matched,5,s2-s5,1,svd,46,71,10,10,1,1.111085426,0.06448483605,0.09813328231,1
improved,0.3,linear_matched,5,s2-s5,1,svd+ransac,46,71,10,10,1,1.111085426,0.06448483605,0.09813328231,1
improved,0.3,linear_matched,5,s2-s6,0,svd,46,84,3,3,1,3.491887816,0.2313321866,0.3007548138,0
improved,0.3,linear_matched,5,s2-s6,0,svd+ransac,46,84,3,3,1,3.491887816,0.2313321866,0.3007548138,0
improved,0.3,linear_matched,5,s3-s4,1,svd,44,54,3,3,1,0.6157924138,0.03048497516,0.04798150092,1
improved,0.3,linear_matched,5,s3-s4,1,svd+ransac,44,54,3,3,1,0.6157924138,0.03048497516,0.04798150092,1
improved,0.3,linear_matched,5,s3-s5,1,svd,44,71,6,6,1,1.182565187,0.3224311629,0.3267700447,1
improved,0.3,linear_matched,5,s3-s5,1,svd+ransac,44,71,6,6,1,1.182565187,0.3224311629,0.3267700447,1
improved,0.3,linear_matched,5,s3-s6,0,svd,44,84,3,3,1,0.9240468761,0.4712460863,0.4686997547,1
improved,0.3,linear_matched,5,s3-s6,0,svd+ransac,44,84,3,3,1,0.9240468761,0.4712460863,0.4686997547,1
improved,0.3,linear_matched,5,s4-s5,1,svd,54,71,12,12,1,0.161748545,0.05459636412,0.05585168615,1
improved,0.3,linear_matched,5,s4-s5,1,svd+ransac,54,71,12,12,1,0.161748545,0.05459636412,0.05585168615,1
improved,0.3,linear_matched,5,s4-s6,1,svd,54,84,7,7,1,0.2414317494,0.1077103123,0.108772052,1
improved,0.3,linear_matched,5,s4-s6,1,svd+ransac,54,84,7,7,1,0.1814682814,0.07948376614,0.07933347659,1
improved,0.3,linear_matched,5,s5-s6,1,svd,71,84,8,8,1,0.3386214169,0.03358615595,0.03991669813,1
improved,0.3,linear_matched,5,s5-s6,1,svd+ransac,71,84,8,8,1,0.3386214169,0.03358615595,0.03991669813,1
improved,0.3,linear_matched,6,s1-s2,1,svd,48,47,7,7,1,0.2280807912,0.02596082427,0.02936561448,1
improved,0.3,linear_matched,6,s1-s2,1,svd+ransac,48,47,7,7,1,0.2280807912,0.02596082427,0.02936561448,1
improved,0.3,linear_matched,6,s1-s3,1,svd,48,39,6,6,1,1.048296253,0.05268797348,0.0787595272,1
improved,0.3,linear_matched,6,s1-s3,1,svd+ransac,48,39,6,6,1,0.4443228516,0.03884064678,0.04616958649,1
improved,0.3,linear_matched,6,s1-s4,0,svd,48,55,5,5,1,1.831977398,0.1216591956,0.1632359477,1
improved,0.3,linear_matched,6,s1-s4,0,svd+ransac,48,55,5,5,1,1.831977398,0.1216591956,0.1632359477,1
improved,0.3,linear_matched,6,s1-s5,0,svd,48,71,1,1,0,nan,nan,nan,0
improved,0.3,linear_matched,6,s1-s5,0,svd+ransac,48,71,1,1,0,nan,nan,nan,0
improved,0.3,linear_matched,6,s1-s6,0,svd,48,84,4,4,1,1.655655685,0.05920829205,0.1273221732,1
improved,0.3,linear_matched,6,s1-s6,0,svd+ransac,48,84,4,4,1,1.655655685,0.05920829205,0.1273221732,1
improved,0.3,linear_matched,6,s2-s3,1,svd,47,39,6,6,1,2.557323916,0.2333085852,0.2747102379,0
improved,0.3,linear_matched,6,s2-s3,1,svd+ransac,47,39,6,6,1,0.4723398379,0.07779021044,0.08119662857,1
improved,0.3,linear_matched,6,s2-s4,1,svd,47,55,5,5,1,3.372256417,0.4453777469,0.5053412402,0
improved,0.3,linear_matched,6,s2-s4,1,svd+ransac,47,55,5,5,1,4.254932037,0.6916821383,0.7584462086,0
improved,0.3,linear_matched,6,s2-s5,1,svd,47,71,3,3,1,0.6901227398,0.08497167089,0.09702665452,1
improved,0.3,linear_matched,6,s2-s5,1,svd+ransac,47,71,3,3,1,0.6901227398,0.08497167089,0.09702665452,1
improved,0.3,linear_matched,6,s2-s6,0,svd,47,84,9,9,1,1.013847726,0.02843651297,0.06944592204,1
improved,0.3,linear_matched,6,s2-s6,0,svd+ransac,47,84,9,9,1,1.013847726,0.02843651297,0.06944592204,1
improved,0.3,linear_matched,6,s3-s4,1,svd,39,55,10,10,1,1.064264601,0.03576854336,0.0677883958,1
improved,0.3,linear_matched,6,s3-s4,1,svd+ransac,39,55,10,10,1,1.064264601,0.03576854336,0.0677883958,1
improved,0.3,linear_matched,6,s3-s5,1,svd,39,71,2,2,0,nan,nan,nan,0
improved,0.3,linear_matched,6,s3-s5,1,svd+ransac,39,71,2,2,0,nan,nan,nan,0
improved,0.3,linear_matched,6,s3-s6,0,svd,39,84,11,11,1,0.4824502416,0.1213136942,0.1231030195,1
improved,0.3,linear_matched,6,s3-s6,0,svd+ransac,39,84,11,11,1,0.4824502416,0.1213136942,0.1231030195,1
improved,0.3,linear_matched,6,s4-s5,1,svd,55,71,12,12,1,0.2405765652,0.05054572059,0.05343278329,1
improved,0.3,linear_matched,6,s4-s5,1,svd+ransac,55,71,12,12,1,0.2405765652,0.05054572059,0.05343278329,1
improved,0.3,linear_matched,6,s4-s6,1,svd,55,84,4,4,1,0.1825164596,0.0345255528,0.03911818308,1
improved,0.3,linear_matched,6,s4-s6,1,svd+ransac,55,84,4,4,1,0.1825164596,0.0345255528,0.03911818308,1
improved,0.3,linear_matched,6,s5-s6,1,svd,71,84,10,10,1,0.1059839806,0.01408898372,0.01732693608,1
improved,0.3,linear_matched,6,s5-s6,1,svd+ransac,71,84,10,10,1,0.1059839806,0.01408898372,0.01732693608,1
improved,0.3,linear_matched,7,s1-s2,1,svd,46,47,4,4,1,0.6252054667,0.09129716873,0.09733432215,1
improved,0.3,linear_matched,7,s1-s2,1,svd+ransac,46,47,4,4,1,0.6252054667,0.09129716873,0.09733432215,1
improved,0.3,linear_matched,7,s1-s3,1,svd,46,43,5,5,1,0.6782165228,0.0598593276,0.07168028206,1
improved,0.3,linear_matched,7,s1-s3,1,svd+ransac,46,43,5,5,1,0.6782165228,0.0598593276,0.07168028206,1
improved,0.3,linear_matched,7,s1-s4,0,svd,46,50,1,1,0,nan,nan,nan,0
improved,0.3,linear_matched,7,s1-s4,0,svd+ransac,46,50,1,1,0,nan,nan,nan,0
improved,0.3,linear_matched,7,s1-s5,0,svd,46,72,5,5,1,0.526757718,0.1046382367,0.1100136618,1
improved,0.3,linear_matched,7,s1-s5,0,svd+ransac,46,72,5,5,1,0.526757718,0.1046382367,0.1100136618,1
improved,0.3,linear_matched,7,s1-s6,0,svd,46,81,3,3,1,1.817557111,0.06925890564,0.1217486796,1
improved,0.3,linear_matched,7,s1-s6,0,svd+ransac,46,81,3,3,1,1.817557111,0.06925890564,0.1217486796,1
improved,0.3,linear_matched,7,s2-s3,1,svd,47,43,8,8,1,1.352939324,0.1377952622,0.1627855416,1
improved,0.3,linear_matched,7,s2-s3,1,svd+ransac,47,43,8,8,1,0.1379043067,0.01151233214,0.01738652747,1
improved,0.3,linear_matched,7,s2-s4,1,svd,47,50,1,1,0,nan,nan,nan,0
improved,0.3,linear_matched,7,s2-s4,1,svd+ransac,47,50,1,1,0,nan,nan,nan,0
improved,0.3,linear_matched,7,s2-s5,1,svd,47,72,6,6,1,0.8131665914,0.06019766402,0.0782086414,1
improved,0.3,linear_matched,7,s2-s5,1,svd+ransac,47,72,6,6,1,0.8131665914,0.06019766402,0.0782086414,1
improved,0.3,linear_matched,7,s2-s6,0,svd,47,81,9,9,1,0.7396819793,0.02033823496,0.04937883627,1
improved,0.3,linear_matched,7,s2-s6,0,svd+ransac,47,81,9,9,1,0.7396819793,0.02033823496,0.04937883627,1
improved,0.3,linear_matched,7,s3-s4,1,svd,43,50,2,2,0,nan,nan,nan,0
improved,0.3,linear_matched,7,s3-s4,1,svd+ransac,43,50,2,2,0,nan,nan,nan,0
improved,0.3,linear_matched,7,s3-s5,1,svd,43,72,5,5,1,0.7476093044,0.1723838517,0.1764945738,1
improved,0.3,linear_matched,7,s3-s5,1,svd+ransac,43,72,5,5,1,0.7476093044,0.1723838517,0.1764945738,1
improved,0.3,linear_matched,7,s3-s6,0,svd,43,81,2,2,0,nan,nan,nan,0
improved,0.3,linear_matched,7,s3-s6,0,svd+ransac,43,81,2,2,0,nan,nan,nan,0
improved,0.3,linear_matched,7,s4-s5,1,svd,50,72,7,7,1,0.1089550272,0.07729731057,0.07843786087,1
improved,0.3,linear_matched,7,s4-s5,1,svd+ransac,50,72,7,7,1,0.1089550272,0.07729731057,0.07843786087,1
improved,0.3,linear_matched,7,s4-s6,1,svd,50,81,10,10,1,1.459712578,0.1155494351,0.1475083154,1
improved,0.3,linear_matched,7,s4-s6,1,svd+ransac,50,81,10,10,1,1.459712578,0.1155494351,0.1475083154,1
improved,0.3,linear_matched,7,s5-s6,1,svd,72,81,13,13,1,2.027351317,0.05410264393,0.1305967574,0
improved,0.3,linear_matched,7,s5-s6,1,svd+ransac,72,81,13,13,1,0.3347377877,0.01932490672,0.03109265535,1
improved,0.3,linear_matched,8,s1-s2,1,svd,48,48,6,6,1,0.1274345916,0.03506206373,0.03639436904,1
improved,0.3,linear_matched,8,s1-s2,1,svd+ransac,48,48,6,6,1,0.1274345916,0.03506206373,0.03639436904,1
improved,0.3,linear_matched,8,s1-s3,1,svd,48,40,9,9,1,0.9108092179,0.07509453649,0.09088234917,1
improved,0.3,linear_matched,8,s1-s3,1,svd+ransac,48,40,9,9,1,0.9108092179,0.07509453649,0.09088234917,1
improved,0.3,linear_matched,8,s1-s4,0,svd,48,52,4,4,1,0.2893550785,0.07125750919,0.07406215704,1
improved,0.3,linear_matched,8,s1-s4,0,svd+ransac,48,52,4,4,1,0.2893550785,0.07125750919,0.07406215704,1
improved,0.3,linear_matched,8,s1-s5,0,svd,48,77,3,3,1,0.7350619002,0.2139275335,0.2207711147,1
improved,0.3,linear_matched,8,s1-s5,0,svd+ransac,48,77,3,3,1,0.7350619002,0.2139275335,0.2207711147,1
improved,0.3,linear_matched,8,s1-s6,0,svd,48,81,5,5,1,0.7405713095,0.07544573647,0.08770307896,1
improved,0.3,linear_matched,8,s1-s6,0,svd+ransac,48,81,5,5,1,0.9404434488,0.05607788285,0.07926677302,1
improved,0.3,linear_matched,8,s2-s3,1,svd,48,40,11,11,1,1.431635806,0.08080803032,0.1180036287,1
improved,0.3,linear_matched,8,s2-s3,1,svd+ransac,48,40,11,11,1,0.0605510738,0.01598154427,0.0168852616,1
improved,0.3,linear_matched,8,s2-s4,1,svd,48,52,8,8,1,0.7808226544,0.05274907972,0.07297044379,1
improved,0.3,linear_matched,8,s2-s4,1,svd+ransac,48,52,8,8,1,0.7808226544,0.05274907972,0.07297044379,1
improved,0.3,linear_matched,8,s2-s5,1,svd,48,77,1,1,0,nan,nan,nan,0
improved,0.3,linear_matched,8,s2-s5,1,svd+ransac,48,77,1,1,0,nan,nan,nan,0
improved,0.3,linear_matched,8,s2-s6,0,svd,48,81,8,8,1,0.8599310964,0.01714667428,0.06292084407,1
improved,0.3,linear_matched,8,s2-s6,0,svd+ransac,48,81,8,8,1,0.8599310964,0.01714667428,0.06292084407,1
improved,0.3,linear_matched,8,s3-s4,1,svd,40,52,1,1,0,nan,nan,nan,0
improved,0.3,linear_matched,8,s3-s4,1,svd+ransac,40,52,1,1,0,nan,nan,nan,0
improved,0.3,linear_matched,8,s3-s5,1,svd,40,77,11,11,1,0.04405511789,0.01803516955,0.01871164228,1
improved,0.3,linear_matched,8,s3-s5,1,svd+ransac,40,77,11,11,1,0.04405511789,0.01803516955,0.01871164228,1
improved,0.3,linear_matched,8,s3-s6,0,svd,40,81,6,6,1,0.8161290387,0.4399477849,0.4371593941,1
improved,0.3,linear_matched,8,s3-s6,0,svd+ransac,40,81,6,6,1,0.8161290387,0.4399477849,0.4371593941,1
improved,0.3,linear_matched,8,s4-s5,1,svd,52,77,5,5,1,0.2619112603,0.04719985941,0.05145037007,1
improved,0.3,linear_matched,8,s4-s5,1,svd+ransac,52,77,5,5,1,0.2619112603,0.04719985941,0.05145037007,1
improved,0.3,linear_matched,8,s4-s6,1,svd,52,81,5,5,1,0.186237634,0.03567259197,0.03757396862,1
improved,0.3,linear_matched,8,s4-s6,1,svd+ransac,52,81,5,5,1,0.186237634,0.03567259197,0.03757396862,1
improved,0.3,linear_matched,8,s5-s6,1,svd,77,81,7,7,1,0.2101576073,0.04289782437,0.04617858877,1
improved,0.3,linear_matched,8,s5-s6,1,svd+ransac,77,81,7,7,1,0.2101576073,0.04289782437,0.04617858877,1
improved,0.3,linear_matched,9,s1-s2,1,svd,48,53,6,6,1,0.3573652344,0.03560357561,0.04680674369,1
improved,0.3,linear_matched,9,s1-s2,1,svd+ransac,48,53,6,6,1,0.3573652344,0.03560357561,0.04680674369,1
improved,0.3,linear_matched,9,s1-s3,1,svd,48,45,10,10,1,0.6912919445,0.02956508737,0.04819862098,1
improved,0.3,linear_matched,9,s1-s3,1,svd+ransac,48,45,10,10,1,0.6912919445,0.02956508737,0.04819862098,1
improved,0.3,linear_matched,9,s1-s4,0,svd,48,53,9,9,1,1.894521011,0.06786774225,0.1265937587,1
improved,0.3,linear_matched,9,s1-s4,0,svd+ransac,48,53,9,9,1,0.5719354236,0.06677932414,0.07738666623,1
improved,0.3,linear_matched,9,s1-s5,0,svd,48,69,1,1,0,nan,nan,nan,0
improved,0.3,linear_matched,9,s1-s5,0,svd+ransac,48,69,1,1,0,nan,nan,nan,0
improved,0.3,linear_matched,9,s1-s6,0,svd,48,84,0,0,0,nan,nan,nan,0
improved,0.3,linear_matched,9,s1-s6,0,svd+ransac,48,84,0,0,0,nan,nan,nan,0
improved,0.3,linear_matched,9,s2-s3,1,svd,53,45,7,7,1,0.4607231358,0.0752774906,0.08114594095,1
improved,0.3,linear_matched,9,s2-s3,1,svd+ransac,53,45,7,7,1,0.4607231358,0.0752774906,0.08114594095,1
improved,0.3,linear_matched,9,s2-s4,1,svd,53,53,1,1,0,nan,nan,nan,0
improved,0.3,linear_matched,9,s2-s4,1,svd+ransac,53,53,1,1,0,nan,nan,nan,0
improved,0.3,linear_matched,9,s2-s5,1,svd,53,69,4,4,1,0.7702130636,0.02798270795,0.05447725303,1
improved,0.3,linear_matched,9,s2-s5,1,svd+ransac,53,69,4,4,1,0.7702130636,0.02798270795,0.05447725303,1
improved,0.3,linear_matched,9,s2-s6,0,svd,53,84,4,4,1,1.001719205,0.03881147554,0.07364616382,1
improved,0.3,linear_matched,9,s2-s6,0,svd+ransac,53,84,4,4,1,1.001719205,0.03881147554,0.07364616382,1
improved,0.3,linear_matched,9,s3-s4,1,svd,45,53,2,2,0,nan,nan,nan,0
improved,0.3,linear_matched,9,s3-s4,1,svd+ransac,45,53,2,2,0,nan,nan,nan,0
improved,0.3,linear_matched,9,s3-s5,1,svd,45,69,8,8,1,0.06735007571,0.03102149326,0.03167952342,1
improved,0.3,linear_matched,9,s3-s5,1,svd+ransac,45,69,8,8,1,0.06735007571,0.03102149326,0.03167952342,1
improved,0.3,linear_matched,9,s3-s6,0,svd,45,84,3,3,1,0.09908612484,0.03885471661,0.03900773783,1
improved,0.3,linear_matched,9,s3-s6,0,svd+ransac,45,84,3,3,1,0.09908612484,0.03885471661,0.03900773783,1
improved,0.3,linear_matched,9,s4-s5,1,svd,53,69,9,9,1,0.3338783229,0.06103135162,0.06474283231,1
improved,0.3,linear_matched,9,s4-s5,1,svd+ransac,53,69,9,9,1,0.3338783229,0.06103135162,0.06474283231,1
improved,0.3,linear_matched,9,s4-s6,1,svd,53,84,5,5,1,1.094102939,0.08054042869,0.1112651059,1
improved,0.3,linear_matched,9,s4-s6,1,svd+ransac,53,84,5,5,1,1.094102939,0.08054042869,0.1112651059,1
improved,0.3,linear_matched,9,s5-s6,1,svd,69,84,5,5,1,2.144198342,0.1123518299,0.1745985213,0
improved,0.3,linear_matched,9,s5-s6,1,svd+ransac,69,84,5,5,1,5.544909394,0.7401485644,0.7864494883,0
improved,0.3,linear_matched,10,s1-s2,1,svd,46,52,6,6,1,0.1900920902,0.03418890221,0.03704085708,1
improved,0.3,linear_matched,10,s1-s2,1,svd+ransac,46,52,6,6,1,0.1900920902,0.03418890221,0.03704085708,1
improved,0.3,linear_matched,10,s1-s3,1,svd,46,44,8,8,1,1.004970192,0.05589778891,0.0818831587,1
improved,0.3,linear_matched,10,s1-s3,1,svd+ransac,46,44,8,8,1,1.180630098,0.1825211022,0.2004601327,1
improved,0.3,linear_matched,10,s1-s4,0,svd,46,50,8,8,1,1.000141309,0.1644959357,0.1736939392,1
improved,0.3,linear_matched,10,s1-s4,0,svd+ransac,46,50,8,8,1,1.000141309,0.1644959357,0.1736939392,1
improved,0.3,linear_matched,10,s1-s5,0,svd,46,70,1,1,0,nan,nan,nan,0
improved,0.3,linear_matched,10,s1-s5,0,svd+ransac,46,70,1,1,0,nan,nan,nan,0
improved,0.3,linear_matched,10,s1-s6,0,svd,46,81,3,3,1,1.647885271,0.07417313721,0.1171704187,1
improved,0.3,linear_matched,10,s1-s6,0,svd+ransac,46,81,3,3,1,1.647885271,0.07417313721,0.1171704187,1
improved,0.3,linear_matched,10,s2-s3,1,svd,52,44,5,5,1,0.69146606,0.1081559247,0.1175697139,1
improved,0.3,linear_matched,10,s2-s3,1,svd+ransac,52,44,5,5,1,0.69146606,0.1081559247,0.1175697139,1
improved,0.3,linear_matched,10,s2-s4,1,svd,52,50,1,1,0,nan,nan,nan,0
improved,0.3,linear_matched,10,s2-s4,1,svd+ransac,52,50,1,1,0,nan,nan,nan,0
improved,0.3,linear_matched,10,s2-s5,1,svd,52,70,4,4,1,0.7411100373,0.02351672729,0.05684166967,1
improved,0.3,linear_matched,10,s2-s5,1,svd+ransac,52,70,4,4,1,0.7411100373,0.02351672729,0.05684166967,1
improved,0.3,linear_matched,10,s2-s6,0,svd,52,81,3,3,1,0.4332929263,0.1133701091,0.1184233903,1
improved,0.3,linear_matched,10,s2-s6,0,svd+ransac,52,81,3,3,1,0.4332929263,0.1133701091,0.1184233903,1
improved,0.3,linear_matched,10,s3-s4,1,svd,44,50,6,6,1,0.43772546,0.02852821532,0.04000805708,1
improved,0.3,linear_matched,10,s3-s4,1,svd+ransac,44,50,6,6,1,0.43772546,0.02852821532,0.04000805708,1
improved,0.3,linear_matched,10,s3-s5,1,svd,44,70,8,8,1,0.2377839079,0.04696884737,0.04847079114,1
improved,0.3,linear_matched,10,s3-s5,1,svd+ransac,44,70,8,8,1,0.2377839079,0.04696884737,0.04847079114,1
improved,0.3,linear_matched,10,s3-s6,0,svd,44,81,11,11,1,0.2114868766,0.09725338528,0.09733959262,1
improved,0.3,linear_matched,10,s3-s6,0,svd+ransac,44,81,11,11,1,0.3943452091,0.1176389819,0.1216040377,1
improved,0.3,linear_matched,10,s4-s5,1,svd,50,70,5,5,1,0.1933923648,0.05977320286,0.06172773833,1
improved,0.3,linear_matched,10,s4-s5,1,svd+ransac,50,70,5,5,1,0.1933923648,0.05977320286,0.06172773833,1
improved,0.3,linear_matched,10,s4-s6,1,svd,50,81,7,7,1,0.9256427261,0.1330539816,0.14698384,1
improved,0.3,linear_matched,10,s4-s6,1,svd+ransac,50,81,7,7,1,0.1049483567,0.03047548301,0.03123209827,1
improved,0.3,linear_matched,10,s5-s6,1,svd,70,81,14,14,1,0.06292346289,0.01268046497,0.01361331379,1
improved,0.3,linear_matched,10,s5-s6,1,svd+ransac,70,81,14,14,1,0.06292346289,0.01268046497,0.01361331379,1
improved,0.3,physical_matched,1,s1-s2,1,svd,47,47,3,3,1,1.820131244,0.3512958502,0.3602618348,1
improved,0.3,physical_matched,1,s1-s2,1,svd+ransac,47,47,3,3,1,1.820131244,0.3512958502,0.3602618348,1
improved,0.3,physical_matched,1,s1-s3,1,svd,47,43,8,8,1,0.3706044831,0.03053485038,0.03819020955,1
improved,0.3,physical_matched,1,s1-s3,1,svd+ransac,47,43,8,8,1,0.3706044831,0.03053485038,0.03819020955,1
improved,0.3,physical_matched,1,s1-s4,0,svd,47,53,5,5,1,1.184806456,0.1813698395,0.1931383256,1
improved,0.3,physical_matched,1,s1-s4,0,svd+ransac,47,53,5,5,1,1.184806456,0.1813698395,0.1931383256,1
improved,0.3,physical_matched,1,s1-s5,0,svd,47,73,0,0,0,nan,nan,nan,0
improved,0.3,physical_matched,1,s1-s5,0,svd+ransac,47,73,0,0,0,nan,nan,nan,0
improved,0.3,physical_matched,1,s1-s6,0,svd,47,83,4,4,1,1.667999672,0.06185219452,0.1162504619,1
improved,0.3,physical_matched,1,s1-s6,0,svd+ransac,47,83,4,4,1,1.667999672,0.06185219452,0.1162504619,1
improved,0.3,physical_matched,1,s2-s3,1,svd,47,43,5,5,1,0.1603728459,0.02244866973,0.02545256195,1
improved,0.3,physical_matched,1,s2-s3,1,svd+ransac,47,43,5,5,1,0.1603728459,0.02244866973,0.02545256195,1
improved,0.3,physical_matched,1,s2-s4,1,svd,47,53,5,5,1,0.4211921029,0.04514592408,0.06124743289,1
improved,0.3,physical_matched,1,s2-s4,1,svd+ransac,47,53,5,5,1,0.4211921029,0.04514592408,0.06124743289,1
improved,0.3,physical_matched,1,s2-s5,1,svd,47,73,8,8,1,0.7763709419,0.06603697933,0.08165262657,1
improved,0.3,physical_matched,1,s2-s5,1,svd+ransac,47,73,8,8,1,0.7763709419,0.06603697933,0.08165262657,1
improved,0.3,physical_matched,1,s2-s6,0,svd,47,83,4,4,1,0.2025722245,0.0731849805,0.07536533767,1
improved,0.3,physical_matched,1,s2-s6,0,svd+ransac,47,83,4,4,1,0.2025722245,0.0731849805,0.07536533767,1
improved,0.3,physical_matched,1,s3-s4,1,svd,43,53,5,5,1,0.6046533446,0.05256142984,0.07022971225,1
improved,0.3,physical_matched,1,s3-s4,1,svd+ransac,43,53,5,5,1,0.6046533446,0.05256142984,0.07022971225,1
improved,0.3,physical_matched,1,s3-s5,1,svd,43,73,4,4,1,0.1466207666,0.06649955474,0.06732032038,1
improved,0.3,physical_matched,1,s3-s5,1,svd+ransac,43,73,4,4,1,0.1466207666,0.06649955474,0.06732032038,1
improved,0.3,physical_matched,1,s3-s6,0,svd,43,83,5,5,1,0.813271029,0.2502241707,0.251917507,1
improved,0.3,physical_matched,1,s3-s6,0,svd+ransac,43,83,5,5,1,0.813271029,0.2502241707,0.251917507,1
improved,0.3,physical_matched,1,s4-s5,1,svd,53,73,5,5,1,0.4393232373,0.05139431633,0.05886714021,1
improved,0.3,physical_matched,1,s4-s5,1,svd+ransac,53,73,5,5,1,0.4393232373,0.05139431633,0.05886714021,1
improved,0.3,physical_matched,1,s4-s6,1,svd,53,83,9,9,1,0.1658898993,0.08207415201,0.08328742124,1
improved,0.3,physical_matched,1,s4-s6,1,svd+ransac,53,83,9,9,1,0.1658898993,0.08207415201,0.08328742124,1
improved,0.3,physical_matched,1,s5-s6,1,svd,73,83,9,9,1,0.1842159319,0.0223219645,0.02556231455,1
improved,0.3,physical_matched,1,s5-s6,1,svd+ransac,73,83,9,9,1,0.1842159319,0.0223219645,0.02556231455,1
improved,0.3,physical_matched,2,s1-s2,1,svd,46,46,7,7,1,0.3413023884,0.06452401534,0.06680964015,1
improved,0.3,physical_matched,2,s1-s2,1,svd+ransac,46,46,7,7,1,0.3413023884,0.06452401534,0.06680964015,1
improved,0.3,physical_matched,2,s1-s3,1,svd,46,41,10,10,1,0.8859485241,0.03612672114,0.06118481126,1
improved,0.3,physical_matched,2,s1-s3,1,svd+ransac,46,41,10,10,1,0.8859485241,0.03612672114,0.06118481126,1
improved,0.3,physical_matched,2,s1-s4,0,svd,46,56,1,1,0,nan,nan,nan,0
improved,0.3,physical_matched,2,s1-s4,0,svd+ransac,46,56,1,1,0,nan,nan,nan,0
improved,0.3,physical_matched,2,s1-s5,0,svd,46,73,3,3,1,0.3418696224,0.09303678287,0.09767011185,1
improved,0.3,physical_matched,2,s1-s5,0,svd+ransac,46,73,3,3,1,0.3418696224,0.09303678287,0.09767011185,1
improved,0.3,physical_matched,2,s1-s6,0,svd,46,82,0,0,0,nan,nan,nan,0
improved,0.3,physical_matched,2,s1-s6,0,svd+ransac,46,82,0,0,0,nan,nan,nan,0
improved,0.3,physical_matched,2,s2-s3,1,svd,46,41,7,7,1,0.4063072071,0.05457125333,0.06254335531,1
improved,0.3,physical_matched,2,s2-s3,1,svd+ransac,46,41,7,7,1,0.4063072071,0.05457125333,0.06254335531,1
improved,0.3,physical_matched,2,s2-s4,1,svd,46,56,5,5,1,0.6872189555,0.09094935592,0.1045981295,1
improved,0.3,physical_matched,2,s2-s4,1,svd+ransac,46,56,5,5,1,0.6872189555,0.09094935592,0.1045981295,1
improved,0.3,physical_matched,2,s2-s5,1,svd,46,73,7,7,1,1.298741686,0.07106330348,0.1065334,1
improved,0.3,physical_matched,2,s2-s5,1,svd+ransac,46,73,7,7,1,0.7163557657,0.0416733856,0.06155249125,1
improved,0.3,physical_matched,2,s2-s6,0,svd,46,82,9,9,1,0.2807127684,0.03722980274,0.04245163975,1
improved,0.3,physical_matched,2,s2-s6,0,svd+ransac,46,82,9,9,1,0.2807127684,0.03722980274,0.04245163975,1
improved,0.3,physical_matched,2,s3-s4,1,svd,41,56,4,4,1,0.7654736018,0.0826771191,0.09783776239,1
improved,0.3,physical_matched,2,s3-s4,1,svd+ransac,41,56,4,4,1,0.7654736018,0.0826771191,0.09783776239,1
improved,0.3,physical_matched,2,s3-s5,1,svd,41,73,5,5,1,0.3901432802,0.0873453917,0.08974979117,1
improved,0.3,physical_matched,2,s3-s5,1,svd+ransac,41,73,5,5,1,0.3901432802,0.0873453917,0.08974979117,1
improved,0.3,physical_matched,2,s3-s6,0,svd,41,82,1,1,0,nan,nan,nan,0
improved,0.3,physical_matched,2,s3-s6,0,svd+ransac,41,82,1,1,0,nan,nan,nan,0
improved,0.3,physical_matched,2,s4-s5,1,svd,56,73,7,7,1,0.3682346749,0.1131219882,0.1156258685,1
improved,0.3,physical_matched,2,s4-s5,1,svd+ransac,56,73,7,7,1,0.3682346749,0.1131219882,0.1156258685,1
improved,0.3,physical_matched,2,s4-s6,1,svd,56,82,8,8,1,0.6240975765,0.1468940329,0.1529853044,1
improved,0.3,physical_matched,2,s4-s6,1,svd+ransac,56,82,8,8,1,0.1567820183,0.05087828458,0.05329036515,1
improved,0.3,physical_matched,2,s5-s6,1,svd,73,82,7,7,1,0.1369939297,0.03574685045,0.03780835151,1
improved,0.3,physical_matched,2,s5-s6,1,svd+ransac,73,82,7,7,1,0.1369939297,0.03574685045,0.03780835151,1
improved,0.3,physical_matched,3,s1-s2,1,svd,50,48,6,6,1,0.5213806902,0.01710330079,0.03300607076,1
improved,0.3,physical_matched,3,s1-s2,1,svd+ransac,50,48,6,6,1,0.5213806902,0.01710330079,0.03300607076,1
improved,0.3,physical_matched,3,s1-s3,1,svd,50,45,8,8,1,0.3667941869,0.02293801945,0.03171313415,1
improved,0.3,physical_matched,3,s1-s3,1,svd+ransac,50,45,8,8,1,0.3667941869,0.02293801945,0.03171313415,1
improved,0.3,physical_matched,3,s1-s4,0,svd,50,52,6,6,1,1.355873807,0.264505443,0.273062514,1
improved,0.3,physical_matched,3,s1-s4,0,svd+ransac,50,52,6,6,1,1.355873807,0.264505443,0.273062514,1
improved,0.3,physical_matched,3,s1-s5,0,svd,50,73,1,1,0,nan,nan,nan,0
improved,0.3,physical_matched,3,s1-s5,0,svd+ransac,50,73,1,1,0,nan,nan,nan,0
improved,0.3,physical_matched,3,s1-s6,0,svd,50,78,0,0,0,nan,nan,nan,0
improved,0.3,physical_matched,3,s1-s6,0,svd+ransac,50,78,0,0,0,nan,nan,nan,0
improved,0.3,physical_matched,3,s2-s3,1,svd,48,45,8,8,1,0.1462015072,0.01423010809,0.01753107858,1
improved,0.3,physical_matched,3,s2-s3,1,svd+ransac,48,45,8,8,1,0.1462015072,0.01423010809,0.01753107858,1
improved,0.3,physical_matched,3,s2-s4,1,svd,48,52,2,2,0,nan,nan,nan,0
improved,0.3,physical_matched,3,s2-s4,1,svd+ransac,48,52,2,2,0,nan,nan,nan,0
improved,0.3,physical_matched,3,s2-s5,1,svd,48,73,4,4,1,0.5570285419,0.03190484776,0.04845438903,1
improved,0.3,physical_matched,3,s2-s5,1,svd+ransac,48,73,4,4,1,0.5570285419,0.03190484776,0.04845438903,1
improved,0.3,physical_matched,3,s2-s6,0,svd,48,78,1,1,0,nan,nan,nan,0
improved,0.3,physical_matched,3,s2-s6,0,svd+ransac,48,78,1,1,0,nan,nan,nan,0
improved,0.3,physical_matched,3,s3-s4,1,svd,45,52,1,1,0,nan,nan,nan,0
improved,0.3,physical_matched,3,s3-s4,1,svd+ransac,45,52,1,1,0,nan,nan,nan,0
improved,0.3,physical_matched,3,s3-s5,1,svd,45,73,6,6,1,0.918503083,0.2076461192,0.2128117581,1
improved,0.3,physical_matched,3,s3-s5,1,svd+ransac,45,73,6,6,1,0.918503083,0.2076461192,0.2128117581,1
improved,0.3,physical_matched,3,s3-s6,0,svd,45,78,2,2,0,nan,nan,nan,0
improved,0.3,physical_matched,3,s3-s6,0,svd+ransac,45,78,2,2,0,nan,nan,nan,0
improved,0.3,physical_matched,3,s4-s5,1,svd,52,73,8,8,1,0.103510153,0.04075389537,0.04139004394,1
improved,0.3,physical_matched,3,s4-s5,1,svd+ransac,52,73,8,8,1,0.103510153,0.04075389537,0.04139004394,1
improved,0.3,physical_matched,3,s4-s6,1,svd,52,78,12,12,1,0.1030654962,0.03218587352,0.03338558256,1
improved,0.3,physical_matched,3,s4-s6,1,svd+ransac,52,78,12,12,1,0.1030654962,0.03218587352,0.03338558256,1
improved,0.3,physical_matched,3,s5-s6,1,svd,73,78,7,7,1,0.4081849605,0.06528667949,0.07218329403,1
improved,0.3,physical_matched,3,s5-s6,1,svd+ransac,73,78,7,7,1,0.4081849605,0.06528667949,0.07218329403,1
improved,0.3,physical_matched,4,s1-s2,1,svd,51,47,3,3,1,0.3192297074,0.06251636686,0.06623016282,1
improved,0.3,physical_matched,4,s1-s2,1,svd+ransac,51,47,3,3,1,0.3192297074,0.06251636686,0.06623016282,1
improved,0.3,physical_matched,4,s1-s3,1,svd,51,41,9,9,1,0.8628525357,0.05847393783,0.07870686292,1
improved,0.3,physical_matched,4,s1-s3,1,svd+ransac,51,41,9,9,1,0.8628525357,0.05847393783,0.07870686292,1
improved,0.3,physical_matched,4,s1-s4,0,svd,51,50,4,4,1,1.038460204,0.09362745724,0.1103515708,1
improved,0.3,physical_matched,4,s1-s4,0,svd+ransac,51,50,4,4,1,1.038460204,0.09362745724,0.1103515708,1
improved,0.3,physical_matched,4,s1-s5,0,svd,51,73,5,5,1,1.03412306,0.3970491117,0.4035412573,1
improved,0.3,physical_matched,4,s1-s5,0,svd+ransac,51,73,5,5,1,0.5203663796,0.1260579017,0.1280743013,1
improved,0.3,physical_matched,4,s1-s6,0,svd,51,79,0,0,0,nan,nan,nan,0
improved,0.3,physical_matched,4,s1-s6,0,svd+ransac,51,79,0,0,0,nan,nan,nan,0
improved,0.3,physical_matched,4,s2-s3,1,svd,47,41,8,8,1,3.261971108,0.2180016004,0.279854934,0
improved,0.3,physical_matched,4,s2-s3,1,svd+ransac,47,41,8,8,1,0.1564770785,0.03990592477,0.04119305383,1
improved,0.3,physical_matched,4,s2-s4,1,svd,47,50,6,6,1,0.2600607894,0.03293604653,0.03848623928,1
improved,0.3,physical_matched,4,s2-s4,1,svd+ransac,47,50,6,6,1,0.2600607894,0.03293604653,0.03848623928,1
improved,0.3,physical_matched,4,s2-s5,1,svd,47,73,1,1,0,nan,nan,nan,0
improved,0.3,physical_matched,4,s2-s5,1,svd+ransac,47,73,1,1,0,nan,nan,nan,0
improved,0.3,physical_matched,4,s2-s6,0,svd,47,79,2,2,0,nan,nan,nan,0
improved,0.3,physical_matched,4,s2-s6,0,svd+ransac,47,79,2,2,0,nan,nan,nan,0
improved,0.3,physical_matched,4,s3-s4,1,svd,41,50,1,1,0,nan,nan,nan,0
improved,0.3,physical_matched,4,s3-s4,1,svd+ransac,41,50,1,1,0,nan,nan,nan,0
improved,0.3,physical_matched,4,s3-s5,1,svd,41,73,3,3,1,1.214918435,0.3666982812,0.3696646633,1
improved,0.3,physical_matched,4,s3-s5,1,svd+ransac,41,73,3,3,1,1.214918435,0.3666982812,0.3696646633,1
improved,0.3,physical_matched,4,s3-s6,0,svd,41,79,7,7,1,0.5471994891,0.1456164647,0.147547389,1
improved,0.3,physical_matched,4,s3-s6,0,svd+ransac,41,79,7,7,1,0.5471994891,0.1456164647,0.147547389,1
improved,0.3,physical_matched,4,s4-s5,1,svd,50,73,9,9,1,0.404863611,0.08472463243,0.08895924814,1
improved,0.3,physical_matched,4,s4-s5,1,svd+ransac,50,73,9,9,1,0.404863611,0.08472463243,0.08895924814,1
improved,0.3,physical_matched,4,s4-s6,1,svd,50,79,7,7,1,0.127942118,0.06069292822,0.06127014873,1
improved,0.3,physical_matched,4,s4-s6,1,svd+ransac,50,79,7,7,1,0.127942118,0.06069292822,0.06127014873,1
improved,0.3,physical_matched,4,s5-s6,1,svd,73,79,10,10,1,0.3959682943,0.02845524168,0.03707014568,1
improved,0.3,physical_matched,4,s5-s6,1,svd+ransac,73,79,10,10,1,0.3959682943,0.02845524168,0.03707014568,1
improved,0.3,physical_matched,5,s1-s2,1,svd,51,47,6,6,1,0.6300080259,0.09006645034,0.09680457614,1
improved,0.3,physical_matched,5,s1-s2,1,svd+ransac,51,47,6,6,1,0.6300080259,0.09006645034,0.09680457614,1
improved,0.3,physical_matched,5,s1-s3,1,svd,51,43,12,12,1,0.7527655944,0.03619836948,0.05500171502,1
improved,0.3,physical_matched,5,s1-s3,1,svd+ransac,51,43,12,12,1,0.7527655944,0.03619836948,0.05500171502,1
improved,0.3,physical_matched,5,s1-s4,0,svd,51,53,7,7,1,0.4008834736,0.09035256739,0.09338109727,1
improved,0.3,physical_matched,5,s1-s4,0,svd+ransac,51,53,7,7,1,0.4008834736,0.09035256739,0.09338109727,1
improved,0.3,physical_matched,5,s1-s5,0,svd,51,73,3,3,1,0.767195159,0.2355078186,0.2412671072,1
improved,0.3,physical_matched,5,s1-s5,0,svd+ransac,51,73,3,3,1,0.767195159,0.2355078186,0.2412671072,1
improved,0.3,physical_matched,5,s1-s6,0,svd,51,83,0,0,0,nan,nan,nan,0
improved,0.3,physical_matched,5,s1-s6,0,svd+ransac,51,83,0,0,0,nan,nan,nan,0
improved,0.3,physical_matched,5,s2-s3,1,svd,47,43,13,13,1,1.805802432,0.1531220893,0.1818821907,1
improved,0.3,physical_matched,5,s2-s3,1,svd+ransac,47,43,13,13,1,0.1704236878,0.02694794141,0.02933097991,1
improved,0.3,physical_matched,5,s2-s4,1,svd,47,53,3,3,1,1.287175596,0.159894839,0.1784862874,1
improved,0.3,physical_matched,5,s2-s4,1,svd+ransac,47,53,3,3,1,1.287175596,0.159894839,0.1784862874,1
improved,0.3,physical_matched,5,s2-s5,1,svd,47,73,6,6,1,0.7356949851,0.05507697867,0.07165701953,1
improved,0.3,physical_matched,5,s2-s5,1,svd+ransac,47,73,6,6,1,0.7356949851,0.05507697867,0.07165701953,1
improved,0.3,physical_matched,5,s2-s6,0,svd,47,83,1,1,0,nan,nan,nan,0
improved,0.3,physical_matched,5,s2-s6,0,svd+ransac,47,83,1,1,0,nan,nan,nan,0
improved,0.3,physical_matched,5,s3-s4,1,svd,43,53,4,4,1,0.5924971445,0.03269929592,0.0490420037,1
improved,0.3,physical_matched,5,s3-s4,1,svd+ransac,43,53,4,4,1,0.5924971445,0.03269929592,0.0490420037,1
improved,0.3,physical_matched,5,s3-s5,1,svd,43,73,4,4,1,0.4041629792,0.09383386675,0.09590665209,1
improved,0.3,physical_matched,5,s3-s5,1,svd+ransac,43,73,4,4,1,0.4041629792,0.09383386675,0.09590665209,1
improved,0.3,physical_matched,5,s3-s6,0,svd,43,83,2,2,0,nan,nan,nan,0
improved,0.3,physical_matched,5,s3-s6,0,svd+ransac,43,83,2,2,0,nan,nan,nan,0
improved,0.3,physical_matched,5,s4-s5,1,svd,53,73,8,8,1,0.214836023,0.07030887931,0.07205112907,1
improved,0.3,physical_matched,5,s4-s5,1,svd+ransac,53,73,8,8,1,0.214836023,0.07030887931,0.07205112907,1
improved,0.3,physical_matched,5,s4-s6,1,svd,53,83,6,6,1,0.2398224645,0.04504012279,0.04923055924,1
improved,0.3,physical_matched,5,s4-s6,1,svd+ransac,53,83,6,6,1,0.2398224645,0.04504012279,0.04923055924,1
improved,0.3,physical_matched,5,s5-s6,1,svd,73,83,5,5,1,0.5754155188,0.05081677355,0.06383031595,1
improved,0.3,physical_matched,5,s5-s6,1,svd+ransac,73,83,5,5,1,0.5754155188,0.05081677355,0.06383031595,1
improved,0.3,physical_matched,6,s1-s2,1,svd,50,46,1,1,0,nan,nan,nan,0
improved,0.3,physical_matched,6,s1-s2,1,svd+ransac,50,46,1,1,0,nan,nan,nan,0
improved,0.3,physical_matched,6,s1-s3,1,svd,50,39,7,7,1,1.030905531,0.03892344873,0.06935744852,1
improved,0.3,physical_matched,6,s1-s3,1,svd+ransac,50,39,7,7,1,2.418107618,0.2989600866,0.3258270687,0
improved,0.3,physical_matched,6,s1-s4,0,svd,50,56,3,3,1,1.38723324,0.3351783481,0.3402175552,1
improved,0.3,physical_matched,6,s1-s4,0,svd+ransac,50,56,3,3,1,1.38723324,0.3351783481,0.3402175552,1
improved,0.3,physical_matched,6,s1-s5,0,svd,50,71,5,5,1,0.3517969688,0.06893137664,0.07107276648,1
improved,0.3,physical_matched,6,s1-s5,0,svd+ransac,50,71,5,5,1,0.3517969688,0.06893137664,0.07107276648,1
improved,0.3,physical_matched,6,s1-s6,0,svd,50,82,0,0,0,nan,nan,nan,0
improved,0.3,physical_matched,6,s1-s6,0,svd+ransac,50,82,0,0,0,nan,nan,nan,0
improved,0.3,physical_matched,6,s2-s3,1,svd,46,39,8,8,1,1.53675208,0.08035867769,0.1199621733,1
improved,0.3,physical_matched,6,s2-s3,1,svd+ransac,46,39,8,8,1,0.09111964444,0.01371257629,0.01534696331,1
improved,0.3,physical_matched,6,s2-s4,1,svd,46,56,9,9,1,1.830163963,0.0945614727,0.1394774387,1
improved,0.3,physical_matched,6,s2-s4,1,svd+ransac,46,56,9,9,1,1.153413658,0.1013826084,0.1255436571,1
improved,0.3,physical_matched,6,s2-s5,1,svd,46,71,10,10,1,0.5903588276,0.03615884752,0.04868496179,1
improved,0.3,physical_matched,6,s2-s5,1,svd+ransac,46,71,10,10,1,0.4368044248,0.0413124465,0.04808303504,1
improved,0.3,physical_matched,6,s2-s6,0,svd,46,82,6,6,1,1.188140787,0.09284261714,0.125903896,1
improved,0.3,physical_matched,6,s2-s6,0,svd+ransac,46,82,6,6,1,1.188140787,0.09284261714,0.125903896,1
improved,0.3,physical_matched,6,s3-s4,1,svd,39,56,10,10,1,0.8538336426,0.05581173658,0.07851573166,1
improved,0.3,physical_matched,6,s3-s4,1,svd+ransac,39,56,10,10,1,1.231491154,0.03546959598,0.08280170342,1
improved,0.3,physical_matched,6,s3-s5,1,svd,39,71,8,8,1,0.3106746612,0.02679993916,0.03893069677,1
improved,0.3,physical_matched,6,s3-s5,1,svd+ransac,39,71,8,8,1,0.3106746612,0.02679993916,0.03893069677,1
improved,0.3,physical_matched,6,s3-s6,0,svd,39,82,5,5,1,0.6963934425,0.1332194174,0.1403510911,1
improved,0.3,physical_matched,6,s3-s6,0,svd+ransac,39,82,5,5,1,0.6963934425,0.1332194174,0.1403510911,1
improved,0.3,physical_matched,6,s4-s5,1,svd,56,71,8,8,1,0.15033372,0.04286542253,0.04430551789,1
improved,0.3,physical_matched,6,s4-s5,1,svd+ransac,56,71,8,8,1,0.15033372,0.04286542253,0.04430551789,1
improved,0.3,physical_matched,6,s4-s6,1,svd,56,82,5,5,1,0.2154663783,0.03681684408,0.04016617952,1
improved,0.3,physical_matched,6,s4-s6,1,svd+ransac,56,82,5,5,1,0.2154663783,0.03681684408,0.04016617952,1
improved,0.3,physical_matched,6,s5-s6,1,svd,71,82,3,3,1,0.8091233737,0.07567273091,0.09309555868,1
improved,0.3,physical_matched,6,s5-s6,1,svd+ransac,71,82,3,3,1,0.8091233737,0.07567273091,0.09309555868,1
improved,0.3,physical_matched,7,s1-s2,1,svd,45,45,2,2,0,nan,nan,nan,0
improved,0.3,physical_matched,7,s1-s2,1,svd+ransac,45,45,2,2,0,nan,nan,nan,0
improved,0.3,physical_matched,7,s1-s3,1,svd,45,42,6,6,1,0.771926476,0.0674311708,0.08112023245,1
improved,0.3,physical_matched,7,s1-s3,1,svd+ransac,45,42,6,6,1,0.771926476,0.0674311708,0.08112023245,1
improved,0.3,physical_matched,7,s1-s4,0,svd,45,50,6,6,1,0.9920410797,0.1753081592,0.1831301474,1
improved,0.3,physical_matched,7,s1-s4,0,svd+ransac,45,50,6,6,1,0.9920410797,0.1753081592,0.1831301474,1
improved,0.3,physical_matched,7,s1-s5,0,svd,45,74,4,4,1,0.7116816006,0.1931004118,0.1991083899,1
improved,0.3,physical_matched,7,s1-s5,0,svd+ransac,45,74,4,4,1,0.7116816006,0.1931004118,0.1991083899,1
improved,0.3,physical_matched,7,s1-s6,0,svd,45,81,0,0,0,nan,nan,nan,0
improved,0.3,physical_matched,7,s1-s6,0,svd+ransac,45,81,0,0,0,nan,nan,nan,0
improved,0.3,physical_matched,7,s2-s3,1,svd,45,42,10,10,1,1.323168552,0.0886146688,0.1158419873,1
improved,0.3,physical_matched,7,s2-s3,1,svd+ransac,45,42,10,10,1,0.1912930244,0.0245023012,0.03006877545,1
improved,0.3,physical_matched,7,s2-s4,1,svd,45,50,8,8,1,0.8524240102,0.02009819642,0.06215266926,1
improved,0.3,physical_matched,7,s2-s4,1,svd+ransac,45,50,8,8,1,0.1304019018,0.02295277023,0.02651057165,1
improved,0.3,physical_matched,7,s2-s5,1,svd,45,74,5,5,1,0.7958659925,0.04250029484,0.06551857428,1
improved,0.3,physical_matched,7,s2-s5,1,svd+ransac,45,74,5,5,1,0.7958659925,0.04250029484,0.06551857428,1
improved,0.3,physical_matched,7,s2-s6,0,svd,45,81,12,12,1,2.583042689,0.1285778013,0.2022769983,0
improved,0.3,physical_matched,7,s2-s6,0,svd+ransac,45,81,12,12,1,0.674844818,0.01581182404,0.04383869114,1
improved,0.3,physical_matched,7,s3-s4,1,svd,42,50,2,2,0,nan,nan,nan,0
improved,0.3,physical_matched,7,s3-s4,1,svd+ransac,42,50,2,2,0,nan,nan,nan,0
improved,0.3,physical_matched,7,s3-s5,1,svd,42,74,1,1,0,nan,nan,nan,0
improved,0.3,physical_matched,7,s3-s5,1,svd+ransac,42,74,1,1,0,nan,nan,nan,0
improved,0.3,physical_matched,7,s3-s6,0,svd,42,81,3,3,1,0.3055927181,0.03303679696,0.03879543336,1
improved,0.3,physical_matched,7,s3-s6,0,svd+ransac,42,81,3,3,1,0.3055927181,0.03303679696,0.03879543336,1
improved,0.3,physical_matched,7,s4-s5,1,svd,50,74,8,8,1,0.2139411451,0.06315717439,0.06500681324,1
improved,0.3,physical_matched,7,s4-s5,1,svd+ransac,50,74,8,8,1,0.2139411451,0.06315717439,0.06500681324,1
improved,0.3,physical_matched,7,s4-s6,1,svd,50,81,6,6,1,2.038979757,0.04601018299,0.1319554328,0
improved,0.3,physical_matched,7,s4-s6,1,svd+ransac,50,81,6,6,1,2.038979757,0.04601018299,0.1319554328,0
improved,0.3,physical_matched,7,s5-s6,1,svd,74,81,9,9,1,3.327311477,0.1480010826,0.235297278,0
improved,0.3,physical_matched,7,s5-s6,1,svd+ransac,74,81,9,9,1,3.327311477,0.1480010826,0.235297278,0
improved,0.3,physical_matched,8,s1-s2,1,svd,50,48,4,4,1,0.04706322976,0.01682264357,0.01741806247,1
improved,0.3,physical_matched,8,s1-s2,1,svd+ransac,50,48,4,4,1,0.04706322976,0.01682264357,0.01741806247,1
improved,0.3,physical_matched,8,s1-s3,1,svd,50,43,11,11,1,0.7270338456,0.07429647425,0.08525314574,1
improved,0.3,physical_matched,8,s1-s3,1,svd+ransac,50,43,11,11,1,0.7270338456,0.07429647425,0.08525314574,1
improved,0.3,physical_matched,8,s1-s4,0,svd,50,53,6,6,1,0.8464068897,0.1143138185,0.1243055499,1
improved,0.3,physical_matched,8,s1-s4,0,svd+ransac,50,53,6,6,1,0.8464068897,0.1143138185,0.1243055499,1
improved,0.3,physical_matched,8,s1-s5,0,svd,50,75,5,5,1,0.4441432262,0.05201279142,0.06188973936,1
improved,0.3,physical_matched,8,s1-s5,0,svd+ransac,50,75,5,5,1,0.4441432262,0.05201279142,0.06188973936,1
improved,0.3,physical_matched,8,s1-s6,0,svd,50,83,4,4,1,0.5332586812,0.1374432953,0.1393631324,1
improved,0.3,physical_matched,8,s1-s6,0,svd+ransac,50,83,4,4,1,0.5332586812,0.1374432953,0.1393631324,1
improved,0.3,physical_matched,8,s2-s3,1,svd,48,43,9,9,1,1.491883999,0.1228746023,0.1542383825,1
improved,0.3,physical_matched,8,s2-s3,1,svd+ransac,48,43,9,9,1,0.05168673058,0.02022018738,0.0207695248,1
improved,0.3,physical_matched,8,s2-s4,1,svd,48,53,7,7,1,1.272705664,0.01638978944,0.08411124865,1
improved,0.3,physical_matched,8,s2-s4,1,svd+ransac,48,53,7,7,1,1.272705664,0.01638978944,0.08411124865,1
improved,0.3,physical_matched,8,s2-s5,1,svd,48,75,4,4,1,0.8440299473,0.07953592756,0.09689803076,1
improved,0.3,physical_matched,8,s2-s5,1,svd+ransac,48,75,4,4,1,0.8440299473,0.07953592756,0.09689803076,1
improved,0.3,physical_matched,8,s2-s6,0,svd,48,83,4,4,1,6.853359051,0.3362942425,0.4993556358,0
improved,0.3,physical_matched,8,s2-s6,0,svd+ransac,48,83,4,4,1,6.853359051,0.3362942425,0.4993556358,0
improved,0.3,physical_matched,8,s3-s4,1,svd,43,53,9,9,1,0.9435618451,0.09910152628,0.116074219,1
improved,0.3,physical_matched,8,s3-s4,1,svd+ransac,43,53,9,9,1,0.9435618451,0.09910152628,0.116074219,1
improved,0.3,physical_matched,8,s3-s5,1,svd,43,75,1,1,0,nan,nan,nan,0
improved,0.3,physical_matched,8,s3-s5,1,svd+ransac,43,75,1,1,0,nan,nan,nan,0
improved,0.3,physical_matched,8,s3-s6,0,svd,43,83,4,4,1,0.758555627,0.4480509621,0.4450772488,1
improved,0.3,physical_matched,8,s3-s6,0,svd+ransac,43,83,4,4,1,0.758555627,0.4480509621,0.4450772488,1
improved,0.3,physical_matched,8,s4-s5,1,svd,53,75,8,8,1,0.319964899,0.1085950401,0.1109418361,1
improved,0.3,physical_matched,8,s4-s5,1,svd+ransac,53,75,8,8,1,0.319964899,0.1085950401,0.1109418361,1
improved,0.3,physical_matched,8,s4-s6,1,svd,53,83,9,9,1,0.5185270722,0.1153322463,0.1212422306,1
improved,0.3,physical_matched,8,s4-s6,1,svd+ransac,53,83,9,9,1,0.5185270722,0.1153322463,0.1212422306,1
improved,0.3,physical_matched,8,s5-s6,1,svd,75,83,9,9,1,0.09216242151,0.02096891764,0.02265908407,1
improved,0.3,physical_matched,8,s5-s6,1,svd+ransac,75,83,9,9,1,0.09216242151,0.02096891764,0.02265908407,1
improved,0.3,physical_matched,9,s1-s2,1,svd,50,52,6,6,1,0.2719036901,0.02257561651,0.02957594367,1
improved,0.3,physical_matched,9,s1-s2,1,svd+ransac,50,52,6,6,1,0.2719036901,0.02257561651,0.02957594367,1
improved,0.3,physical_matched,9,s1-s3,1,svd,50,43,7,7,1,0.6772526368,0.03382567586,0.05040613092,1
improved,0.3,physical_matched,9,s1-s3,1,svd+ransac,50,43,7,7,1,1.607010984,0.2672918751,0.2781557967,1
improved,0.3,physical_matched,9,s1-s4,0,svd,50,52,9,9,1,1.819946686,0.04826961954,0.1142772836,1
improved,0.3,physical_matched,9,s1-s4,0,svd+ransac,50,52,9,9,1,0.629417502,0.07605392719,0.08678478577,1
improved,0.3,physical_matched,9,s1-s5,0,svd,50,70,3,3,1,23.80496453,7.133693483,7.137770047,0
improved,0.3,physical_matched,9,s1-s5,0,svd+ransac,50,70,3,3,1,23.80496453,7.133693483,7.137770047,0
improved,0.3,physical_matched,9,s1-s6,0,svd,50,81,0,0,0,nan,nan,nan,0
improved,0.3,physical_matched,9,s1-s6,0,svd+ransac,50,81,0,0,0,nan,nan,nan,0
improved,0.3,physical_matched,9,s2-s3,1,svd,52,43,7,7,1,0.1848402161,0.03575335662,0.03877829351,1
improved,0.3,physical_matched,9,s2-s3,1,svd+ransac,52,43,7,7,1,0.1848402161,0.03575335662,0.03877829351,1
improved,0.3,physical_matched,9,s2-s4,1,svd,52,52,1,1,0,nan,nan,nan,0
improved,0.3,physical_matched,9,s2-s4,1,svd+ransac,52,52,1,1,0,nan,nan,nan,0
improved,0.3,physical_matched,9,s2-s5,1,svd,52,70,6,6,1,0.745016251,0.054742491,0.07190630595,1
improved,0.3,physical_matched,9,s2-s5,1,svd+ransac,52,70,6,6,1,0.745016251,0.054742491,0.07190630595,1
improved,0.3,physical_matched,9,s2-s6,0,svd,52,81,7,7,1,0.4301333912,0.01754888818,0.03383853075,1
improved,0.3,physical_matched,9,s2-s6,0,svd+ransac,52,81,7,7,1,0.4301333912,0.01754888818,0.03383853075,1
improved,0.3,physical_matched,9,s3-s4,1,svd,43,52,2,2,0,nan,nan,nan,0
improved,0.3,physical_matched,9,s3-s4,1,svd+ransac,43,52,2,2,0,nan,nan,nan,0
improved,0.3,physical_matched,9,s3-s5,1,svd,43,70,6,6,1,0.08190897498,0.009431279177,0.01130316932,1
improved,0.3,physical_matched,9,s3-s5,1,svd+ransac,43,70,6,6,1,0.08190897498,0.009431279177,0.01130316932,1
improved,0.3,physical_matched,9,s3-s6,0,svd,43,81,6,6,1,0.5753465677,0.03781489117,0.05431479635,1
improved,0.3,physical_matched,9,s3-s6,0,svd+ransac,43,81,6,6,1,0.5753465677,0.03781489117,0.05431479635,1
improved,0.3,physical_matched,9,s4-s5,1,svd,52,70,6,6,1,0.5293151252,0.08040619459,0.08763008208,1
improved,0.3,physical_matched,9,s4-s5,1,svd+ransac,52,70,6,6,1,0.5293151252,0.08040619459,0.08763008208,1
improved,0.3,physical_matched,9,s4-s6,1,svd,52,81,4,4,1,0.2100461222,0.04426983704,0.04673098351,1
improved,0.3,physical_matched,9,s4-s6,1,svd+ransac,52,81,4,4,1,0.2100461222,0.04426983704,0.04673098351,1
improved,0.3,physical_matched,9,s5-s6,1,svd,70,81,16,16,1,0.9791328675,0.03814686726,0.07236992511,1
improved,0.3,physical_matched,9,s5-s6,1,svd+ransac,70,81,16,16,1,0.07832473316,0.009042088386,0.01148882177,1
improved,0.3,physical_matched,10,s1-s2,1,svd,47,52,4,4,1,0.24516739,0.05898485696,0.0602730249,1
improved,0.3,physical_matched,10,s1-s2,1,svd+ransac,47,52,4,4,1,0.24516739,0.05898485696,0.0602730249,1
improved,0.3,physical_matched,10,s1-s3,1,svd,47,42,8,8,1,1.029403865,0.08407167801,0.1061736547,1
improved,0.3,physical_matched,10,s1-s3,1,svd+ransac,47,42,8,8,1,0.3666177945,0.04756172048,0.05143351157,1
improved,0.3,physical_matched,10,s1-s4,0,svd,47,48,2,2,0,nan,nan,nan,0
improved,0.3,physical_matched,10,s1-s4,0,svd+ransac,47,48,2,2,0,nan,nan,nan,0
improved,0.3,physical_matched,10,s1-s5,0,svd,47,71,6,6,1,0.6011613372,0.1094042702,0.1143769769,1
improved,0.3,physical_matched,10,s1-s5,0,svd+ransac,47,71,6,6,1,0.6011613372,0.1094042702,0.1143769769,1
improved,0.3,physical_matched,10,s1-s6,0,svd,47,82,4,4,1,1.021348966,0.1964255256,0.2019303749,1
improved,0.3,physical_matched,10,s1-s6,0,svd+ransac,47,82,4,4,1,1.021348966,0.1964255256,0.2019303749,1
improved,0.3,physical_matched,10,s2-s3,1,svd,52,42,9,9,1,0.1578350931,0.03287333971,0.03507904823,1
improved,0.3,physical_matched,10,s2-s3,1,svd+ransac,52,42,9,9,1,0.1578350931,0.03287333971,0.03507904823,1
improved,0.3,physical_matched,10,s2-s4,1,svd,52,48,1,1,0,nan,nan,nan,0
improved,0.3,physical_matched,10,s2-s4,1,svd+ransac,52,48,1,1,0,nan,nan,nan,0
improved,0.3,physical_matched,10,s2-s5,1,svd,52,71,1,1,0,nan,nan,nan,0
improved,0.3,physical_matched,10,s2-s5,1,svd+ransac,52,71,1,1,0,nan,nan,nan,0
improved,0.3,physical_matched,10,s2-s6,0,svd,52,82,6,6,1,1.41547432,0.04257363744,0.09175125962,1
improved,0.3,physical_matched,10,s2-s6,0,svd+ransac,52,82,6,6,1,1.41547432,0.04257363744,0.09175125962,1
improved,0.3,physical_matched,10,s3-s4,1,svd,42,48,9,9,1,0.4938730589,0.01687008333,0.03576692972,1
improved,0.3,physical_matched,10,s3-s4,1,svd+ransac,42,48,9,9,1,0.4938730589,0.01687008333,0.03576692972,1
improved,0.3,physical_matched,10,s3-s5,1,svd,42,71,1,1,0,nan,nan,nan,0
improved,0.3,physical_matched,10,s3-s5,1,svd+ransac,42,71,1,1,0,nan,nan,nan,0
improved,0.3,physical_matched,10,s3-s6,0,svd,42,82,6,6,1,0.575996012,0.04947144122,0.06140730259,1
improved,0.3,physical_matched,10,s3-s6,0,svd+ransac,42,82,6,6,1,0.575996012,0.04947144122,0.06140730259,1
improved,0.3,physical_matched,10,s4-s5,1,svd,48,71,1,1,0,nan,nan,nan,0
improved,0.3,physical_matched,10,s4-s5,1,svd+ransac,48,71,1,1,0,nan,nan,nan,0
improved,0.3,physical_matched,10,s4-s6,1,svd,48,82,6,6,1,1.463368062,0.1913785987,0.2158985486,1
improved,0.3,physical_matched,10,s4-s6,1,svd+ransac,48,82,6,6,1,1.463368062,0.1913785987,0.2158985486,1
improved,0.3,physical_matched,10,s5-s6,1,svd,71,82,12,12,1,0.05361308626,0.01362347014,0.01430694645,1
improved,0.3,physical_matched,10,s5-s6,1,svd+ransac,71,82,12,12,1,0.05361308626,0.01362347014,0.01430694645,1
