cluster_id,status,fail_mask,n_points,n_inliers,n_inliers_sac,n_normal_ok,arc_deg,radius,tilt_deg,centroid_x,centroid_y,centroid_z,axis_x,axis_y,axis_z,dir_x,dir_y,dir_z,ransac_seed
0,arc_coverage_low,128,61,58,46,61,50.000000,0.3576,1.362,-46.6769,6.9234,5.4088,-47.0218,6.8562,5.5227,-0.023390,0.004210,0.999718,3585410263
1,low_inlier_ratio,72,155,71,8,32,170.000000,0.0605,16.962,-39.1191,20.5191,13.1280,-39.0117,20.7889,12.3449,-0.133085,-0.259616,0.956498,3091081303
2,radius_out_of_range,176,36,35,20,36,25.000000,1.6152,87.578,-39.1428,21.0815,7.4428,-40.0787,22.4019,7.4705,-0.790353,-0.611192,0.042262,1604697061
3,arc_coverage_low,128,42,42,17,42,80.000000,0.1508,2.396,-39.0677,20.8275,10.6324,-39.1194,20.9704,10.2075,-0.003943,-0.041616,0.999126,3379969444
4,normal_inconsistent,64,32,30,1,11,100.000000,0.0410,4.503,-39.0516,20.5570,13.7627,-39.0652,20.6563,12.8036,-0.002600,-0.078475,0.996913,2106641829
5,arc_coverage_low,128,151,139,86,145,90.000000,0.1754,0.460,-38.1332,-9.9818,10.6954,-38.2965,-9.9420,10.0981,0.002943,-0.007472,0.999968,370078148
6,ok,0,90,84,41,89,100.000000,0.1548,4.894,-38.0974,-9.9156,9.6867,-38.2378,-9.8910,9.7362,-0.072268,-0.045342,0.996354,2167795421
7,arc_coverage_low,128,32,24,8,26,50.000000,0.1687,1.786,-38.1044,-10.0483,11.5732,-38.3266,-10.0094,9.8902,0.030199,-0.007741,0.999514,2788456325
8,arc_coverage_low,128,64,63,59,64,25.000000,0.6983,15.795,-38.1529,-10.1567,12.3693,-38.8143,-9.9491,12.2298,-0.115932,-0.246275,0.962241,1815915824
9,arc_coverage_low,128,32,30,28,32,50.000000,0.2279,1.427,-38.0734,-9.7398,7.8088,-38.2320,-9.8910,7.8414,-0.024719,-0.002974,0.999690,614336416
10,ok,0,104,103,42,98,105.000000,0.1213,3.093,-38.0419,-9.8072,8.4185,-38.2917,-10.3647,18.5470,-0.014478,-0.051970,0.998544,32073440
11,arc_coverage_low,128,40,40,17,40,70.000000,0.1510,2.571,-36.9772,33.0908,5.7017,-37.0621,33.1761,5.7656,0.044799,-0.002393,0.998993,3655905364
12,arc_coverage_low,128,32,32,5,28,90.000000,0.1061,6.772,-36.9364,33.0709,6.2237,-36.9935,33.1791,5.6277,-0.039449,-0.111123,0.993023,1373873583
13,ok,0,123,116,28,94,120.000000,0.0849,1.635,-27.9528,-24.6230,1.3418,-28.0257,-24.5338,-3.2649,0.003287,-0.028334,0.999593,3886071744
14,arc_coverage_low,128,73,45,14,66,80.000000,0.1888,4.905,-27.4535,-10.5396,8.8563,-27.5640,-10.7023,8.8581,0.028167,-0.080727,0.996338,2388987433
15,normal_inconsistent,192,32,26,15,19,15.000000,0.4619,17.777,-27.5425,-14.1773,1.4106,-27.9980,-14.2411,1.4488,-0.019546,0.304692,0.952250,243402678
16,ok,0,104,103,76,104,110.000000,0.1957,1.065,-27.4083,-10.6316,9.2711,-27.5641,-10.7282,9.6668,-0.010846,-0.015085,0.999827,1247816391
17,ok,0,336,244,154,287,120.000000,0.2033,0.529,-27.3697,-10.6612,10.0712,-27.5603,-10.7414,10.0612,0.008828,-0.002698,0.999957,1214648845
18,ok,0,164,140,65,159,110.000000,0.1797,1.547,-27.3568,-10.7727,11.3036,-27.5968,-10.8069,7.7727,0.020774,0.017228,0.999636,3630243173
19,ok,0,500,477,378,498,115.000000,0.2790,2.549,-26.6808,-27.6386,0.5643,-26.7480,-27.9113,1.6959,0.025827,-0.036199,0.999011,1218873133
20,ok,0,311,296,236,311,115.000000,0.3436,0.333,-26.6377,-27.6711,2.2789,-26.7914,-27.9289,1.9388,-0.004250,0.003958,0.999983,1099611982
21,tilt_too_large,96,46,37,0,19,115.000000,0.0489,22.453,-26.6890,-27.5962,-0.3241,-27.1915,-27.4872,0.9099,-0.367837,0.102793,0.924191,759419519
22,arc_coverage_low,128,63,58,37,63,80.000000,0.2644,1.923,-26.5566,-18.0139,4.2408,-26.6025,-18.2656,3.7620,0.033559,0.000333,0.999437,1477732161
23,arc_coverage_low,128,40,34,22,40,90.000000,0.2522,1.659,-26.4849,-35.9208,11.1043,-26.5770,-36.1181,11.2685,-0.023852,0.016412,0.999581,1226501892
24,arc_coverage_low,128,72,66,52,70,50.000000,0.3754,3.637,-26.5445,-17.9985,3.6420,-26.5759,-18.3602,3.4973,-0.060854,-0.017895,0.997986,1344440522
25,normal_inconsistent,64,86,67,6,29,135.000000,0.0450,6.215,-26.5303,-17.9750,2.5297,-25.4865,-18.3327,-7.6063,-0.103362,0.032217,0.994122,169219402
26,arc_coverage_low,128,362,351,284,362,70.000000,0.3131,1.958,-26.4555,-27.8378,3.3671,-26.7703,-27.9132,1.6858,0.022637,-0.025587,0.999416,4195978907
27,ok,0,181,172,96,179,110.000000,0.1604,3.069,-26.3796,-35.9905,12.0046,-26.4983,-36.0724,11.5271,0.033450,-0.041810,0.998565,3684627104
28,radius_out_of_range,208,45,28,3,12,95.000000,0.0220,8.568,-26.3560,-35.9963,12.8209,-26.1893,-36.1432,14.3359,0.120356,-0.087810,0.988840,1861300753
29,arc_coverage_low,128,47,46,25,47,50.000000,0.2420,4.033,-26.3408,-28.0643,6.7944,-26.6146,-28.1459,8.8153,-0.022514,-0.066632,0.997524,298182211
30,normal_inconsistent,192,32,22,0,11,75.000000,0.0460,13.004,-26.0654,-20.7998,-0.7264,-25.1975,-21.4290,3.8566,0.179238,-0.136052,0.974353,2725413222
31,normal_inconsistent,64,157,131,14,96,175.000000,0.0680,5.016,-26.0014,-20.7376,-1.5315,-26.0519,-20.8077,-1.1206,-0.048251,-0.072921,0.996170,4229173419
32,radius_out_of_range,80,34,33,4,11,105.000000,0.0278,14.796,-25.8124,-17.4478,0.9503,-25.9445,-17.4206,1.4495,-0.240243,0.086614,0.966841,1880675991
33,normal_inconsistent,192,49,42,4,36,90.000000,0.1389,15.311,-25.2122,-28.3554,18.4948,-25.3355,-28.3824,18.6326,-0.141717,0.222810,0.964506,371641132
34,arc_coverage_low,128,33,30,21,33,65.000000,0.1797,5.132,-25.1247,-28.3234,19.6756,-25.2988,-28.3272,19.6233,0.087161,0.020121,0.995991,876397198
35,radius_out_of_range,80,38,37,4,18,105.000000,0.0239,1.754,-24.0361,8.4124,-4.6605,-24.0744,8.4754,-2.5993,-0.014545,0.026941,0.999531,2317770659
36,arc_coverage_low,128,34,32,6,26,65.000000,0.0885,17.814,-23.4885,15.9716,-4.0324,-23.6643,15.9969,-4.4820,0.289719,0.098239,0.952057,1896763952
37,normal_inconsistent,192,41,41,6,29,90.000000,0.0512,5.020,-23.4414,-21.7763,0.5586,-23.4911,-21.7097,-0.0586,0.009758,-0.086952,0.996165,3493050436
38,radius_out_of_range,80,38,37,0,1,115.000000,0.0128,1.428,-23.1882,-22.6888,0.7203,-23.1548,-22.6948,1.8862,0.024565,-0.004206,0.999689,1056226971
39,tilt_too_large,224,32,32,2,15,90.000000,0.0553,24.033,-23.1499,7.1983,-4.4677,-23.7120,7.6158,-2.9051,-0.312058,0.261685,0.913313,3162870465
40,arc_coverage_low,128,76,66,44,76,70.000000,0.2958,2.354,-23.0001,7.0564,-5.2845,-23.2859,7.0144,-5.3723,-0.019363,-0.036218,0.999156,1011742806
41,radius_out_of_range,112,33,29,1,3,100.000000,0.0282,56.502,-22.1660,13.4928,-6.7751,-23.1174,13.2412,-6.1170,-0.806987,-0.210168,0.551907,88859490
42,ok,0,3380,2622,1771,3379,180.000000,0.2301,0.904,-21.2709,-16.0806,-0.8927,-21.3847,-16.2402,-3.3325,-0.006293,0.014468,0.999876,343978516
43,normal_inconsistent,64,102,88,9,26,125.000000,0.0442,0.638,-20.9466,-6.2881,-0.3532,-20.9759,-6.4795,-19.0037,0.000255,0.011127,0.999938,3140159896
44,radius_out_of_range,80,35,34,2,9,125.000000,0.0186,14.774,-20.9187,-13.9797,-0.9755,-20.6350,-14.3471,-2.7437,-0.158758,0.199562,0.966939,166115918
45,arc_coverage_low,128,37,36,15,37,35.000000,0.2108,1.105,-20.8762,19.4308,-3.8975,-21.0849,19.4999,-2.4640,-0.014446,-0.012773,0.999814,3145443363
46,radius_out_of_range,80,38,37,4,10,120.000000,0.0196,1.493,-20.4657,0.1328,-3.1470,-20.4946,0.1261,-3.8666,0.025011,0.007323,0.999660,2119651602
47,radius_out_of_range,80,39,38,2,7,130.000000,0.0135,9.913,-20.4460,0.3331,-1.9021,-20.5664,0.1609,-3.0693,0.095463,0.143265,0.985069,2478105565
48,ok,0,3640,3214,2266,3640,190.000000,0.2214,1.838,-19.8718,-19.7688,-0.9749,-19.9030,-19.9780,2.9701,0.023018,-0.022344,0.999485,2654005741
49,ok,0,90,83,18,80,110.000000,0.0916,4.963,-19.9456,24.8672,-2.9131,-19.9204,25.0499,-4.3907,-0.042622,-0.075277,0.996251,80876540
50,arc_coverage_low,128,96,92,74,96,60.000000,0.3781,6.632,-19.7834,25.0579,-5.5017,-20.2520,24.9160,-3.5852,-0.055416,-0.101323,0.993309,1541130720
51,tilt_too_large,96,30,28,3,7,120.000000,0.0373,32.065,-19.6788,-15.4518,-0.3237,-19.0883,-14.7362,-1.8431,-0.335577,-0.411363,0.847449,3431876338
52,normal_inconsistent,64,96,81,1,16,145.000000,0.0302,4.013,-19.6956,-17.9810,-1.3957,-19.3524,-17.9793,3.2340,0.069966,-0.001377,0.997548,2473595057
53,radius_out_of_range,80,33,32,4,7,115.000000,0.0137,8.768,-19.7196,-16.9285,-1.6228,-19.7274,-16.9131,-1.7047,0.093300,-0.120552,0.988313,1443977933
54,radius_out_of_range,80,96,90,18,31,140.000000,0.0265,0.943,-19.4118,-15.2010,-1.5346,-19.3619,-15.2225,2.4020,0.016279,-0.002444,0.999865,3048343462
55,radius_out_of_range,80,145,125,10,46,270.000000,0.0225,8.646,-19.3195,-15.5163,0.1730,-19.3586,-15.4887,-0.1710,0.116808,-0.094635,0.988635,3307577559
56,normal_inconsistent,64,35,34,7,19,105.000000,0.0309,14.553,-19.3965,-15.3920,-0.4958,-19.2813,-16.0108,1.8854,0.054689,-0.245254,0.967915,1995584818
57,ok,0,277,219,157,267,150.000000,0.1865,1.580,-19.1420,2.1170,-1.6575,-19.2628,2.1422,-0.4302,0.024793,-0.012049,0.999620,2281049804
58,ok,0,668,455,261,614,185.000000,0.2129,1.185,-19.1108,2.2140,0.5391,-19.1511,2.4508,-14.7147,-0.009395,-0.018415,0.999786,1355515813
59,tilt_too_large,224,48,26,4,19,60.000000,0.1429,38.749,-19.1019,2.0938,-0.7945,-18.8400,2.7952,0.1607,0.105567,0.616938,0.779900,2133916528
60,normal_inconsistent,64,116,102,21,82,105.000000,0.1072,9.644,-17.8368,19.4609,-3.3059,-17.9196,19.4185,-3.5376,-0.055160,0.158186,0.985867,327099127
61,normal_inconsistent,192,30,21,0,2,70.000000,0.0403,4.215,-17.7725,-38.5007,14.6415,-17.7403,-38.4983,14.1899,-0.073499,0.000052,0.997295,3297409885
62,radius_out_of_range,208,32,31,0,5,45.000000,0.0240,8.241,-17.6694,24.1894,-5.1169,-18.0245,24.6799,-1.0596,-0.083675,0.116379,0.989674,1764127141
63,radius_out_of_range,112,87,83,10,38,155.000000,0.0292,24.102,-17.0463,-5.3411,-2.3707,-17.2157,-5.0308,-1.5842,-0.173839,0.369521,0.912817,1950215781
64,radius_out_of_range,80,37,37,4,15,125.000000,0.0154,4.135,-16.9087,7.7461,-0.5046,-16.9184,7.8068,-1.3048,0.000162,-0.072100,0.997397,3114143925
65,ok,0,8319,7586,6300,8317,200.000000,0.2506,3.690,-16.5438,-11.5514,-0.2554,-16.6018,-11.5835,1.5893,0.056807,0.030243,0.997927,446990066
66,radius_out_of_range,80,32,30,1,7,130.000000,0.0139,6.991,-16.8381,7.7244,-0.8707,-16.9373,7.6702,0.0112,-0.104960,-0.061634,0.992565,884213840
67,normal_inconsistent,64,45,44,5,15,135.000000,0.0317,10.403,-16.6133,20.7170,-4.9337,-16.4937,20.8795,-6.0095,-0.120872,-0.134144,0.983563,3042490619
68,normal_inconsistent,64,33,30,1,9,100.000000,0.0321,8.240,-16.5274,20.7304,-5.6203,-16.6195,21.1615,-2.7012,-0.027456,0.140666,0.989676,3957397973
69,arc_coverage_low,128,614,584,411,603,95.000000,0.2339,3.423,-16.1075,6.4671,-2.7821,-16.1031,6.7551,-4.9846,-0.042271,-0.042159,0.998216,3451761787
70,arc_coverage_low,128,84,83,27,83,85.000000,0.1414,4.871,-16.2203,6.3955,-0.9853,-16.4251,6.4616,-3.2531,0.079778,0.029056,0.996389,333418157
71,tilt_too_large,96,72,61,0,19,120.000000,0.0530,27.004,-16.1702,6.4088,-1.7226,-16.0562,6.4343,-1.4845,0.452471,-0.037924,0.890973,2494584353
72,arc_coverage_low,128,58,58,53,58,70.000000,0.3455,8.370,-16.0717,6.4860,-3.7979,-16.1072,6.8146,-3.8336,-0.137717,0.047167,0.989348,288114770
73,tilt_too_large,160,49,48,45,49,15.000000,0.6545,24.196,-16.1735,6.3979,-1.2786,-16.3004,7.0354,-1.2876,-0.400061,-0.089090,0.912148,903354770
74,arc_coverage_low,128,75,73,24,75,65.000000,0.1894,1.706,-16.0501,6.7521,-2.0413,-16.2008,6.7037,-1.2325,0.012524,0.027015,0.999557,3311525272
75,normal_inconsistent,64,163,136,0,10,145.000000,0.0486,2.424,-16.0272,6.8059,-2.8755,-16.2627,6.7021,2.6126,-0.039443,-0.015254,0.999105,3819781345
76,radius_out_of_range,112,48,46,0,6,165.000000,0.0223,69.512,-15.9770,6.8262,-3.4424,-16.1034,6.9966,-3.5232,0.563510,-0.748299,0.350007,3639447464
77,tilt_too_large,96,81,47,2,12,115.000000,0.0399,23.333,-16.0310,6.6786,-1.5191,-15.0675,3.6542,5.8045,0.121797,-0.376880,0.918220,824760864
78,arc_coverage_low,128,65,57,40,58,45.000000,0.1648,10.299,-15.4045,-3.3653,-1.6064,-15.2648,-3.2595,-1.6989,-0.112789,0.138716,0.983888,916193221
79,arc_coverage_low,128,32,30,14,27,55.000000,0.0405,4.711,-15.3516,-5.0070,-2.5407,-15.3172,-5.0267,-2.6057,-0.016919,-0.080368,0.996622,4196267555
80,low_inlier_ratio,216,46,20,1,5,70.000000,0.0001,2.181,-15.2292,-5.1896,-2.0684,-15.2331,-5.2245,-1.2715,-0.002661,-0.037972,0.999275,3764759475
81,arc_coverage_low,128,85,85,29,84,70.000000,0.1493,6.487,-15.0852,-1.9023,-2.8335,-15.3021,-1.6437,-1.0249,-0.088573,0.070148,0.993597,776401495
82,ok,0,3320,3151,2725,3314,175.000000,0.2661,0.836,-14.9640,-1.5431,-1.7641,-15.1814,-1.5719,-0.3144,-0.004490,0.013877,0.999894,3721754241
83,ok,0,403,391,367,403,150.000000,0.2585,1.554,-14.9400,-1.4775,-0.5119,-15.1403,-1.5775,-0.3738,0.026863,0.003728,0.999632,2047269606
84,arc_coverage_low,128,32,31,31,32,40.000000,0.3511,1.793,-14.9716,-1.7593,-0.2391,-15.2028,-1.5039,-0.1739,0.018959,0.024885,0.999511,686139711
85,normal_inconsistent,192,73,38,37,44,30.000000,0.5354,4.109,-14.7296,-22.5962,2.9664,-14.6660,-23.0651,2.9458,0.010420,0.070888,0.997430,129747818
86,ok,0,146,129,56,146,145.000000,0.1042,1.602,-14.7791,-1.5300,-3.1977,-14.6965,-1.4974,-3.1301,0.019005,0.020496,0.999609,2478446672
87,normal_inconsistent,64,50,35,4,26,100.000000,0.0709,10.182,-14.6884,-22.5510,1.4391,-15.5736,-22.4357,6.2817,-0.173594,0.033428,0.984250,852163296
88,normal_inconsistent,64,120,112,11,43,135.000000,0.0453,5.878,-14.7267,0.8068,-3.0856,-14.2907,0.5748,-7.8651,-0.086569,0.054716,0.994742,1730381660
89,arc_coverage_low,128,75,68,51,74,80.000000,0.2660,2.262,-14.6364,-22.6317,2.3434,-14.6793,-22.8320,0.0501,-0.039462,0.000358,0.999221,257447850
90,radius_out_of_range,80,96,95,10,32,230.000000,0.0149,10.800,-14.6019,-1.9300,-2.8364,-14.9122,-1.6269,-5.0916,0.133109,-0.131887,0.982287,3248734450
91,radius_out_of_range,112,33,33,1,10,110.000000,0.0103,26.370,-14.1923,-3.2980,-2.4610,-13.9051,-3.4642,-3.1284,-0.381650,0.227213,0.895945,693385118
92,normal_inconsistent,192,30,27,3,14,75.000000,0.1132,18.427,-14.0227,0.0700,-2.9806,-13.8969,0.2143,-3.3026,-0.281782,-0.143234,0.948727,624933591
93,radius_out_of_range,80,65,62,8,25,160.000000,0.0246,10.002,-14.0798,12.5817,-1.3377,-13.3441,12.6680,-5.6154,-0.172760,-0.017911,0.984801,2404871630
94,low_inlier_ratio,232,45,0,0,9,0.000000,0.0671,56.917,-14.0451,7.2427,-0.5387,-14.0811,6.7013,-0.3872,0.126658,-0.828249,0.545858,3387681110
95,tilt_too_large,96,30,30,6,15,100.000000,0.0323,26.268,-13.9758,12.5238,-2.8034,-14.9216,12.8481,-0.7594,-0.414932,0.153929,0.896737,794511292
96,normal_inconsistent,192,35,33,4,13,75.000000,0.0303,1.276,-13.9787,12.5865,-2.3463,-13.9980,12.6189,-3.1551,0.002932,-0.022083,0.999752,3942390433
97,normal_inconsistent,192,42,33,0,0,95.000000,0.0385,10.595,-13.9134,7.0007,-2.0625,-13.3258,6.7709,-5.2799,-0.173623,0.060535,0.982950,1255413841
98,radius_out_of_range,80,50,50,4,24,140.000000,0.0237,5.672,-13.8957,12.5050,-3.2039,-14.2031,12.3062,0.4408,-0.081019,-0.056591,0.995105,440347069
99,radius_out_of_range,112,49,46,9,24,140.000000,0.0290,22.087,-13.8635,12.5102,-3.4879,-12.9898,13.4326,-6.6258,-0.262902,-0.268819,0.926617,3649168454
100,radius_out_of_range,80,31,30,0,8,110.000000,0.0290,15.034,-13.8367,8.4281,-2.7569,-14.0024,8.7093,-3.9427,0.139921,-0.218418,0.965772,7119669
101,arc_coverage_low,128,31,30,21,31,30.000000,0.1597,3.634,-13.7714,-5.0263,-1.8501,-13.8633,-4.8930,-1.9119,0.044807,0.044820,0.997990,3001212871
102,radius_out_of_range,80,104,104,11,38,200.000000,0.0199,10.752,-13.7928,6.7918,-3.1246,-13.7721,7.5945,1.0836,0.007517,0.186408,0.982444,3493071788
103,radius_out_of_range,80,42,42,5,12,145.000000,0.0115,19.611,-13.7441,-4.1422,-0.8108,-13.8055,-4.1147,-0.6314,-0.292563,0.164495,0.941992,711021569
104,radius_out_of_range,80,109,108,19,54,165.000000,0.0231,4.888,-13.4067,-4.3347,-2.2549,-13.3273,-4.3542,-3.3870,-0.084387,0.011803,0.996363,3500626459
105,normal_inconsistent,192,31,25,2,7,95.000000,0.0327,9.579,-13.3530,-8.6569,-2.2268,-13.3380,-8.6300,-2.3915,-0.129881,-0.104039,0.986056,3818155705
106,radius_out_of_range,112,30,30,3,8,100.000000,0.0109,28.073,-13.0312,7.8357,-3.7053,-13.0743,7.8860,-3.5874,-0.324477,0.340848,0.882348,4042465733
107,ok,0,10901,9172,7764,10901,210.000000,0.2907,0.886,-12.6397,-7.5002,-1.0541,-12.8683,-7.6154,0.0233,-0.008076,-0.013192,0.999880,1163891893
108,normal_inconsistent,192,31,27,6,21,65.000000,0.0800,1.134,-12.9791,-9.9483,-2.5498,-12.9740,-9.8757,-2.1155,-0.013723,0.014257,0.999804,2670304783
109,radius_out_of_range,80,52,51,7,17,115.000000,0.0283,9.364,-12.9618,20.1017,-0.3082,-13.0422,20.0893,0.2423,-0.162425,0.009705,0.986673,2996754493
110,radius_out_of_range,208,33,25,0,6,75.000000,0.0008,3.714,-12.8945,8.8821,-3.3825,-12.8947,8.8858,-3.2949,0.056353,-0.031945,0.997900,2841876929
111,radius_out_of_range,240,35,35,13,25,10.000000,2.7189,24.332,-12.8838,-2.8244,-2.8579,-12.4085,-0.1141,-2.0007,0.411963,-0.006977,0.911174,4016380590
112,tilt_too_large,160,31,31,30,31,15.000000,0.5631,45.704,-12.7113,-0.6558,-1.2130,-13.2708,-0.6012,-1.1818,-0.073807,-0.711922,0.698369,922267833
113,radius_out_of_range,80,34,34,3,11,125.000000,0.0081,5.441,-12.6867,-0.4935,-1.9018,-12.6828,-0.4888,-2.0113,-0.081518,-0.048421,0.995495,2190535816
114,radius_out_of_range,208,68,61,1,18,85.000000,0.0281,11.618,-12.4483,9.0116,-2.7997,-12.7037,9.2514,-1.1430,-0.153913,0.129871,0.979512,619059562
115,radius_out_of_range,112,32,32,2,11,130.000000,0.0115,74.409,-12.3290,1.9857,-3.1524,-12.2116,1.7929,-3.0882,0.523710,-0.808389,0.268766,3159608557
116,tilt_too_large,224,36,35,3,10,65.000000,0.0616,27.207,-12.2950,1.1416,-2.5059,-12.3529,1.1177,-2.4827,-0.048343,-0.454642,0.889361,882836417
117,radius_out_of_range,112,39,36,0,10,145.000000,0.0250,85.385,-12.1445,4.6465,-1.6426,-12.5541,5.0815,-1.6001,-0.682653,0.726299,0.080463,4254752134
118,radius_out_of_range,240,34,33,3,8,95.000000,0.0226,22.088,-12.1328,-6.2507,-2.0792,-12.1143,-6.2329,-2.1085,-0.366523,-0.083999,0.926610,3760147887
119,radius_out_of_range,112,81,80,7,29,185.000000,0.0149,66.850,-12.0130,1.5449,-2.9352,-12.3438,2.0256,-3.1859,0.509458,-0.765441,0.393133,1393657304
120,radius_out_of_range,80,52,52,0,8,140.000000,0.0169,6.010,-12.0038,-2.6817,-2.7819,-11.7416,-2.8328,-5.6905,-0.092043,0.049918,0.994503,655802542
121,radius_out_of_range,80,64,62,0,4,160.000000,0.0168,17.747,-11.8612,4.5265,-2.7026,-11.2725,4.7015,-4.6267,-0.292069,-0.087235,0.952410,2378871616
122,ok,0,4100,3958,3693,4100,170.000000,0.3278,0.373,-11.5082,-13.8429,-0.3183,-11.7017,-14.0444,-0.0311,0.002365,-0.006060,0.999979,2413193642
123,radius_out_of_range,208,37,34,0,3,95.000000,0.0110,9.010,-11.7846,4.3950,-3.3291,-11.7440,4.3877,-3.5216,-0.153526,0.030874,0.987662,1284812886
124,radius_out_of_range,80,43,43,4,9,145.000000,0.0131,18.118,-11.7637,2.4733,-3.2126,-11.4951,3.4095,-0.2374,0.086921,0.298586,0.950416,3904570020
125,ok,0,9405,8610,7164,9375,185.000000,0.2159,1.718,-11.5433,-3.2492,-1.2297,-11.7422,-3.2737,0.5941,-0.019523,0.022741,0.999551,3960503388
126,low_inlier_ratio,248,30,11,1,9,55.000000,0.0016,22.280,-11.6820,-2.5306,-0.5558,-11.8301,-2.5069,-0.1980,-0.375422,0.052946,0.925340,3407700208
127,radius_out_of_range,112,44,43,0,9,145.000000,0.0154,27.387,-11.7126,2.5928,-2.8348,-11.9884,2.4272,-3.4449,0.390600,0.242960,0.887920,1015768380
128,radius_out_of_range,112,61,59,7,22,175.000000,0.0147,23.517,-11.6266,0.4475,-1.0858,-12.4290,0.6456,0.8049,-0.387700,0.094403,0.916939,3567468537
129,tilt_too_large,96,37,36,0,4,100.000000,0.0661,29.204,-11.6892,1.4774,-3.0757,-11.6077,1.3789,-3.2062,-0.225153,0.432869,0.872886,309575912
130,radius_out_of_range,176,38,32,27,37,15.000000,1.1895,45.101,-11.6806,13.0926,-3.2900,-11.2460,11.9794,-3.3172,0.654949,0.269818,0.705861,4273386140
131,arc_coverage_low,128,78,78,76,78,50.000000,0.3288,2.316,-11.5984,-13.7490,0.9699,-11.7340,-14.0024,-0.4386,0.021329,-0.034330,0.999183,2687793231
132,radius_out_of_range,176,48,48,48,48,15.000000,1.8997,87.266,-11.6319,-1.1361,-0.9686,-10.3310,0.2443,-1.0446,-0.732084,0.679542,0.047697,125236382
133,radius_out_of_range,80,79,79,10,28,145.000000,0.0159,15.113,-11.6891,5.5319,-3.5524,-11.7046,5.4076,-4.0362,0.011601,0.260469,0.965412,3753867554
134,tilt_too_large,96,54,51,0,23,120.000000,0.0522,27.357,-11.5988,13.0750,-3.7735,-11.6776,13.1620,-3.5596,-0.193298,0.416908,0.888158,4161606643
135,radius_out_of_range,112,30,30,5,14,110.000000,0.0188,75.704,-11.6654,0.9400,-2.7999,-11.6508,1.1436,-2.8509,-0.005993,-0.969012,0.246939,1093294226
136,radius_out_of_range,80,62,49,2,4,120.000000,0.0126,7.589,-11.6152,6.7263,-2.1804,-11.9793,6.5233,0.9595,-0.113669,-0.067249,0.991240,348887558
137,radius_out_of_range,80,93,92,8,30,195.000000,0.0130,6.193,-11.5475,6.7359,-3.0330,-11.3885,6.6867,-4.5840,-0.102292,0.034289,0.994163,991965478
138,radius_out_of_range,80,83,81,3,12,170.000000,0.0185,0.534,-11.4518,9.0511,-1.5823,-11.4488,9.0441,-1.7886,0.003009,0.008822,0.999957,1324705127
139,radius_out_of_range,80,32,32,0,1,105.000000,0.0176,10.650,-11.4155,6.7746,-2.5353,-11.4910,6.9574,-3.6299,0.077485,-0.167774,0.982776,1880037536
140,radius_out_of_range,80,318,259,12,84,300.000000,0.0196,2.632,-11.3846,8.9716,-2.7565,-11.3361,8.5066,7.2682,0.004613,-0.045687,0.998945,3286285152
141,radius_out_of_range,112,64,61,3,3,115.000000,0.0195,24.443,-11.1943,6.6370,-2.3022,-11.5978,7.0321,-1.0921,-0.298176,0.286896,0.910374,3892505148
142,radius_out_of_range,112,55,47,1,9,180.000000,0.0280,54.355,-11.1887,-12.5410,0.3196,-11.2370,-12.7505,0.1735,0.183200,0.791724,0.582761,3387104123
143,radius_out_of_range,80,99,98,4,19,130.000000,0.0207,10.731,-11.2086,0.2172,-2.7439,-11.1074,0.2117,-3.2019,-0.186205,0.000372,0.982511,1970969482
144,radius_out_of_range,80,48,48,5,13,150.000000,0.0137,4.504,-11.1576,-5.4439,-2.1382,-11.2602,-5.4361,-0.8801,-0.078531,0.000777,0.996911,1134683811
145,radius_out_of_range,208,30,30,2,4,75.000000,0.0165,16.759,-11.1463,0.1995,-3.1478,-11.3454,0.1977,-2.5278,-0.288286,-0.006193,0.957524,1241577044
146,low_inlier_ratio,88,156,61,3,14,160.000000,0.0166,3.092,-11.0087,6.4715,-3.0593,-11.1068,6.5089,-2.8821,0.036484,0.039730,0.998544,1044326059
147,normal_inconsistent,64,115,107,10,55,190.000000,0.0337,15.583,-11.0395,-12.8064,-0.8077,-11.4899,-12.3432,1.5001,-0.180371,0.199083,0.963241,1266741612
148,radius_out_of_range,80,48,37,3,8,150.000000,0.0161,14.631,-10.9511,-2.0045,-0.0057,-10.9427,-2.0106,0.0526,0.224774,-0.115231,0.967573,280098421
149,low_inlier_ratio,88,101,39,2,16,135.000000,0.0027,2.707,-10.9177,-12.9210,-1.4408,-10.9607,-12.7601,2.0666,-0.013599,0.045233,0.998884,3213491769
150,radius_out_of_range,80,35,35,0,1,115.000000,0.0183,6.450,-10.9393,8.4661,-1.3344,-11.3939,8.5837,2.7791,-0.109137,0.026621,0.993670,1075640686
151,radius_out_of_range,80,97,96,10,32,210.000000,0.0127,13.554,-10.8975,5.9158,-0.8540,-10.9388,5.8914,-0.6658,-0.185200,-0.143616,0.972150,2091815732
152,radius_out_of_range,80,1386,1349,142,467,280.000000,0.0275,3.714,-10.8147,7.2115,-2.4917,-11.3080,7.1617,4.9478,-0.064268,-0.008091,0.997900,3420468909
153,arc_coverage_low,128,45,43,23,45,25.000000,0.1956,11.756,-10.8928,7.9791,-3.3232,-10.6916,7.9569,-3.3732,-0.075040,-0.189427,0.979023,3162607865
154,radius_out_of_range,80,129,128,16,38,205.000000,0.0143,7.069,-10.8660,6.0106,-1.2693,-10.8457,6.0421,-1.5853,-0.086272,-0.087758,0.992399,610269581
155,radius_out_of_range,208,46,46,9,26,95.000000,0.0180,2.436,-10.8937,8.1283,-3.6271,-10.9036,8.1430,-3.5593,0.022383,0.036142,0.999096,3068182617
156,tilt_too_large,160,66,58,42,63,30.000000,0.6503,84.303,-10.8814,8.1851,-2.4543,-10.2339,8.1529,-2.4050,0.037991,0.994335,0.099274,645966582
157,radius_out_of_range,112,117,116,6,25,245.000000,0.0105,23.613,-10.8376,-3.5128,-1.4340,-10.3862,-4.4964,-3.9114,-0.167821,0.363713,0.916269,3626306434
158,radius_out_of_range,80,164,155,10,48,225.000000,0.0148,6.219,-10.7989,-4.0345,-1.4919,-11.1854,-3.9473,2.1636,-0.105253,0.025625,0.994115,1518457893
159,arc_coverage_low,128,55,55,46,55,15.000000,0.5237,19.668,-10.8553,8.2766,-2.0722,-11.3751,8.3281,-2.0502,-0.015893,0.336197,0.941658,983293146
160,radius_out_of_range,80,66,65,8,22,165.000000,0.0175,8.892,-10.7925,6.0664,-1.8784,-10.8299,6.0517,-1.6547,-0.127076,-0.087990,0.987983,1308375022
161,radius_out_of_range,80,77,77,10,23,175.000000,0.0150,2.461,-10.7912,-3.6789,-1.8731,-10.7650,-3.7200,-3.0661,-0.027249,0.033183,0.999078,581981161
162,radius_out_of_range,80,140,123,8,27,260.000000,0.0119,4.079,-10.7622,7.3759,-1.9793,-10.7085,7.4081,-2.9121,-0.063284,-0.032479,0.997467,3362690615
163,radius_out_of_range,80,40,40,1,4,115.000000,0.0073,3.532,-10.7822,-6.1538,0.2034,-10.7608,-6.1082,-0.5779,-0.024386,-0.056576,0.998100,1585661854
164,radius_out_of_range,80,31,31,4,13,105.000000,0.0106,7.141,-10.7730,-3.7544,-2.1913,-10.7137,-3.8274,-2.9720,-0.083559,0.092048,0.992242,2777793305
165,normal_inconsistent,192,31,30,1,11,60.000000,0.0400,11.570,-10.7140,0.5029,-0.7708,-10.8218,0.2207,0.6931,-0.051111,-0.193950,0.979679,1482884008
166,radius_out_of_range,80,215,213,20,59,230.000000,0.0157,5.545,-10.7251,6.0773,-2.5312,-10.7393,5.6368,2.0432,-0.001582,-0.096622,0.995320,2480068115
167,radius_out_of_range,80,54,53,1,11,170.000000,0.0109,7.148,-10.7428,-3.8187,-2.6045,-10.5708,-4.0773,-0.1265,0.069556,-0.103175,0.992228,4092255839
168,radius_out_of_range,80,134,125,8,35,140.000000,0.0207,8.084,-10.6714,-4.0433,-2.2385,-11.2146,-3.9406,1.7325,-0.138464,0.024558,0.990063,3269147223
169,radius_out_of_range,240,139,132,65,84,20.000000,1.3036,73.953,-10.6571,6.0574,-3.3520,-11.2531,7.2091,-3.3882,-0.866517,-0.415613,0.276431,542574840
170,normal_inconsistent,64,52,52,0,1,105.000000,0.0309,11.449,-10.6900,-6.1116,-0.4303,-11.7694,-6.2410,5.0587,-0.196910,-0.025032,0.980102,3674792389
171,radius_out_of_range,80,164,163,18,54,210.000000,0.0140,1.440,-10.6344,7.4158,-3.0780,-10.5969,7.3949,-5.1219,-0.022297,0.011591,0.999684,1315094567
172,tilt_too_large,96,190,180,9,74,295.000000,0.0568,80.208,-10.5162,-8.4026,-2.3746,-11.0781,-8.1750,-2.4813,0.918128,-0.357934,0.170069,1982001370
173,radius_out_of_range,80,74,74,14,35,155.000000,0.0202,11.770,-10.6271,0.6053,-1.2910,-10.5562,0.7021,-1.9003,-0.137800,-0.150398,0.978975,166898996
174,normal_inconsistent,64,372,338,9,71,240.000000,0.0311,10.297,-10.5667,-5.9065,-1.5475,-10.2240,-5.5995,-4.0188,-0.129286,-0.123438,0.983894,456345914
175,tilt_too_large,224,38,20,0,5,75.000000,0.0553,30.922,-10.4367,-11.7549,-1.3427,-10.5151,-11.9364,-1.7614,0.324139,0.398748,0.857866,4250001908
176,radius_out_of_range,240,36,35,0,2,80.000000,0.0232,31.024,-10.5463,7.3919,-3.6487,-10.6991,7.4691,-3.3383,-0.458389,0.235624,0.856949,485495741
177,radius_out_of_range,80,86,86,7,28,185.000000,0.0218,12.982,-10.5435,0.6641,-1.7004,-10.5438,0.7224,-1.9416,-0.049288,-0.219173,0.974440,1570920887
178,radius_out_of_range,80,247,240,21,84,250.000000,0.0265,9.450,-10.4280,0.7615,-2.3670,-10.5421,0.5428,-0.9068,-0.066960,-0.149919,0.986428,587476757
179,radius_out_of_range,208,33,31,0,1,75.000000,0.0173,2.383,-10.3840,6.7445,-2.6439,-10.5913,6.2199,-16.2051,0.014695,0.038905,0.999135,3279499873
180,radius_out_of_range,80,56,56,0,6,165.000000,0.0136,15.006,-10.3516,6.6087,-3.4612,-10.6264,6.4876,-2.3475,-0.234813,-0.109089,0.965900,1430789230
181,tilt_too_large,96,31,26,0,3,115.000000,0.0362,45.443,-10.3516,-11.7151,-2.0257,-10.4048,-11.8644,-2.1746,0.286288,0.652508,0.701621,922282650
182,radius_out_of_range,176,53,53,49,53,10.000000,1.0377,48.070,-10.2752,-8.5572,-2.2150,-11.2094,-8.9997,-2.2873,-0.402719,0.625536,0.668223,1810587994
183,ok,0,13483,12728,11386,13334,185.000000,0.3346,3.500,-9.9398,2.6090,-1.3343,-10.1550,2.6436,-1.8231,-0.060489,-0.008269,0.998135,2324796951
184,arc_coverage_low,128,41,40,35,41,70.000000,0.1816,1.859,-10.1908,23.4476,1.0367,-10.3222,23.5471,1.6286,0.025958,0.019445,0.999474,1132023695
185,tilt_too_large,160,119,119,0,114,70.000000,0.1833,23.981,-10.2151,-8.9076,-2.3308,-10.5590,-8.6048,-3.0298,0.214739,-0.345070,0.913681,1617734095
186,radius_out_of_range,80,63,59,7,22,200.000000,0.0127,11.167,-10.1596,-4.8658,-0.7037,-10.1293,-4.5012,-2.5514,-0.017584,-0.192870,0.981067,4196265991
187,arc_coverage_low,128,38,38,19,38,85.000000,0.1548,4.446,-10.0085,42.1460,15.2439,-9.4876,42.2379,22.2940,0.077400,-0.004175,0.996991,2180561186
188,radius_out_of_range,208,30,27,1,3,75.000000,0.0161,6.403,-10.0189,0.7814,-2.4444,-9.8348,0.8385,-0.6747,0.108227,0.026935,0.993761,721430579
189,radius_out_of_range,112,99,99,2,20,255.000000,0.0195,33.025,-10.0358,12.1248,-1.9712,-10.0160,12.1720,-2.0484,-0.255128,-0.481605,0.838431,3650413118
190,radius_out_of_range,208,33,32,5,14,75.000000,0.0103,0.595,-10.0307,-1.6779,-2.3011,-10.1046,-1.7309,5.8457,-0.008106,-0.006490,0.999946,1776936978
191,ok,0,51,51,13,41,115.000000,0.0758,2.893,-9.8949,-6.6373,-1.1355,-10.0208,-6.4986,-4.9372,0.020208,-0.046254,0.998725,3032424360
192,normal_inconsistent,192,32,30,0,6,95.000000,0.0460,14.396,-9.9230,0.5575,-1.1312,-10.3296,-0.4937,3.2470,-0.093588,-0.230336,0.968600,1357622580
193,radius_out_of_range,80,307,306,33,120,180.000000,0.0260,14.931,-9.8328,12.2811,-2.6886,-10.1421,11.9910,-1.0886,-0.180359,-0.184007,0.966236,309886257
194,radius_out_of_range,80,82,77,5,19,145.000000,0.0201,3.031,-9.6895,3.6836,-0.4248,-9.6763,3.6873,-0.4120,0.039895,-0.034697,0.998601,1602612649
195,radius_out_of_range,112,37,37,1,6,135.000000,0.0081,39.623,-9.7216,-6.9965,-1.8294,-9.6549,-7.1030,-1.9801,-0.348729,0.533936,0.770260,4081241037
196,radius_out_of_range,80,108,86,13,18,125.000000,0.0136,1.004,-9.6844,12.3851,-3.2322,-9.6709,12.3040,-8.5846,-0.004059,0.017049,0.999846,2395272037
197,normal_inconsistent,64,144,138,15,57,165.000000,0.0356,5.857,-9.6662,2.6610,-2.9275,-9.6136,2.7563,-4.0292,-0.027128,-0.098371,0.994780,343018902
198,low_inlier_ratio,200,175,63,47,63,35.000000,0.3619,2.969,-9.6541,0.9555,-2.4191,-10.0232,0.7942,-2.0373,-0.012773,0.050204,0.998657,3147561240
199,low_inlier_ratio,200,40,18,2,28,60.000000,0.0782,2.889,-9.6515,6.1144,-1.1413,-9.6651,6.0515,-0.0345,-0.005279,-0.050121,0.998729,2578389344
200,radius_out_of_range,112,132,132,20,55,175.000000,0.0282,20.792,-9.5391,12.4069,-3.7171,-10.2363,12.1187,-1.7405,-0.324384,-0.144146,0.934878,3934874446
201,radius_out_of_range,80,109,104,3,18,215.000000,0.0257,9.782,-9.4738,-2.9371,-1.1144,-9.5244,-2.9999,-0.6124,-0.121640,-0.118608,0.985462,1429127670
202,radius_out_of_range,240,32,32,0,0,60.000000,0.0241,33.368,-9.4856,4.1974,-1.4805,-7.8919,3.7423,-4.0359,-0.529009,0.150573,0.835151,2018764984
203,radius_out_of_range,80,185,179,12,62,230.000000,0.0152,5.633,-9.4237,-3.0065,-1.7485,-9.4061,-3.0381,-2.1396,-0.065799,0.072846,0.995170,747031683
204,radius_out_of_range,176,49,49,44,49,15.000000,1.0360,42.682,-9.3667,-1.3719,-1.4701,-9.1278,-2.3771,-1.5110,0.672946,0.082052,0.735127,2781217173
205,radius_out_of_range,80,58,57,10,26,155.000000,0.0251,8.000,-9.3991,-14.4760,-0.1816,-9.3518,-14.5250,0.3248,0.116698,-0.075825,0.990269,2388806416
206,normal_inconsistent,64,41,38,1,8,115.000000,0.0338,12.441,-9.3530,-3.0581,-2.1972,-9.0815,-2.5144,0.6046,0.097221,0.192247,0.976519,2434573542
207,radius_out_of_range,80,62,61,8,22,150.000000,0.0144,19.644,-9.3938,2.9072,-2.6974,-9.3875,3.0257,-2.3767,0.044027,0.333277,0.941800,1862270839
208,radius_out_of_range,80,38,37,5,14,120.000000,0.0141,15.617,-9.3664,2.9941,-2.3771,-9.4518,2.8450,-2.9943,0.122704,0.239610,0.963084,2001395482
209,radius_out_of_range,80,49,49,6,15,105.000000,0.0166,3.458,-9.3727,-3.0762,-2.4177,-9.3695,-3.0835,-2.6545,-0.058854,0.013217,0.998179,1493799962
210,radius_out_of_range,80,68,64,6,23,170.000000,0.0250,14.864,-9.3030,-14.6280,1.0454,-9.4363,-14.3184,-0.2624,0.088964,-0.240606,0.966537,2566572238
211,normal_inconsistent,64,99,85,2,36,170.000000,0.0412,18.832,-9.2233,1.4654,-0.4284,-9.2370,1.4411,-0.3489,-0.315300,-0.069145,0.946470,689258454
212,radius_out_of_range,112,146,145,5,31,245.000000,0.0206,41.522,-9.1904,-0.8668,-2.4632,-9.2651,-0.7306,-2.6410,0.288619,-0.596780,0.748700,3455944394
213,radius_out_of_range,80,223,223,21,54,265.000000,0.0165,6.952,-9.1466,1.5062,-2.0601,-9.0988,1.6278,-3.1340,-0.049336,-0.110530,0.992647,3399355952
214,radius_out_of_range,240,31,31,1,1,95.000000,0.0124,22.250,-9.1382,9.3492,-1.6025,-9.4523,9.5057,-0.7253,-0.338214,0.170253,0.925540,2935873815
215,low_inlier_ratio,232,65,31,0,6,75.000000,0.0569,22.314,-8.8480,3.2314,-2.4605,-7.2137,1.6417,2.8497,0.269404,-0.267549,0.925116,3711755273
216,radius_out_of_range,80,68,66,5,17,170.000000,0.0177,15.521,-9.0518,1.6209,-2.8107,-8.3756,2.3929,-6.5256,-0.177602,-0.200149,0.963534,2630258165
217,normal_inconsistent,192,35,30,0,19,75.000000,0.0463,14.951,-9.0037,12.8145,-2.5560,-11.6748,13.9496,8.4039,-0.236922,0.102101,0.966149,1874210172
218,radius_out_of_range,80,113,107,6,22,200.000000,0.0211,18.406,-8.8930,8.3401,-0.9697,-9.4240,8.7801,-3.0297,0.241069,-0.203910,0.948845,2996238153
219,radius_out_of_range,208,50,47,4,14,95.000000,0.0145,4.321,-8.9100,-11.8900,0.9117,-8.8883,-12.1897,-3.1056,-0.004123,0.075224,0.997158,2529350173
220,ok,0,224,222,182,224,110.000000,0.2207,11.221,-8.7848,14.5615,-0.9207,-8.8532,14.8134,-0.3332,-0.163286,0.105858,0.980883,3545358676
221,radius_out_of_range,80,56,55,9,18,150.000000,0.0146,6.739,-8.9160,-11.9980,-0.0532,-8.9384,-11.9844,0.1821,-0.071543,0.093005,0.993092,3740843658
222,radius_out_of_range,80,69,69,7,22,155.000000,0.0154,4.420,-8.9164,-11.9678,0.3129,-8.9186,-11.9604,0.4939,0.023248,0.073474,0.997026,555218645
223,ok,0,505,483,345,505,175.000000,0.2417,4.455,-8.6182,14.5911,-1.4995,-8.3240,14.5055,-7.0257,-0.067607,0.038259,0.996978,2746695453
224,radius_out_of_range,80,45,43,2,6,130.000000,0.0196,6.409,-8.8746,-12.0800,-0.8982,-8.9010,-12.1040,-0.6207,-0.072638,-0.084765,0.993750,2062510748
225,ok,0,824,780,556,824,190.000000,0.2279,4.211,-8.5390,14.4968,-2.2151,-8.6350,14.6523,-1.9797,-0.021625,0.070174,0.997300,3159127668
226,radius_out_of_range,80,44,44,3,14,125.000000,0.0155,6.888,-8.8054,-12.0917,-1.4965,-8.5544,-12.1795,-3.7075,-0.114462,0.035774,0.992783,665224689
227,ok,0,585,561,518,585,175.000000,0.2671,1.634,-8.5452,-35.0736,6.8273,-8.5588,-35.3061,5.5174,-0.023761,0.015777,0.999593,3569438846
228,radius_out_of_range,80,34,32,1,8,125.000000,0.0228,14.480,-8.7914,0.8232,0.1324,-8.7762,0.8096,0.2227,0.154060,-0.196946,0.968234,3413045687
229,arc_coverage_low,128,52,52,41,52,95.000000,0.2469,4.641,-8.5626,-35.0703,9.1758,-8.6132,-35.2696,9.1432,-0.077238,-0.024089,0.996722,2820586041
230,radius_out_of_range,112,39,39,6,14,140.000000,0.0100,50.775,-8.7011,1.6881,-0.9974,-8.8809,1.1698,-0.5517,-0.246452,-0.734420,0.632367,3511023352
231,normal_inconsistent,192,33,33,4,11,75.000000,0.0383,3.468,-8.6295,-0.2908,-0.7825,-8.6101,-0.2644,-1.0488,-0.060202,0.005828,0.998169,3822535972
232,radius_out_of_range,112,62,62,2,9,150.000000,0.0148,24.022,-8.6101,8.5229,-1.5130,-8.6774,8.6458,-1.2244,-0.199438,0.354879,0.913392,2925820129
233,radius_out_of_range,112,45,41,0,12,160.000000,0.0194,48.582,-8.5916,7.1859,-1.9373,-9.0522,6.4732,-2.6909,0.410976,0.627260,0.661546,3177540938
234,normal_inconsistent,192,35,35,4,26,70.000000,0.0828,14.875,-8.5688,14.3193,-3.1379,-8.2029,14.2930,-1.8042,0.247772,-0.067166,0.966487,1852735402
235,arc_coverage_low,128,32,22,5,32,55.000000,0.0845,0.227,-8.5311,7.0288,-1.8920,-8.4905,7.1124,-1.6507,-0.000317,0.003944,0.999992,2391800403
236,radius_out_of_range,240,44,41,0,3,90.000000,0.0260,23.496,-8.5182,-2.2346,-1.6764,-8.3914,-2.2244,-1.9676,-0.393692,-0.062900,0.917088,333384752
237,tilt_too_large,96,64,54,0,1,140.000000,0.0793,55.526,-8.2907,3.3871,-2.1959,-7.1648,2.3016,-1.1090,0.600477,-0.564831,0.566033,3826305847
238,arc_coverage_low,128,32,32,18,32,70.000000,0.1840,7.891,-8.3950,-35.1330,7.4163,-8.5181,-35.2736,7.6591,0.026968,-0.134611,0.990531,2825387011
239,arc_coverage_low,128,44,43,43,44,45.000000,0.3596,6.407,-8.3820,-35.1373,6.2493,-8.6827,-35.3247,6.3656,-0.072273,0.085021,0.993755,1554235824
240,tilt_too_large,224,54,31,0,16,85.000000,0.0468,39.302,-8.1357,3.5358,-2.1274,-7.0253,2.7747,-3.7422,-0.515334,0.368284,0.773820,2793440136
241,normal_inconsistent,64,82,74,5,25,110.000000,0.0520,2.015,-8.3888,14.2569,-3.7931,-8.3829,14.2397,-4.2290,0.026999,-0.022528,0.999382,3325294041
242,radius_out_of_range,112,170,169,11,50,215.000000,0.0165,30.859,-8.3509,1.6859,-1.1842,-8.4116,1.3941,-0.6852,-0.090109,-0.504957,0.858428,93291980
243,radius_out_of_range,112,51,48,7,20,130.000000,0.0183,51.064,-8.3152,1.1236,-0.4078,-8.4588,1.5014,-0.7388,0.249979,-0.736581,0.628457,683216644
244,tilt_too_large,224,44,33,4,22,95.000000,0.0544,30.387,-8.2827,1.4660,0.1360,-8.1826,1.3833,0.3184,0.483933,-0.147235,0.862630,253895886
245,radius_out_of_range,176,122,84,47,95,10.000000,1.2407,67.070,-8.1756,-9.9507,0.8500,-7.7983,-8.7672,0.9872,0.865783,-0.314046,0.389608,2795680954
246,low_inlier_ratio,88,365,157,5,27,265.000000,0.0001,5.117,-8.1006,-10.0727,0.0953,-8.0999,-10.1007,0.1305,-0.089080,0.004348,0.996015,284455035
247,radius_out_of_range,144,33,33,33,33,20.000000,1.2199,6.603,-8.0420,-16.8972,-1.4731,-8.6088,-15.8179,-1.4358,-0.079497,-0.083083,0.993367,678816729
248,radius_out_of_range,112,122,112,8,34,285.000000,0.0185,39.793,-8.1294,7.2422,-0.3826,-8.0539,6.5435,-1.2318,-0.069141,0.636275,0.768358,1468730797
249,tilt_too_large,96,33,33,0,8,100.000000,0.0344,22.231,-8.1453,6.7999,-1.3949,-8.3051,6.9783,-0.8491,-0.243191,0.289828,0.925666,1371421822
250,normal_inconsistent,64,180,123,2,40,210.000000,0.0343,10.306,-7.9894,-10.1690,-1.0706,-8.2375,-10.1322,0.2988,-0.177171,0.024816,0.983867,187793837
251,low_inlier_ratio,216,55,1,0,22,5.000000,0.0096,4.196,-8.0756,2.1696,-1.7857,-8.0647,2.1512,-2.0033,-0.067664,0.027859,0.997319,1807529004
252,radius_out_of_range,80,244,233,25,67,255.000000,0.0243,7.946,-8.0124,-10.1172,-0.5700,-7.9458,-10.2248,-1.4519,-0.084818,0.109152,0.990400,8164800
253,normal_inconsistent,64,56,56,0,10,155.000000,0.0330,5.872,-8.0444,-0.6128,-0.3142,-7.8218,-0.5802,1.6810,0.100929,0.016750,0.994753,1119901271
254,radius_out_of_range,80,46,46,6,15,130.000000,0.0261,17.200,-8.0317,2.1171,-2.4104,-7.4641,2.4014,-4.4432,-0.267469,-0.126100,0.955280,3026806911
255,normal_inconsistent,192,80,58,41,54,35.000000,0.2805,15.845,-7.9582,-9.5915,0.6873,-8.1719,-9.7484,0.6487,0.132181,-0.238908,0.962004,1787886199
256,radius_out_of_range,80,74,72,0,5,145.000000,0.0153,7.005,-7.9628,11.0832,-3.1599,-8.3238,11.1994,-0.0004,-0.115695,0.038583,0.992535,619004426
257,low_inlier_ratio,216,31,15,0,7,60.000000,0.0006,5.862,-7.9318,8.8443,-2.5032,-6.5592,9.4277,-17.0332,-0.093798,-0.040416,0.994771,2509757707
258,radius_out_of_range,80,43,43,1,7,145.000000,0.0075,18.643,-7.9302,10.9139,-2.4748,-7.8946,10.8564,-2.2744,0.163747,-0.274539,0.947531,3195685532
259,arc_coverage_low,128,33,21,19,33,15.000000,0.7437,0.266,-7.8679,-6.2202,-2.0143,-8.1851,-5.5314,-1.9550,-0.004190,0.002012,0.999989,701077175
260,arc_coverage_low,128,50,50,45,50,25.000000,0.5512,1.079,-7.8378,-19.8683,-1.0604,-7.6794,-19.3431,-1.1002,0.018212,-0.004789,0.999823,349705754
261,normal_inconsistent,192,41,41,8,28,95.000000,0.0356,14.036,-7.8656,-10.2080,-1.8315,-7.9570,-10.1921,-1.4927,-0.211735,0.118263,0.970145,218800633
262,normal_inconsistent,192,41,40,0,4,95.000000,0.0315,16.995,-7.8192,9.9101,-1.4365,-7.8370,9.6056,-2.4981,0.002614,0.292274,0.956331,80210391
263,arc_coverage_low,128,279,267,230,273,55.000000,0.5741,7.516,-7.2766,-6.0889,-1.9897,-7.6371,-6.5193,-1.9942,0.125610,-0.036467,0.991409,1290219472
264,radius_out_of_range,80,71,71,3,13,195.000000,0.0107,4.754,-7.5708,-2.6543,-1.2357,-7.5787,-2.6465,-1.3497,0.039190,-0.073020,0.996560,1273723083
265,normal_inconsistent,192,36,35,1,15,95.000000,0.0590,13.594,-7.4708,3.8289,-0.5316,-6.6235,3.4513,3.4021,0.218387,-0.086880,0.971987,1369320141
266,tilt_too_large,96,41,41,10,28,105.000000,0.0608,23.972,-7.3442,38.2685,19.3541,-7.2208,38.3624,19.0334,-0.386399,-0.125578,0.913743,2042216669
267,radius_out_of_range,112,33,33,0,10,100.000000,0.0233,35.664,-7.2675,8.5893,-1.2080,-7.2721,8.4944,-1.3426,-0.042656,0.581473,0.812446,61681617
268,radius_out_of_range,176,53,51,33,51,10.000000,22.8128,67.193,-7.1798,38.5488,20.4306,-1.1312,16.5462,20.0109,0.883639,0.262538,0.387628,2865541942
269,radius_out_of_range,80,57,55,8,21,155.000000,0.0179,9.702,-7.1844,8.5063,-1.6777,-6.9968,8.5828,-2.8771,-0.159170,-0.055360,0.985698,1388648489
270,normal_inconsistent,64,84,78,1,18,135.000000,0.0438,4.089,-7.1144,-0.2027,0.2697,-7.1722,-0.1438,1.1516,-0.055362,0.044927,0.997455,664934237
271,normal_inconsistent,64,53,52,2,17,115.000000,0.0391,10.294,-7.0503,8.3303,-2.1755,-7.3829,8.4562,-0.3763,-0.166493,0.064892,0.983905,937773786
272,normal_inconsistent,64,267,258,9,49,205.000000,0.0483,8.870,-6.9324,-0.5659,-0.6912,-7.1575,-1.3015,4.1728,-0.038745,-0.149252,0.988040,3826744895
273,tilt_too_large,224,31,31,0,15,60.000000,0.0428,21.808,-6.9088,-0.4570,-1.3810,-6.9758,-0.4496,-1.4498,0.350357,-0.123556,0.928431,1968347898
274,normal_inconsistent,192,59,46,10,27,80.000000,0.0435,7.746,-6.9230,-0.1911,-0.6175,-6.9511,-0.2023,-0.6883,-0.130976,0.031820,0.990875,1048867197
275,radius_out_of_range,80,96,93,1,6,165.000000,0.0208,4.959,-6.9444,-0.6485,0.4525,-7.1165,-0.3382,4.5709,-0.044427,0.074144,0.996257,309509003
276,radius_out_of_range,208,37,27,2,16,90.000000,0.0077,6.394,-6.9440,-0.6464,-0.0611,-6.9175,-0.6152,0.2864,0.095322,0.057580,0.993780,3534065720
277,radius_out_of_range,240,222,209,79,152,15.000000,2.8277,79.258,-6.9096,-0.4958,-1.8433,-4.1345,0.0044,-1.7741,-0.188332,0.964258,0.186379,4193489573
278,radius_out_of_range,80,153,146,12,36,235.000000,0.0212,3.885,-6.8918,-0.1661,-1.1044,-6.8910,0.2244,4.6833,0.001791,0.067728,0.997702,1087127034
279,radius_out_of_range,80,34,32,1,9,105.000000,0.0255,0.551,-6.9229,11.4757,-2.4919,-6.9212,11.4685,-1.8429,-0.000295,0.009608,0.999954,3497715616
280,radius_out_of_range,240,30,30,1,3,75.000000,0.0285,62.335,-6.8874,-0.6300,0.1248,-6.8683,-0.6533,0.1489,0.880157,-0.098720,0.464304,3491622019
281,radius_out_of_range,80,68,68,8,20,205.000000,0.0136,13.519,-6.8671,11.1932,-0.6664,-6.9237,11.1300,-0.3148,-0.145892,-0.182656,0.972292,408645440
282,radius_out_of_range,80,217,212,17,54,280.000000,0.0106,3.907,-6.8385,-0.2257,-1.8368,-6.8448,-0.2249,-1.8014,-0.063905,0.023628,0.997676,3287162416
283,radius_out_of_range,80,49,49,6,20,140.000000,0.0177,5.210,-6.7940,0.7692,-2.1554,-6.8096,0.7679,-2.1173,-0.087699,-0.023537,0.995869,2410196161
284,tilt_too_large,96,37,37,0,7,120.000000,0.0400,30.761,-6.7826,-10.0822,0.6851,-6.8055,-10.1050,0.6595,0.130489,0.494527,0.859311,2360622512
285,radius_out_of_range,112,88,87,8,26,225.000000,0.0106,23.209,-6.7236,5.0103,-1.6214,-6.6788,5.0656,-1.7898,-0.261180,-0.295113,0.919072,2664113563
286,radius_out_of_range,208,43,43,3,30,95.000000,0.0229,16.132,-6.6521,1.1903,-1.8517,-6.6312,1.2007,-1.8882,-0.256284,0.107342,0.960623,2197916766
287,radius_out_of_range,80,98,89,4,11,165.000000,0.0263,2.933,-6.6262,1.1634,-1.0875,-6.5882,1.1978,-1.8490,-0.038152,-0.034105,0.998690,2028172215
288,radius_out_of_range,80,32,31,5,13,105.000000,0.0121,16.138,-6.5680,6.8008,-0.0696,-6.7310,6.8741,0.5387,-0.256254,0.107666,0.960594,3175686348
289,radius_out_of_range,80,221,220,30,91,215.000000,0.0238,3.579,-6.5015,3.8311,0.0125,-6.6790,3.8166,2.6778,-0.061757,-0.009124,0.998049,1528714735
290,radius_out_of_range,80,70,69,1,4,115.000000,0.0146,2.734,-6.4949,1.1921,-0.6812,-6.5852,1.2495,-2.7052,0.040422,-0.025328,0.998862,775370532
291,radius_out_of_range,80,463,458,40,160,250.000000,0.0258,2.411,-6.3926,6.5786,-1.5312,-6.3840,6.7180,1.5753,0.006020,0.041627,0.999115,394596328
292,arc_coverage_low,128,43,40,28,39,70.000000,0.0517,5.446,-6.3470,-17.5941,1.2153,-6.3299,-17.6374,1.0382,-0.086547,-0.038969,0.995485,4226434878
293,tilt_too_large,96,74,72,1,37,120.000000,0.0608,41.133,-6.2986,6.5334,-0.8781,-6.4337,6.5840,-1.0384,0.657785,-0.006163,0.753180,2695767206
294,normal_inconsistent,192,70,67,30,50,35.000000,0.1282,15.942,-6.3459,11.9195,-1.2505,-6.4060,12.0343,-1.2871,-0.205555,-0.182184,0.961538,2883901641
295,ok,0,16860,14903,11081,16851,190.000000,0.2813,2.420,-5.9965,-2.5703,-0.2840,-6.2109,-2.6992,-1.0976,0.038871,0.016477,0.999108,97870011
296,radius_out_of_range,80,121,121,9,32,155.000000,0.0288,3.728,-6.3195,-0.3953,-1.3798,-6.4916,-0.4543,1.1679,-0.062936,-0.016328,0.997884,1152860286
297,normal_inconsistent,64,59,54,4,17,120.000000,0.0438,18.288,-6.2680,-0.0128,0.1373,-6.2835,-0.0020,0.1955,-0.234909,-0.208038,0.949494,994104107
298,radius_out_of_range,80,151,137,0,18,230.000000,0.0180,4.987,-6.2997,11.9572,-1.6464,-6.2258,12.0522,-2.9858,-0.057440,-0.065246,0.996215,499895813
299,normal_inconsistent,64,95,71,2,37,120.000000,0.0553,19.458,-6.2654,11.9759,-2.3370,-6.0648,11.7429,-1.4725,0.185125,-0.276933,0.942888,2102412561
300,radius_out_of_range,80,528,524,64,193,230.000000,0.0253,8.761,-6.2114,3.8036,-1.6828,-6.0840,3.8817,-2.6935,-0.137385,-0.065773,0.988332,1097949325
301,tilt_too_large,96,35,30,0,6,120.000000,0.0332,76.635,-6.2302,18.8874,-2.0460,-6.1266,18.5756,-1.9728,0.263803,-0.936472,0.231147,3250321575
302,normal_inconsistent,64,121,117,7,27,145.000000,0.0381,3.127,-6.2367,6.6214,-0.4036,-6.4101,7.1153,8.8783,-0.016350,0.052047,0.998511,2260585441
303,tilt_too_large,96,82,71,0,11,225.000000,0.0391,48.296,-6.1596,21.5968,-4.3762,-3.7774,21.0651,-2.1953,0.728433,-0.163639,0.665288,2421005845
304,low_inlier_ratio,72,165,77,0,0,165.000000,0.0309,17.833,-6.1560,2.7466,-0.9793,-6.2618,2.8360,-1.5611,0.216020,-0.217079,0.951952,2364755534
305,radius_out_of_range,80,35,34,2,13,120.000000,0.0183,6.352,-6.1884,-17.7456,0.3765,-6.0770,-17.9108,-1.3619,-0.066385,0.088498,0.993862,1091145311
306,radius_out_of_range,80,57,57,6,17,100.000000,0.0196,2.484,-6.1874,-17.8169,-0.0012,-6.2146,-17.8481,-0.6924,0.032484,0.028698,0.999060,3459174580
307,arc_coverage_low,128,75,72,66,75,75.000000,0.2550,1.030,-6.0374,37.9189,1.5212,-6.1620,38.0664,-1.1085,-0.000175,0.017981,0.999838,3356529867
308,ok,0,507,492,440,506,170.000000,0.2464,2.616,-5.8661,21.6360,-1.6885,-5.8893,21.6558,2.1045,0.012716,-0.043839,0.998958,2055868293
309,ok,0,2536,2334,1816,2513,165.000000,0.2719,3.557,-5.8826,21.6206,-3.0888,-6.0171,21.9158,-0.5449,-0.057889,0.022336,0.998073,2440791403
310,radius_out_of_range,80,32,32,0,2,125.000000,0.0107,11.255,-6.0910,2.7597,-1.5539,-6.0786,2.7116,-1.3092,0.044984,-0.189925,0.980768,3104605693
311,normal_inconsistent,64,216,135,3,74,280.000000,0.0392,15.735,-5.9833,2.7964,-2.0454,-4.9803,2.3267,-5.8939,-0.248256,0.109151,0.962525,1294154186
312,radius_out_of_range,80,218,216,23,80,220.000000,0.0210,6.752,-6.0481,5.2389,0.0051,-6.0851,5.2528,0.2537,-0.115398,0.022472,0.993065,461718053
313,normal_inconsistent,192,33,33,0,2,90.000000,0.0492,8.641,-6.0102,-17.8599,-0.8384,-5.7754,-18.0105,-2.8691,-0.124724,0.083766,0.988649,2453034669
314,radius_out_of_range,80,63,57,3,19,145.000000,0.0238,14.317,-5.8653,-3.8639,-1.6253,-5.8743,-3.8866,-1.5475,-0.195171,-0.151853,0.968942,2900457389
315,radius_out_of_range,80,93,65,0,19,210.000000,0.0258,13.079,-5.8098,2.9535,-1.6749,-6.2548,3.2165,0.5759,-0.194488,0.115694,0.974058,1377579549
316,ok,0,449,418,271,449,135.000000,0.1435,2.458,-5.7742,-20.1083,-0.4220,-5.7312,-19.9709,-6.5498,-0.003841,-0.042711,0.999080,2585180552
317,normal_inconsistent,64,93,90,6,57,150.000000,0.0453,15.757,-5.8492,-2.6234,-1.7957,-5.8487,-2.6522,-1.9599,0.139319,0.233101,0.962421,1114726848
318,radius_out_of_range,80,238,219,14,48,235.000000,0.0208,5.510,-5.8017,11.7482,-2.6683,-4.3749,12.4106,13.6945,0.087232,0.040144,0.995379,2371077285
319,ok,0,548,519,361,547,150.000000,0.1515,1.818,-5.6949,-20.1267,0.5482,-5.7314,-20.2530,0.1994,0.021637,0.023211,0.999496,2018401343
320,radius_out_of_range,80,889,841,51,251,260.000000,0.0240,1.259,-5.7533,-8.2353,0.4436,-5.7642,-8.2139,1.8335,-0.002986,0.021770,0.999759,846960149
321,tilt_too_large,96,50,44,0,13,130.000000,0.0396,47.027,-5.7381,0.3360,-0.5858,-6.6009,-0.6610,-1.8193,0.469933,0.560810,0.681656,3680379644
322,radius_out_of_range,80,64,57,6,22,190.000000,0.0143,13.650,-5.7383,0.0430,0.1434,-5.7314,0.0152,0.2495,0.012792,-0.235638,0.971757,4293877725
323,radius_out_of_range,112,32,32,4,13,110.000000,0.0206,38.674,-5.7433,2.4848,-0.9964,-7.0754,-0.9873,3.6468,-0.221834,-0.584186,0.780716,3707219454
324,tilt_too_large,96,65,54,0,9,110.000000,0.0335,42.140,-5.7363,-2.8397,-1.8547,-5.7630,-2.8578,-1.8383,0.592315,-0.315175,0.741504,1299868967
325,radius_out_of_range,80,109,101,14,38,180.000000,0.0218,10.319,-5.7255,4.9529,-2.0681,-6.1425,5.0253,0.2708,-0.176283,0.031795,0.983826,3680824889
326,radius_out_of_range,80,39,38,1,5,145.000000,0.0199,13.007,-5.7101,-8.2653,-0.6036,-5.8172,-8.1689,0.0096,-0.163692,0.154478,0.974342,2873990818
327,radius_out_of_range,80,36,33,3,10,125.000000,0.0000,0.757,-5.7299,-7.9741,-1.3440,-5.7359,-7.9807,-2.0961,0.007839,0.010633,0.999913,3109154400
328,radius_out_of_range,80,241,240,22,86,235.000000,0.0215,11.143,-5.6629,-8.3139,-0.9882,-5.3919,-8.5066,-2.6863,-0.161368,0.106331,0.981149,1127100240
329,radius_out_of_range,80,339,337,19,78,355.000000,0.0132,3.507,-5.6671,0.4981,-1.6424,-5.8036,0.2367,3.1706,-0.028516,-0.054110,0.998128,2527130618
330,radius_out_of_range,80,177,144,16,44,215.000000,0.0159,0.743,-5.5984,-13.5562,0.1698,-5.6132,-13.5154,4.4254,-0.001954,0.012827,0.999916,3018839094
331,radius_out_of_range,80,120,120,12,30,300.000000,0.0092,3.828,-5.6672,1.5220,-1.9420,-5.3802,1.6349,-6.5501,-0.062142,-0.024393,0.997769,747601445
332,radius_out_of_range,80,81,71,2,11,220.000000,0.0149,15.021,-5.5298,2.8043,-0.7649,-5.5164,2.8526,-0.9443,-0.039012,-0.256223,0.965830,4003098672
333,ok,0,466,419,349,464,145.000000,0.2740,3.331,-5.3462,30.0169,-2.2880,-5.2897,30.2510,-4.1753,-0.058085,-0.001432,0.998311,1644293657
334,radius_out_of_range,80,208,208,25,87,190.000000,0.0275,9.791,-5.5685,-8.3858,-1.5617,-5.4211,-8.5435,-2.7884,-0.126835,0.113264,0.985436,1327080242
335,radius_out_of_range,80,245,237,20,66,320.000000,0.0153,5.938,-5.5377,-13.5894,-1.0453,-5.5624,-13.5863,-0.8032,-0.101355,0.020752,0.994634,1410927618
336,radius_out_of_range,80,172,168,5,26,200.000000,0.0268,6.002,-5.4867,2.9426,-1.6462,-5.5006,2.9547,-1.5990,-0.089606,-0.053904,0.994518,994474624
337,arc_coverage_low,128,63,48,13,57,95.000000,0.1430,8.894,-5.4028,29.9601,-4.4381,-7.4156,30.5775,9.0434,-0.150235,0.036507,0.987976,3704934986
338,ok,0,110,95,60,110,130.000000,0.2404,2.650,-5.3437,29.9603,-3.7825,-5.3176,30.1794,-3.5305,-0.004624,0.046002,0.998931,2612606908
339,radius_out_of_range,112,33,32,0,4,110.000000,0.0293,30.072,-5.5090,2.8902,-1.0412,-5.4495,2.8870,-0.8997,0.501045,0.006140,0.865399,420943125
340,radius_out_of_range,80,96,80,0,8,185.000000,0.0283,14.650,-5.4383,21.6087,-4.2635,-5.2123,21.6207,-5.1436,-0.252666,-0.011207,0.967489,1667690457
341,normal_inconsistent,192,73,58,0,8,65.000000,0.0611,18.513,-5.3553,-0.5307,-1.9706,-5.3358,-0.1083,-3.3180,0.015626,-0.317136,0.948251,339649799
342,radius_out_of_range,80,127,127,13,39,275.000000,0.0211,5.142,-5.4165,3.3550,0.1591,-5.2478,3.3042,-1.7946,-0.085786,0.025941,0.995976,2506354111
343,radius_out_of_range,80,58,54,4,17,140.000000,0.0157,10.466,-5.3357,5.3017,-2.4539,-5.3327,5.2748,-2.3358,0.026945,-0.179636,0.983364,3388759226
344,tilt_too_large,96,58,47,3,10,130.000000,0.0322,30.092,-5.3396,8.4495,-1.9941,-4.0727,3.7198,6.4655,0.130698,-0.484058,0.865220,3394569717
345,ok,0,12602,11847,10108,12410,190.000000,0.3022,3.440,-4.8756,13.6329,-1.7195,-5.0237,13.8611,-0.8583,-0.057887,0.015793,0.998198,2681061149
346,normal_inconsistent,64,130,124,4,31,205.000000,0.0564,8.992,-5.2279,8.5265,-1.4854,-5.3426,8.6214,-0.7175,-0.132596,0.082757,0.987709,1501207561
347,radius_out_of_range,176,32,32,28,30,20.000000,1.2690,79.363,-5.2254,-7.4599,1.0952,-6.4427,-7.0909,1.0522,0.368808,0.910994,0.184582,1074727044
348,arc_coverage_low,128,58,56,51,58,60.000000,0.4311,8.127,-5.1084,8.9715,-0.4205,-5.4662,8.8368,-0.0127,0.116711,-0.079773,0.989957,590881691
349,radius_out_of_range,112,40,38,0,7,145.000000,0.0210,42.808,-5.1439,-11.7466,-1.3287,-4.9927,-11.6169,-1.1121,0.522239,0.434786,0.733640,3583105048
350,radius_out_of_range,80,131,117,11,36,210.000000,0.0185,4.632,-5.1102,5.5169,-0.7605,-5.0893,5.5494,-0.3396,0.047847,0.065046,0.996735,1814513756
351,ok,0,40,40,7,31,130.000000,0.0740,10.923,-5.1068,7.4404,-1.2920,-5.1947,7.5171,-1.6070,0.167809,-0.088024,0.981882,3780908186
352,radius_out_of_range,112,76,72,2,23,150.000000,0.0279,29.459,-5.1191,1.5442,0.6603,-5.0330,1.4847,0.4794,-0.358952,0.336182,0.870710,3232860818
353,normal_inconsistent,192,30,18,2,19,45.000000,0.1134,18.294,-4.9775,11.2413,-2.5350,-5.0203,11.2504,-2.6038,-0.161533,-0.269140,0.949458,2679534248
354,low_inlier_ratio,216,37,18,2,4,60.000000,0.0003,1.098,-5.0544,22.8358,-2.7279,-5.1241,22.8170,0.6361,-0.017949,-0.006722,0.999816,1625716010
355,tilt_too_large,96,132,122,1,19,150.000000,0.0361,21.623,-4.9766,2.2832,-1.2593,-3.4963,1.8176,-5.1423,-0.350174,0.114755,0.929628,1081713063
356,normal_inconsistent,64,216,198,18,109,140.000000,0.0578,6.013,-4.9761,2.3151,-0.2066,-5.0646,2.4783,-2.0213,0.024647,-0.101818,0.994498,638880101
357,radius_out_of_range,80,146,141,16,43,210.000000,0.0169,10.644,-4.9975,5.5151,-0.4032,-5.1852,5.3583,-1.7150,0.135979,0.125000,0.982794,3581037062
358,radius_out_of_range,80,38,37,5,15,105.000000,0.0234,18.498,-4.9763,22.8026,-2.9911,-4.0203,22.3225,-6.2219,-0.281771,0.145835,0.948334,834162029
359,radius_out_of_range,112,204,197,5,33,270.000000,0.0174,21.371,-4.9173,1.7515,-0.6443,-4.9253,1.8084,-0.7946,0.039881,-0.362210,0.931243,3050606747
360,tilt_too_large,96,66,60,0,15,160.000000,0.0319,35.656,-4.9115,5.4888,0.1940,-4.9327,5.4809,0.1781,0.279298,0.511643,0.812535,3473232173
361,radius_out_of_range,80,53,51,4,14,165.000000,0.0129,10.494,-4.8935,20.0080,-3.8901,-5.3115,20.3539,-6.8217,0.142157,-0.113866,0.983273,4269997181
362,ok,0,121,118,23,108,115.000000,0.0676,12.883,-4.8360,13.4149,-3.3000,-4.6750,13.3437,-2.7396,0.219906,-0.036742,0.974829,776274698
363,radius_out_of_range,80,103,94,1,10,190.000000,0.0208,11.978,-4.7945,-7.6955,0.9423,-4.7207,-7.5643,1.6417,0.090371,0.186832,0.978227,879707131
364,radius_out_of_range,80,910,846,67,313,280.000000,0.0278,2.266,-4.7988,1.9248,0.1052,-4.5142,1.9353,-7.5422,-0.039528,-0.001011,0.999218,3048662025
365,tilt_too_large,160,866,555,301,670,55.000000,0.8350,32.157,-4.5808,-2.7043,-1.7814,-5.3741,-2.6555,-1.8415,0.229527,0.480212,0.846589,3473741603
366,radius_out_of_range,80,317,303,36,113,225.000000,0.0271,6.697,-4.7599,9.5066,-0.3952,-5.3654,9.4633,4.7382,-0.116057,-0.011477,0.993176,1351612274
367,radius_out_of_range,80,95,74,0,14,215.000000,0.0223,7.736,-4.7880,24.3950,-2.4152,-4.8453,24.1625,-0.7099,-0.024769,-0.132307,0.990899,2078584283
368,radius_out_of_range,80,62,51,3,12,155.000000,0.0127,4.772,-4.6395,15.2047,-1.3205,-4.5065,15.1563,0.2031,0.076363,-0.033006,0.996534,3101814630
369,radius_out_of_range,80,356,309,11,112,360.000000,0.0273,9.988,-4.7558,4.0340,0.3160,-4.6164,3.9854,-0.5151,-0.163810,0.056999,0.984844,822928411
370,radius_out_of_range,80,1717,1656,110,465,255.000000,0.0286,7.848,-4.6425,9.6240,-1.8628,-4.7248,9.5888,-1.2080,-0.114987,-0.073633,0.990634,2530371767
371,radius_out_of_range,80,89,73,8,29,190.000000,0.0275,3.108,-4.7498,24.3945,-3.1569,-4.7258,24.3967,-3.8414,-0.047090,0.026887,0.998529,255138782
372,normal_inconsistent,192,210,199,15,58,90.000000,0.0427,7.915,-4.7573,-7.8502,-0.1976,-4.8092,-7.7771,0.5923,-0.042377,0.131014,0.990474,2301994669
373,radius_out_of_range,80,75,43,0,12,100.000000,0.0236,16.571,-4.7207,15.2528,-2.1175,-4.7676,15.2740,-2.1003,0.121256,-0.258140,0.958468,243243556
374,normal_inconsistent,64,56,56,0,23,115.000000,0.0452,0.231,-4.7273,24.3328,-4.2747,-4.7181,24.3443,0.7009,0.002105,-0.003448,0.999992,356672923
375,radius_out_of_range,80,47,47,2,6,120.000000,0.0125,2.382,-4.7448,-7.9512,-1.3556,-4.7247,-7.9606,-1.8687,-0.033738,0.024286,0.999136,1065295881
376,normal_inconsistent,192,43,40,0,2,50.000000,0.0706,4.704,-4.7291,-7.9158,-1.1508,-4.9030,-8.2785,4.3606,-0.040958,-0.071051,0.996631,1490125772
377,normal_inconsistent,64,524,391,2,58,180.000000,0.0640,15.946,-4.6421,2.0280,-1.7202,-4.5664,2.0012,-1.4650,0.168449,-0.217024,0.961523,3282482880
378,tilt_too_large,160,49,48,47,49,15.000000,0.8874,89.512,-4.7144,17.6048,-3.4860,-4.9062,16.7116,-3.5180,0.999480,0.031111,0.008521,1700205448
379,radius_out_of_range,80,104,104,17,44,175.000000,0.0255,6.934,-4.6638,1.9378,-1.0217,-4.6130,1.9592,-1.5762,-0.118936,-0.020750,0.992685,2160925511
380,radius_out_of_range,80,84,84,14,48,160.000000,0.0165,19.329,-4.6659,5.2813,-2.2659,-4.6839,5.2814,-2.2324,-0.272377,-0.188051,0.943635,1440360032
381,radius_out_of_range,80,34,34,4,9,110.000000,0.0161,15.145,-4.6539,20.0194,-3.0828,-4.7086,20.0283,-3.2895,0.261259,0.001798,0.965267,4079382715
382,radius_out_of_range,80,241,239,28,93,225.000000,0.0264,8.257,-4.6202,15.2646,-2.7675,-5.3728,15.2800,2.3891,-0.143605,0.000176,0.989635,4209486278
383,radius_out_of_range,80,88,79,11,26,230.000000,0.0127,8.461,-4.6270,-16.8979,0.5420,-3.6438,-18.1343,-10.0511,-0.091958,0.114854,0.989117,3020139726
384,radius_out_of_range,80,48,45,0,10,155.000000,0.0199,6.940,-4.6289,-11.7887,1.3870,-4.5931,-11.9872,-0.3198,-0.019194,0.119304,0.992672,2038067093
385,radius_out_of_range,80,1574,1386,84,379,350.000000,0.0299,2.822,-4.5865,-11.9026,-0.2946,-4.6379,-11.8155,1.6944,-0.020692,0.044675,0.998787,3575167439
386,radius_out_of_range,176,53,50,23,41,15.000000,1.1384,69.971,-4.5887,-16.9375,-0.1413,-5.6970,-17.1995,-0.1879,0.214300,-0.914752,0.342496,3163108295
387,radius_out_of_range,80,98,96,18,54,150.000000,0.0250,17.599,-4.5587,15.2837,-0.5319,-4.1194,15.6127,1.1799,0.248341,0.172462,0.953196,4107706447
388,radius_out_of_range,80,42,42,4,13,145.000000,0.0129,13.463,-4.5643,5.3038,-1.5046,-4.3606,5.5953,-0.0264,0.137325,0.188003,0.972521,2230090030
389,radius_out_of_range,80,115,107,9,34,230.000000,0.0170,4.585,-4.5263,-16.9568,-0.7807,-4.2619,-16.8848,-4.1401,-0.077128,-0.021011,0.996800,2662212681
390,radius_out_of_range,80,153,131,0,31,295.000000,0.0292,16.573,-4.5164,3.9985,-0.8816,-4.4423,3.9503,-0.5804,0.237434,-0.158065,0.958457,2509492777
391,radius_out_of_range,80,62,62,4,20,165.000000,0.0243,14.313,-4.5417,15.2419,-3.2322,-4.9712,14.9939,-1.2832,-0.210194,-0.130130,0.968961,3236839275
392,radius_out_of_range,112,48,46,2,11,150.000000,0.0180,24.113,-4.5272,22.7909,-4.4531,-4.4687,22.7986,-4.5925,-0.408541,0.000669,0.912740,648663683
393,radius_out_of_range,112,38,37,0,6,130.000000,0.0181,72.149,-4.4681,5.3658,-0.9786,-4.5878,5.4177,-0.9332,-0.859497,0.409013,0.306550,3174167749
394,radius_out_of_range,80,165,164,23,64,185.000000,0.0257,6.863,-4.4616,3.9956,-1.3014,-4.4309,4.0206,-1.6706,-0.114626,-0.033766,0.992835,2607349164
395,radius_out_of_range,80,395,352,21,86,350.000000,0.0198,10.385,-4.3118,-13.9570,-0.7540,-4.5365,-13.8689,0.5614,-0.168231,0.064758,0.983618,3305372040
396,normal_inconsistent,192,40,40,3,8,80.000000,0.0310,13.803,-4.4516,-14.1547,0.8051,-3.9455,-13.6600,-2.0072,-0.175589,-0.161532,0.971121,2061159939
397,radius_out_of_range,80,801,746,32,171,330.000000,0.0230,5.891,-4.3395,6.7413,-1.7058,-4.0845,6.8961,1.1798,0.089316,0.050556,0.994719,2815714689
398,radius_out_of_range,80,82,81,11,30,165.000000,0.0132,6.725,-4.3586,-14.0586,0.0227,-4.4005,-14.0528,0.3816,-0.110201,0.039638,0.993119,1652795102
399,radius_out_of_range,80,105,92,1,13,230.000000,0.0271,12.506,-4.2838,6.8104,-0.7012,-4.2939,6.8161,-0.7480,0.147265,-0.158756,0.976273,170475669
400,radius_out_of_range,80,41,41,4,8,110.000000,0.0182,12.434,-4.2917,0.7231,-1.5570,-4.7022,1.1640,1.1922,-0.149451,0.155002,0.976544,3567536013
401,normal_inconsistent,64,90,77,0,13,170.000000,0.0306,19.309,-4.2627,6.8577,-0.3850,-4.2738,7.0130,0.0352,-0.051635,0.326614,0.943746,2758950593
402,radius_out_of_range,80,45,42,3,9,145.000000,0.0133,7.187,-4.2409,6.8966,-0.0559,-4.1926,6.9008,0.3506,0.125094,-0.001914,0.992143,2864448534
403,radius_out_of_range,80,48,48,5,11,160.000000,0.0114,6.758,-4.1948,6.9284,0.3111,-4.1909,6.9590,0.5470,0.029413,0.113942,0.993052,10618652
404,radius_out_of_range,208,30,30,5,7,95.000000,0.0140,18.984,-4.1816,5.2840,-0.2418,-4.2435,5.3837,-0.5783,0.187051,-0.266146,0.945610,2611392408
405,radius_out_of_range,80,377,347,17,92,330.000000,0.0201,1.446,-4.1056,4.2832,-1.9227,-4.1930,4.3281,-5.8141,0.022144,-0.012115,0.999681,1636040016
406,radius_out_of_range,208,30,30,0,1,65.000000,0.0119,1.037,-4.1395,6.6287,-2.1674,-4.1628,6.6268,-3.1322,0.016392,0.007660,0.999836,1873766769
407,radius_out_of_range,80,580,571,75,216,255.000000,0.0232,2.852,-4.0503,4.2418,-0.9440,-3.9297,4.2000,1.8921,0.046261,-0.018316,0.998761,3645151097
408,radius_out_of_range,80,491,395,36,119,290.000000,0.0222,9.529,-3.9697,4.2523,0.2391,-3.8871,4.3967,1.1181,0.089160,0.139484,0.986202,1089998247
409,radius_out_of_range,80,62,56,7,29,130.000000,0.0217,5.573,-3.9931,6.5410,-1.3326,-4.0052,6.5757,-1.7458,0.060184,-0.076225,0.995273,343520322
410,radius_out_of_range,80,95,92,6,26,175.000000,0.0137,3.046,-3.9448,13.1059,-0.8904,-4.0994,13.1844,2.2351,-0.048364,0.021997,0.998588,187911829
411,radius_out_of_range,80,873,858,20,128,355.000000,0.0176,10.283,-3.7406,13.2325,-2.1940,-2.2440,13.7928,-11.0045,-0.167170,-0.062621,0.983937,1464736657
412,radius_out_of_range,80,56,51,4,15,140.000000,0.0148,10.506,-3.8594,17.4687,-3.0269,-3.8930,17.5087,-2.7580,-0.100880,0.151890,0.983236,3505483711
413,radius_out_of_range,112,117,114,0,35,300.000000,0.0185,22.609,-3.8240,5.1092,-0.0368,-4.1090,5.5648,-1.3251,0.204053,-0.325821,0.923148,310228425
414,normal_inconsistent,64,461,275,8,72,170.000000,0.0741,11.696,-3.5542,5.0978,0.0534,-3.7658,4.8352,1.7188,-0.154664,-0.131043,0.979238,660284697
415,ok,0,73,73,17,58,135.000000,0.0756,6.827,-3.4955,-10.3080,-0.1282,-3.5454,-10.4101,0.3162,-0.061090,-0.101970,0.992910,678039779
416,radius_out_of_range,80,104,96,11,35,200.000000,0.0230,9.045,-3.5094,1.8863,-1.8337,-3.6577,1.7715,-0.6925,-0.117865,-0.104033,0.987565,1944770354
417,radius_out_of_range,112,33,33,0,4,135.000000,0.0150,26.028,-3.5232,5.1208,0.6647,-2.0850,3.3749,5.2980,0.279804,-0.338024,0.898582,1563516197
418,tilt_too_large,96,179,169,36,111,140.000000,0.0481,20.780,-3.4873,1.7001,-0.9356,-3.6753,1.1166,0.6918,-0.087392,-0.343849,0.934949,1851530006
419,radius_out_of_range,80,220,187,7,39,260.000000,0.0177,3.745,-3.4383,3.4771,-1.3219,-3.3995,3.4509,-0.4089,0.058504,-0.029060,0.997864,1926795253
420,normal_inconsistent,192,59,58,9,39,80.000000,0.0679,8.636,-3.3791,1.5646,0.9404,-3.3582,1.7832,-0.3488,-0.052329,-0.140740,0.988663,2791134260
421,radius_out_of_range,80,219,212,11,61,295.000000,0.0171,2.515,-3.4218,12.9981,-2.2310,-3.4085,13.0088,-1.7920,0.042402,0.011270,0.999037,1773678876
422,radius_out_of_range,80,150,143,10,52,205.000000,0.0255,8.641,-3.3763,1.5956,0.4433,-3.2696,1.2590,-1.9197,-0.050529,0.141485,0.988650,1054948081
423,radius_out_of_range,80,219,194,2,20,265.000000,0.0248,11.524,-3.3574,1.6066,0.0011,-3.6082,2.6052,-5.0478,0.047650,-0.194016,0.979841,3073096262
424,radius_out_of_range,80,101,101,3,15,195.000000,0.0193,15.906,-3.3486,7.8422,-1.7396,-2.8019,8.0442,0.3045,0.258150,0.092026,0.961712,1268904388
425,tilt_too_large,96,42,34,1,18,100.000000,0.0677,25.353,-3.3494,-12.5299,-0.8698,-3.3970,-12.5554,-0.9249,-0.033123,0.426918,0.903683,3806613634
426,normal_inconsistent,64,153,137,32,69,155.000000,0.0513,12.995,-3.3159,-4.6527,-0.6769,-3.4043,-4.6108,-0.3565,-0.158918,0.159086,0.974390,3470337703
427,normal_inconsistent,192,89,82,5,45,80.000000,0.1688,6.723,-3.3339,13.3143,-0.4076,-3.2285,13.3011,0.1162,-0.078856,0.086535,0.993123,3885885173
428,radius_out_of_range,208,34,33,0,1,95.000000,0.0223,14.205,-3.3535,9.9889,-1.0493,-3.7451,10.1729,0.7063,-0.220197,0.108305,0.969424,3955461881
429,normal_inconsistent,192,34,32,3,8,80.000000,0.0330,14.000,-3.3343,-12.5660,-1.1787,-2.7884,-11.7246,2.8366,0.136643,0.199644,0.970294,810815151
430,radius_out_of_range,80,132,114,4,19,165.000000,0.0231,1.986,-3.2584,7.9371,-0.9452,-2.2972,8.4983,-32.9873,-0.029787,-0.017698,0.999400,2387279246
431,tilt_too_large,224,53,50,2,19,65.000000,0.0909,41.613,-3.2056,3.4777,-0.5000,-3.0874,3.4199,-0.3222,0.657886,0.090614,0.747646,3028588192
432,normal_inconsistent,192,32,32,0,0,65.000000,0.0383,11.095,-3.2265,8.0372,-0.3886,-3.2810,8.0323,-0.7007,0.159676,0.107414,0.981308,2431217091
433,radius_out_of_range,80,91,86,0,16,130.000000,0.0253,15.017,-3.2058,8.0962,-0.0287,-3.2792,8.9131,3.0569,-0.018725,0.258423,0.965850,1580466847
434,radius_out_of_range,112,49,49,2,13,170.000000,0.0114,20.170,-3.1656,-6.0922,-1.2044,-2.4574,-5.9924,-3.1551,-0.341283,-0.049172,0.938673,3801774279
435,normal_inconsistent,64,68,68,0,7,105.000000,0.0426,13.789,-3.1262,9.7135,-2.4451,-4.6017,9.4962,-8.5327,0.236197,0.031985,0.971179,1173056653
436,radius_out_of_range,112,65,60,0,5,165.000000,0.0264,81.309,-3.1353,9.7572,-2.1020,-7.1943,7.1227,-1.3623,-0.829005,-0.538440,0.151109,4065416379
437,radius_out_of_range,80,331,315,20,81,290.000000,0.0171,3.449,-3.0175,9.7450,-1.3115,-2.5711,9.8345,6.2698,0.059162,0.010930,0.998189,4145134601
438,radius_out_of_range,80,45,45,4,10,125.000000,0.0191,12.730,-3.0209,6.2673,-2.0168,-3.0229,6.2611,-1.9720,-0.196758,0.099223,0.975418,463997121
439,radius_out_of_range,112,33,31,1,9,125.000000,0.0225,38.956,-2.9682,3.4217,0.0938,-3.0250,3.4266,0.0374,0.628669,0.007995,0.777632,2066932747
440,radius_out_of_range,80,349,334,23,110,305.000000,0.0176,3.058,-2.9702,9.7620,-0.1351,-3.0046,9.7907,-0.9280,0.043995,-0.030171,0.998576,1467426644
441,radius_out_of_range,80,38,37,0,5,105.000000,0.0229,17.579,-2.8917,16.9882,-1.6350,-2.3132,15.8058,-5.7511,-0.134177,0.270584,0.953300,1702806690
442,radius_out_of_range,240,149,92,49,111,20.000000,2.7998,67.772,-2.3216,-17.0717,-0.4277,-1.9945,-14.2584,-0.3167,0.925675,-0.003895,0.378301,15950585
443,radius_out_of_range,80,1190,1014,54,306,345.000000,0.0230,0.158,-2.4026,-5.6147,0.3849,-1.2799,-6.0302,-434.3436,-0.002591,0.000933,0.999996,3966534716
444,radius_out_of_range,80,132,130,7,40,255.000000,0.0140,4.528,-2.4263,-13.1226,-0.9495,-2.4533,-13.2069,0.1799,-0.024664,-0.075002,0.996878,1497115716
445,radius_out_of_range,80,112,112,6,28,215.000000,0.0239,5.099,-2.4031,-5.6328,-0.9312,-2.4873,-5.5923,0.0734,-0.075999,0.046075,0.996043,420092579
446,normal_inconsistent,192,73,72,29,46,25.000000,0.4221,11.428,-2.2740,1.8538,-1.5242,-2.2469,2.2804,-1.5876,-0.189716,-0.057151,0.980174,2192001302
447,radius_out_of_range,80,156,148,3,37,290.000000,0.0256,5.306,-2.2959,6.9183,-0.2661,-2.5984,7.0998,3.5870,-0.080050,0.046294,0.995715,253634067
448,normal_inconsistent,64,1117,859,25,302,295.000000,0.0347,4.446,-2.1977,1.8292,-0.0471,-1.8732,1.9012,4.1742,0.076249,0.013957,0.996991,2844243664
449,radius_out_of_range,80,62,62,5,21,140.000000,0.0130,8.412,-2.2106,6.9926,-1.0824,-2.1196,7.1159,-2.0949,-0.093065,-0.112881,0.989240,653824046
450,radius_out_of_range,80,35,35,0,8,135.000000,0.0177,17.830,-2.1729,11.8211,-0.2652,-2.0245,11.7895,0.2028,0.299208,-0.065058,0.951968,19338028
451,radius_out_of_range,80,74,74,5,18,225.000000,0.0124,7.269,-2.1635,-8.9736,-0.9946,-2.1738,-8.9802,-0.8986,-0.106693,-0.068030,0.991962,2322297470
452,normal_inconsistent,64,112,79,7,45,170.000000,0.0563,4.266,-2.0222,-3.0895,-0.9646,-1.9148,-3.0121,0.7417,0.069543,0.026393,0.997230,1805204225
453,normal_inconsistent,64,289,199,92,189,100.000000,0.1449,11.358,-1.8601,0.0524,-1.5550,-1.7144,-0.1443,-0.6660,0.182702,-0.073527,0.980415,1559753617
454,radius_out_of_range,80,37,37,2,10,105.000000,0.0205,18.401,-2.0231,2.8585,-1.6798,-1.4371,1.6820,2.2789,0.138076,-0.283873,0.948868,1919367970
455,radius_out_of_range,80,209,190,13,72,305.000000,0.0181,6.577,-1.9764,7.9937,0.3289,-1.9881,8.0045,0.4958,-0.064772,0.094456,0.993420,2332516089
456,ok,0,106,99,57,106,120.000000,0.1557,8.720,-1.8651,-26.6906,2.0244,-1.8225,-26.8191,2.0119,0.151408,0.007776,0.988441,1338607388
457,normal_inconsistent,64,232,137,3,127,100.000000,0.1216,11.299,-1.7945,-3.5966,-0.5024,-1.5827,-3.0268,2.5068,0.098154,0.169564,0.980619,1701268748
458,radius_out_of_range,80,55,53,9,18,155.000000,0.0169,9.457,-1.9233,4.4527,-1.4534,-2.0497,5.5845,-8.2827,0.019266,-0.163170,0.986410,2262880571
459,radius_out_of_range,80,187,181,9,44,280.000000,0.0143,2.160,-1.9495,7.9274,-0.5276,-1.9868,7.9995,1.4629,-0.018905,0.032601,0.999290,2039634845
460,ok,0,346,328,227,346,160.000000,0.2132,3.257,-1.7120,-26.7007,2.7181,-1.7540,-26.8774,2.5240,0.047435,0.031283,0.998384,3161413116
461,radius_out_of_range,80,50,49,7,16,160.000000,0.0130,13.785,-1.8768,7.8346,-1.2820,-1.8750,7.6101,-2.2063,0.000330,0.238274,0.971198,3785585256
462,radius_out_of_range,208,71,70,1,4,85.000000,0.0229,9.845,-1.8527,7.7328,-1.7781,-1.8024,7.6117,-2.4331,-0.068497,0.156657,0.985275,112414327
463,tilt_too_large,96,103,91,10,54,120.000000,0.0475,23.701,-1.7704,-3.6191,-1.3622,-1.9401,-3.8558,-0.6883,-0.272500,-0.295495,0.915656,4231007352
464,tilt_too_large,96,263,208,6,47,225.000000,0.0307,73.081,-1.6933,-0.5306,-1.4905,-1.6853,-0.5827,-1.4706,0.179470,-0.939731,0.291027,225805757
465,tilt_too_large,96,338,260,9,99,195.000000,0.0424,65.572,-1.5316,9.1773,-1.9617,-1.5416,9.1983,-1.9663,0.906138,0.088851,0.413546,1893695061
466,radius_out_of_range,80,204,192,13,58,225.000000,0.0231,12.242,-1.5010,-7.9151,1.4007,-0.4979,-8.4164,-3.7570,-0.190715,0.092666,0.977262,900146897
467,normal_inconsistent,64,599,562,85,300,175.000000,0.0398,8.772,-1.3885,-7.9629,0.4937,-1.3571,-8.0090,0.2117,-0.139835,0.060873,0.988302,3520686926
468,normal_inconsistent,64,134,130,16,55,170.000000,0.0306,7.015,-1.2414,-8.0259,-0.3725,-1.3078,-8.0118,0.2223,-0.105996,0.060663,0.992514,3470005163
469,radius_out_of_range,112,33,32,2,2,110.000000,0.0117,20.409,-1.1822,-9.6929,0.0963,-1.1766,-9.6825,0.0651,-0.173276,-0.302628,0.937226,1910814524
470,low_inlier_ratio,248,66,20,1,9,90.000000,0.0022,78.608,-1.1238,-8.0187,-0.9684,-0.3709,-8.0559,-1.1111,-0.979653,0.035592,0.197518,1670525637
471,radius_out_of_range,80,164,155,8,49,210.000000,0.0225,4.272,-1.0247,-9.4545,-0.9609,-1.0097,-9.4333,-1.1841,-0.061690,-0.041742,0.997222,1709912048
472,tilt_too_large,96,45,45,0,10,110.000000,0.0409,37.357,-0.9581,-3.2407,-0.9430,-0.9963,-3.2340,-0.9193,-0.485466,-0.364021,0.794866,1834391789
473,arc_coverage_low,128,66,65,21,57,85.000000,0.0680,15.952,-0.9142,0.7128,-1.4426,-1.0774,0.9325,-2.3503,0.210523,-0.176679,0.961491,3726947177
474,radius_out_of_range,80,53,52,4,10,175.000000,0.0102,16.991,-0.8814,-3.2470,-1.2004,-0.6215,-3.4018,-2.1939,-0.252045,0.147884,0.956349,1304611373
475,radius_out_of_range,112,33,23,1,10,105.000000,0.0194,42.833,-0.8143,-2.4165,0.8061,-0.7423,-2.5141,0.9167,0.405846,-0.545443,0.733336,2900794061
476,radius_out_of_range,80,48,33,2,8,120.000000,0.0223,9.232,-0.7238,-2.6005,0.7420,-0.8112,-2.7601,-0.4468,0.071938,0.143392,0.987048,3979611067
477,ok,0,15362,12953,9066,15069,200.000000,0.2715,1.535,-0.4326,5.4771,0.0165,-0.4392,5.6844,0.1304,-0.025357,-0.008622,0.999641,2748433897
478,radius_out_of_range,112,49,49,3,10,170.000000,0.0075,21.519,-0.6073,-9.9462,1.1785,-0.5877,-9.9375,1.1295,-0.334729,-0.150009,0.930298,72273334
479,normal_inconsistent,64,137,119,6,33,165.000000,0.0322,14.267,-0.5868,-14.0948,1.8761,-0.7529,-13.9218,2.8311,-0.185176,0.162614,0.969158,265353426
480,normal_inconsistent,64,87,80,9,35,195.000000,0.0342,5.328,-0.5139,-14.1426,1.2941,-0.4821,-14.1397,1.5414,0.079401,-0.048139,0.995680,380490212
481,normal_inconsistent,64,109,106,1,22,160.000000,0.0534,18.665,-0.4102,-2.3912,-0.2989,-0.2265,-2.2062,-0.9552,-0.238458,-0.213436,0.947408,1906852148
482,radius_out_of_range,80,85,82,16,41,160.000000,0.0287,5.045,-0.4026,-14.4003,-0.5976,0.1463,-14.2751,5.8248,0.085066,0.022296,0.996126,897128477
483,radius_out_of_range,80,710,540,16,113,350.000000,0.0253,3.067,-0.1914,-1.7956,1.0600,-0.0948,-1.6070,4.9358,0.023616,0.048014,0.998567,3324330916
484,radius_out_of_range,80,80,77,28,49,140.000000,0.0277,0.377,-0.2205,7.7110,-0.0892,-0.0612,7.6441,-24.4291,-0.005783,0.003133,0.999978,1605142891
485,radius_out_of_range,80,80,79,6,24,135.000000,0.0223,18.082,-0.1367,10.9551,-0.1944,0.1876,11.2239,-1.4550,-0.245724,-0.189614,0.950614,2227456668
486,normal_inconsistent,64,389,321,28,97,270.000000,0.0324,3.682,-0.1681,-1.8809,0.0901,-0.0779,-1.9408,-1.4190,-0.060097,0.022613,0.997936,1018784586
487,radius_out_of_range,80,142,140,13,37,230.000000,0.0148,15.068,-0.1235,7.6469,-0.7698,-0.0978,7.6519,-0.8619,-0.259177,0.020155,0.965619,2627129983
488,radius_out_of_range,80,242,232,6,47,280.000000,0.0189,10.933,-0.1536,6.5818,-0.1768,-0.1059,7.5317,-5.1346,-0.010519,-0.189363,0.981851,3935166396
489,normal_inconsistent,64,671,519,46,244,245.000000,0.0451,8.848,-0.0684,-2.0440,-1.0380,-0.4027,-2.3065,1.8171,-0.119852,-0.096407,0.988100,2844075672
490,normal_inconsistent,64,218,209,6,75,160.000000,0.0615,11.068,-0.0889,11.0784,-0.8335,0.0072,11.2513,-1.6265,-0.107552,-0.159010,0.981401,1620408885
491,radius_out_of_range,80,61,61,8,21,160.000000,0.0155,13.873,-0.0869,-9.7882,-0.5456,0.1460,-9.6295,-1.7105,-0.194170,-0.140672,0.970829,3848749212
492,radius_out_of_range,80,130,130,18,56,185.000000,0.0181,18.494,0.0030,7.6262,-1.2314,-0.0768,7.6538,-0.9902,-0.311575,0.059463,0.948359,246491363
493,low_inlier_ratio,88,115,48,3,33,165.000000,0.0021,11.036,0.0158,-9.2363,1.6849,-0.0729,-9.2930,1.1005,0.170719,0.086596,0.981507,501397252
494,radius_out_of_range,80,157,156,22,65,170.000000,0.0296,9.426,0.0709,-9.1931,1.2567,-0.6551,-9.7582,6.7377,-0.131232,-0.097985,0.986497,1316445623
495,normal_inconsistent,64,906,854,76,283,245.000000,0.0309,2.498,0.1686,-9.1947,-0.2205,0.1488,-9.4199,-4.9823,0.003465,0.043452,0.999049,4083939857
496,radius_out_of_range,112,38,35,1,9,140.000000,0.0133,33.986,0.1495,6.8128,-1.5771,-0.1335,6.1869,-0.5584,-0.229689,-0.509614,0.829178,3284665619
497,tilt_too_large,96,38,34,1,6,100.000000,0.0530,49.916,0.2431,-1.5624,0.3452,0.0390,-1.9171,0.0299,0.373924,0.667497,0.643916,161047372
498,arc_coverage_low,128,51,48,21,51,90.000000,0.1654,9.826,0.2708,26.5300,-1.1374,0.4422,26.6235,-0.1729,0.161353,-0.055601,0.985329,1616354325
499,radius_out_of_range,80,93,90,17,33,155.000000,0.0193,8.008,0.2549,8.9219,0.8230,0.5521,8.8913,-1.3146,-0.137742,0.020880,0.990248,3570319711
500,normal_inconsistent,192,35,33,0,10,90.000000,0.0341,17.866,0.2413,7.4326,-0.4756,0.2334,7.1986,0.2642,-0.032785,-0.305034,0.951777,3288211824
501,radius_out_of_range,80,42,42,5,12,140.000000,0.0162,10.317,0.3019,-12.5471,0.8126,0.4457,-12.6010,-0.0178,-0.170887,0.053589,0.983832,2414350350
502,tilt_too_large,96,73,73,18,42,110.000000,0.0477,88.956,0.4218,3.0395,-1.4870,0.6539,3.0665,-1.4928,-0.998386,0.053789,0.018215,2415554464
503,tilt_too_large,160,42,41,36,42,20.000000,0.7202,83.849,0.3947,11.5825,-1.3504,0.5996,12.2722,-1.3602,0.957733,-0.266961,0.107144,3531994443
504,radius_out_of_range,176,101,95,92,101,10.000000,1.4747,29.783,0.3884,-12.5527,0.4925,-0.1548,-11.1823,0.4040,0.466070,0.171793,0.867909,2805396294
505,radius_out_of_range,112,67,67,2,15,190.000000,0.0205,69.099,0.4281,3.0720,-1.2368,0.5155,3.0929,-1.2711,-0.921680,-0.152439,0.356746,2895623299
506,radius_out_of_range,112,49,47,7,17,150.000000,0.0109,35.893,0.4161,8.0414,-0.2972,0.1661,8.2124,0.1199,-0.490294,0.321453,0.810111,1778096068
507,arc_coverage_low,128,30,30,27,30,25.000000,0.4884,3.624,0.4335,26.5889,-1.3411,0.0530,26.8947,-1.3282,-0.058741,0.023351,0.998000,2045097684
508,radius_out_of_range,112,97,95,6,35,165.000000,0.0254,30.837,0.4942,-0.6397,-0.0927,0.5822,-0.6975,-0.2712,-0.381747,0.342083,0.858631,4160363059
509,radius_out_of_range,80,95,70,7,28,155.000000,0.0295,3.728,0.6501,7.3573,-0.9721,0.6217,7.1863,-3.3453,0.019782,0.061936,0.997884,2007005155
510,radius_out_of_range,80,126,126,7,23,260.000000,0.0116,8.187,0.4680,14.8484,-0.7696,0.0255,14.9849,2.4473,-0.136351,0.041069,0.989809,2031077770
511,radius_out_of_range,80,748,592,20,152,330.000000,0.0273,6.864,0.5940,-4.8571,0.8916,1.1048,-4.9966,-3.5709,-0.115309,0.031424,0.992833,2578772409
512,radius_out_of_range,176,76,70,47,76,10.000000,1.2635,59.442,0.4563,-12.5002,0.1529,1.6117,-13.0031,0.1676,0.338913,0.791616,0.508412,1979047970
513,tilt_too_large,96,141,112,1,56,150.000000,0.0583,51.551,0.5811,3.1660,-0.8738,0.6631,3.1628,-0.8061,0.694441,0.362066,0.621820,1742438306
514,low_inlier_ratio,232,52,20,1,17,60.000000,0.0755,56.599,0.6259,7.3315,-1.3287,0.6971,8.3748,-0.7038,0.162064,0.818958,0.550493,3734716922
515,tilt_too_large,96,306,211,8,158,110.000000,0.1298,31.100,0.6060,-0.9822,-1.1367,0.6147,-1.1413,-1.3653,-0.363446,0.367034,0.856267,2488252789
516,normal_inconsistent,64,59,56,5,23,115.000000,0.0447,10.796,0.6717,11.6064,-0.7416,0.5001,12.0376,1.7359,-0.060854,0.177159,0.982299,2419163814
517,arc_coverage_low,128,198,198,138,198,80.000000,0.2314,7.673,0.7232,3.1399,-1.3883,0.5688,3.2847,-1.2582,0.133411,-0.005166,0.991047,1523201324
518,tilt_too_large,224,33,33,0,2,90.000000,0.0487,23.177,0.7067,11.5904,-0.4332,0.9666,12.3065,-2.1722,-0.126418,-0.372722,0.919292,615614091
519,radius_out_of_range,80,75,62,6,13,160.000000,0.0271,6.675,0.7373,-4.8604,-0.2706,0.9228,-4.8333,-1.9427,-0.109646,-0.038599,0.993221,1966648846
520,no_dtm_intersection,256,146,134,94,146,105.000000,0.2402,3.676,0.8867,-35.2750,6.3444,0.9548,-35.4702,6.0138,0.064016,0.003544,0.997943,1821963994
521,tilt_too_large,96,42,39,6,17,120.000000,0.0478,68.378,0.8139,2.6391,1.0215,0.9228,2.6521,1.0732,0.851554,0.372938,0.368474,911131949
522,radius_out_of_range,112,42,42,1,16,150.000000,0.0124,20.439,0.7645,11.5702,-1.1046,0.9097,11.4723,-1.5825,-0.284259,0.202831,0.937047,3880541443
523,radius_out_of_range,80,153,139,8,41,195.000000,0.0283,8.140,0.7798,-4.8820,-0.6684,0.9546,-4.7989,-2.0919,-0.120591,-0.074221,0.989924,903063376
524,arc_coverage_low,128,133,120,83,129,95.000000,0.2143,0.658,0.9111,-35.2947,7.4247,0.9877,-35.4732,7.5095,-0.003568,-0.010918,0.999934,1302302692
525,normal_inconsistent,192,58,52,0,6,75.000000,0.0365,19.988,0.8499,11.1218,1.0909,0.9683,9.8564,-2.3368,-0.034588,0.340062,0.939767,1157963907
526,arc_coverage_low,128,65,64,52,65,75.000000,0.2290,1.655,0.9624,-35.2872,7.9125,1.0116,-35.5070,8.4790,0.015747,-0.024203,0.999583,492206691
527,normal_inconsistent,64,106,96,1,18,165.000000,0.0382,7.972,0.8955,-6.5571,1.4591,0.6967,-6.3343,3.7035,-0.091162,0.104514,0.990336,3343366292
528,normal_inconsistent,192,123,101,15,43,90.000000,0.0510,3.538,0.9088,-6.5832,1.1306,1.4284,-6.1632,11.6746,0.049775,0.036464,0.998095,2720680111
529,ok,0,4295,3863,3284,3984,185.000000,0.3180,2.244,1.2297,-16.8477,1.2110,1.1952,-17.0444,0.4737,-0.000272,-0.039147,0.999233,1320480863
530,arc_coverage_low,128,53,50,22,52,60.000000,0.1261,1.212,0.9437,-35.2969,8.3018,1.0678,-35.4983,14.1768,0.013938,-0.015917,0.999776,3106902373
531,radius_out_of_range,80,45,43,10,15,110.000000,0.0274,5.283,0.9048,-4.6268,-0.4419,0.9138,-4.6509,-0.0910,0.076845,-0.050718,0.995752,1135405464
532,normal_inconsistent,64,45,45,0,18,110.000000,0.0384,9.305,0.9105,10.9947,0.7925,1.4948,11.1143,-2.7007,-0.158495,-0.032007,0.986841,2052163995
533,radius_out_of_range,112,36,36,0,7,130.000000,0.0150,44.601,0.9204,-6.4852,1.7403,0.2875,-6.6653,1.0742,0.674243,0.196060,0.712009,1799042874
534,arc_coverage_low,128,78,75,70,78,40.000000,0.3939,5.599,1.0042,-35.3119,8.8465,1.0379,-35.7006,8.8841,-0.080734,-0.054768,0.995230,237409180
535,radius_out_of_range,112,44,44,2,18,125.000000,0.0299,21.330,0.9497,4.7420,0.6759,0.8411,4.4260,1.5234,-0.098722,-0.350079,0.931503,3231834092
536,radius_out_of_range,80,242,221,14,74,260.000000,0.0229,4.488,0.9939,10.4070,-1.0578,1.0126,10.4505,-1.5226,-0.040613,-0.066887,0.996934,1051301954
537,radius_out_of_range,80,45,45,1,4,110.000000,0.0191,14.255,0.9438,10.7381,0.0347,1.0429,10.6152,-0.6365,-0.145384,0.198737,0.969209,289694068
538,radius_out_of_range,80,66,65,5,13,200.000000,0.0162,11.772,0.9753,10.6372,-0.2916,0.9336,11.0213,1.5506,-0.020833,0.202952,0.978967,2884388192
539,arc_coverage_low,128,86,80,69,86,20.000000,0.7070,6.824,1.1436,-35.3954,11.6117,1.1877,-36.1011,11.6182,-0.115596,-0.027483,0.992916,488438639
540,radius_out_of_range,80,44,42,3,10,160.000000,0.0204,4.902,1.1044,16.1040,0.4521,1.0123,16.0773,1.6570,-0.080693,-0.028111,0.996342,325895250
541,radius_out_of_range,112,34,33,2,8,105.000000,0.0246,31.085,1.1389,16.4339,-0.3931,1.2357,16.1939,-0.7968,-0.180867,0.483600,0.856398,2362800450
542,arc_coverage_low,128,119,117,84,119,95.000000,0.2680,5.453,1.2674,-35.5311,12.7808,1.1251,-35.7183,12.6558,-0.053585,-0.078482,0.995474,2171533108
543,normal_inconsistent,64,71,63,0,15,165.000000,0.0396,12.974,1.2088,-16.5492,-0.1258,1.1934,-16.5237,-0.3441,0.117475,-0.191331,0.974470,3736682309
544,tilt_too_large,224,115,105,16,75,90.000000,0.1147,79.854,1.2911,0.6334,-1.1133,2.4368,1.3839,-1.3528,-0.859813,-0.479260,0.176157,1580469007
545,radius_out_of_range,80,35,35,0,0,105.000000,0.0168,1.931,1.1882,38.2787,-4.5783,1.1796,38.3282,-3.1205,-0.007097,0.032945,0.999432,1749708065
546,tilt_too_large,96,33,33,0,8,115.000000,0.0871,73.174,1.2899,0.2175,-1.1698,1.3606,0.2346,-1.1438,-0.955547,-0.056058,0.289460,1638378315
547,radius_out_of_range,80,961,881,48,239,305.000000,0.0273,5.766,1.3815,-8.3210,1.1109,1.5752,-8.3037,-0.8294,-0.099665,-0.012663,0.994940,2530258150
548,radius_out_of_range,80,339,335,26,87,265.000000,0.0183,12.453,1.3846,16.1021,-0.5763,-2.7898,15.5639,18.4875,-0.213826,-0.027899,0.976473,56153356
549,radius_out_of_range,112,59,58,4,19,175.000000,0.0166,25.471,1.3367,1.4547,-0.1605,1.3690,1.6895,0.3461,0.067522,0.424714,0.902806,3267257931
550,radius_out_of_range,144,112,93,51,110,35.000000,1.4636,1.741,1.7434,-2.1940,-1.0699,0.7631,-3.1668,-3.5525,-0.001634,-0.030342,0.999538,383203814
551,radius_out_of_range,112,49,44,6,15,145.000000,0.0282,79.270,1.4527,1.9315,1.5974,0.7709,2.1775,1.4642,0.930323,-0.315967,0.186182,3820990814
552,tilt_too_large,96,35,35,0,10,120.000000,0.0563,31.388,1.4198,1.3804,0.2953,1.4149,1.3229,0.1243,0.176577,0.489981,0.853662,521894032
553,tilt_too_large,96,127,105,13,63,175.000000,0.0570,24.543,1.5653,1.5380,-0.3208,-0.6617,1.2537,-5.1984,0.411253,0.058343,0.909652,1779307354
554,radius_out_of_range,80,36,34,2,9,105.000000,0.0263,17.637,1.4423,1.4137,0.1168,1.3305,1.6604,-0.7688,0.134088,-0.271703,0.952994,3408412831
555,radius_out_of_range,80,1515,1274,20,198,360.000000,0.0251,13.322,1.7350,12.7997,-0.0638,1.7125,12.7996,0.0069,-0.229090,-0.024749,0.973091,3036581664
556,normal_inconsistent,64,800,789,54,265,260.000000,0.0305,5.807,1.5223,-8.3261,-0.3808,1.5491,-8.3272,-0.6660,-0.087831,-0.050237,0.994868,1585500036
557,low_inlier_ratio,120,184,84,0,8,165.000000,0.0259,52.490,1.5400,1.0135,0.9433,1.7779,1.8496,0.2679,-0.269586,-0.746037,0.608895,203567162
558,normal_inconsistent,64,880,715,85,412,275.000000,0.0434,3.669,1.6365,-0.5919,0.6351,1.2112,-0.5806,6.9968,-0.063928,-0.002788,0.997951,1641021207
559,arc_coverage_low,128,30,30,14,30,20.000000,0.5301,2.919,1.5981,-0.1586,-0.5576,1.5913,0.3660,-0.3636,0.045462,-0.022962,0.998702,3007557241
560,tilt_too_large,96,39,34,2,9,105.000000,0.0414,37.265,1.5697,0.8155,-1.0408,1.6355,0.8657,-1.1227,-0.393405,-0.460289,0.795843,4016087411
561,tilt_too_large,96,81,66,0,16,150.000000,0.0379,55.928,1.7340,-0.5100,-0.6519,1.9352,-0.5825,-0.7943,-0.802058,0.206993,0.560230,4037754505
562,ok,0,964,580,283,832,145.000000,0.3452,9.952,2.0395,5.2939,-1.2407,2.0244,5.4826,-1.1460,0.081697,-0.152292,0.984953,574514894
563,normal_inconsistent,64,145,104,4,35,155.000000,0.0590,10.671,1.7738,0.4603,-0.9713,1.1694,-0.0158,3.1442,-0.150767,-0.107504,0.982707,2121299805
564,normal_inconsistent,64,108,97,6,25,160.000000,0.0372,13.552,1.8759,0.0880,-0.9725,1.8106,0.1422,-0.6662,-0.214613,0.094076,0.972158,6566080
565,tilt_too_large,96,43,41,0,5,110.000000,0.0466,52.174,1.8824,-0.3097,-0.2003,1.6327,-0.3128,-0.4170,0.784383,0.092952,0.613272,738034061
566,tilt_too_large,160,40,40,34,36,20.000000,0.9183,88.111,1.8993,-0.2539,-0.7996,1.7867,0.6905,-0.8428,0.987761,-0.152457,0.032956,2658732168
567,radius_out_of_range,112,59,54,0,7,135.000000,0.0264,56.603,1.9322,-2.6555,-1.0265,1.8869,-2.6195,-1.0535,0.579353,-0.601139,0.550438,2724641654
568,tilt_too_large,96,34,34,0,2,105.000000,0.0403,38.791,2.0023,-5.4681,0.4569,1.4764,-5.5682,-0.1842,0.618271,0.101071,0.779440,107331368
569,radius_out_of_range,112,36,36,3,12,130.000000,0.0129,22.907,1.9275,1.5466,1.6843,1.9399,1.6953,2.0455,0.022430,0.388587,0.921139,2095457923
570,normal_inconsistent,64,57,56,7,23,140.000000,0.0341,11.253,2.0480,9.6320,1.3269,1.9866,9.6131,1.6714,-0.156317,-0.116814,0.980775,4280559951
571,normal_inconsistent,64,335,245,3,44,245.000000,0.0371,5.265,2.1660,-0.2152,0.4400,2.1207,-0.2102,1.0070,-0.081450,0.042250,0.995781,4047997656
572,ok,0,7368,6145,4961,7366,150.000000,0.3153,2.519,2.2930,18.0278,0.0972,2.3930,18.2674,0.0046,0.013949,-0.041673,0.999034,79964951
573,radius_out_of_range,80,228,224,32,96,220.000000,0.0191,10.772,2.1389,14.6100,0.3602,2.2094,14.5838,0.7587,0.162430,-0.092473,0.982377,495546071
574,radius_out_of_range,80,41,39,2,15,135.000000,0.0186,2.784,2.0947,21.1838,0.1197,2.0953,21.1568,-0.4873,-0.010996,0.047301,0.998820,527224297
575,radius_out_of_range,80,37,37,4,7,115.000000,0.0211,4.632,2.1411,-5.8423,1.2683,2.0875,-5.8899,0.4840,0.053377,0.060594,0.996734,4063372786
576,tilt_too_large,96,32,27,0,11,105.000000,0.0590,28.702,2.1835,-5.9350,1.5569,2.4055,-5.9337,1.8822,0.480246,-0.000925,0.877133,2206797596
577,tilt_too_large,96,50,44,0,3,130.000000,0.0329,57.125,2.2265,-5.7966,1.8140,1.4686,-6.0293,1.2997,0.799996,0.255654,0.542814,4098017972
578,normal_inconsistent,64,239,213,21,75,205.000000,0.0312,11.347,2.2299,8.5377,1.2532,2.0951,8.5478,1.9518,-0.196125,-0.015643,0.980454,3799311515
579,normal_inconsistent,64,55,53,5,8,175.000000,0.0374,11.699,2.1990,-17.8003,1.2800,1.8640,-17.8339,2.9136,-0.200893,-0.027526,0.979226,952115461
580,normal_inconsistent,64,381,259,17,153,220.000000,0.0844,4.453,2.3802,10.0701,-0.8556,2.0084,10.1377,-5.1847,0.075898,-0.016381,0.996981,3372176341
581,radius_out_of_range,80,53,53,9,25,140.000000,0.0255,10.728,2.2613,-3.1760,1.7712,2.2058,-3.1918,2.1032,-0.186010,0.007259,0.982521,1308485817
582,radius_out_of_range,80,60,60,9,21,170.000000,0.0092,18.097,2.2670,9.5308,0.3683,2.1895,9.5872,0.6567,-0.258598,0.172084,0.950534,2602145127
583,radius_out_of_range,112,36,36,0,3,125.000000,0.0085,59.701,2.2906,2.8944,1.6989,2.1753,3.0704,1.8213,-0.476172,0.720224,0.504518,1145810622
584,radius_out_of_range,80,149,122,17,45,220.000000,0.0229,8.810,2.3197,-3.1682,1.4473,1.9031,-3.2838,4.2167,-0.149709,-0.032345,0.988201,355036300
585,radius_out_of_range,80,63,62,1,1,120.000000,0.0195,10.735,2.3282,3.0684,-0.9603,2.3067,3.0504,-0.7412,-0.147591,-0.113636,0.982499,1674470899
586,radius_out_of_range,80,319,318,13,77,360.000000,0.0141,15.479,2.4467,9.4582,-0.3652,2.7438,9.3723,-1.4805,-0.256434,0.073927,0.963730,4139325749
587,radius_out_of_range,80,1334,967,24,195,345.000000,0.0271,6.280,2.4704,-3.1256,0.1268,2.6337,-3.0486,-1.5575,-0.094599,-0.054925,0.993999,1856752416
588,normal_inconsistent,64,1018,519,70,494,200.000000,0.0898,2.969,2.5793,2.5058,1.1593,2.5293,2.4785,0.5272,-0.025830,0.044905,0.998657,2522121307
589,tilt_too_large,224,51,30,0,0,95.000000,0.0588,53.296,2.4473,1.3980,0.8326,1.9482,5.1423,3.6389,-0.104709,0.794864,0.597685,3502659593
590,normal_inconsistent,64,99,99,17,40,155.000000,0.0379,2.978,2.4783,8.8589,-1.1785,2.4193,8.8990,0.2213,-0.050791,0.010904,0.998650,3172987759
591,normal_inconsistent,64,96,85,0,14,100.000000,0.0346,3.762,2.5350,1.8599,-0.8821,2.4194,1.6122,-5.0623,0.021980,0.061823,0.997845,3672919431
592,radius_out_of_range,80,105,104,5,17,260.000000,0.0144,3.805,2.4846,11.8527,-1.1495,2.4720,11.8513,-0.9466,-0.066268,-0.003366,0.997796,1219217326
593,tilt_too_large,96,76,65,0,21,190.000000,0.0320,68.571,2.6163,2.5236,0.3105,4.6134,2.3072,-0.4729,-0.924667,0.107317,0.365340,3204261976
594,normal_inconsistent,64,114,114,17,55,155.000000,0.0345,12.057,2.5201,8.7211,-0.3518,2.4163,8.7855,0.2197,-0.197269,0.068675,0.977941,4188484518
595,tilt_too_large,96,88,71,0,11,150.000000,0.0394,71.915,2.5236,8.7861,-0.8560,2.9457,8.6015,-0.7039,0.880749,-0.357648,0.310435,4085850946
596,radius_out_of_range,80,284,279,15,78,340.000000,0.0121,5.519,2.5590,11.9798,0.4268,2.4740,11.9585,-0.4833,0.093238,0.023609,0.995364,2309965625
597,radius_out_of_range,80,267,247,10,42,235.000000,0.0222,12.342,2.6232,2.6265,-0.5747,2.5407,2.3397,0.8248,-0.063179,-0.204198,0.976889,1274357390
598,arc_coverage_low,128,155,146,137,155,70.000000,0.2505,6.539,2.6236,17.9496,2.0177,2.4064,18.0980,1.5377,0.100710,0.053159,0.993495,336811842
599,radius_out_of_range,208,30,30,0,6,95.000000,0.0168,19.369,2.5452,0.8371,0.3743,2.4377,0.8888,0.6925,-0.290702,0.159630,0.943404,1755869928
600,normal_inconsistent,64,128,105,15,60,120.000000,0.0817,9.081,2.5805,1.8250,-0.3663,2.2729,0.5584,7.7052,-0.045239,-0.151202,0.987467,2402384510
601,tilt_too_large,224,59,58,0,0,65.000000,0.0479,89.457,2.6434,-5.0288,0.2358,2.7416,-4.9720,0.2198,0.808550,0.588351,0.009477,4293326582
602,tilt_too_large,96,394,280,27,164,135.000000,0.1054,20.781,2.7185,-6.3574,1.5925,2.7843,-6.3022,1.6368,-0.207846,0.287550,0.934941,1289770904
603,radius_out_of_range,112,86,69,3,18,155.000000,0.0251,22.303,2.6359,-0.1099,1.3799,2.9116,-0.1575,0.7309,-0.371527,0.077377,0.925192,2719762140
604,radius_out_of_range,80,61,60,0,7,160.000000,0.0192,5.028,2.6166,2.5540,-0.1898,2.5556,2.4995,0.6442,-0.066643,-0.056931,0.996151,4151987307
605,normal_inconsistent,192,85,85,18,37,95.000000,0.0379,6.183,2.6094,0.9050,-0.2326,2.6250,0.9461,-0.4381,-0.080173,-0.071922,0.994183,3943791349
606,radius_out_of_range,144,35,35,31,35,15.000000,1.5789,7.122,2.6796,-4.9516,1.7418,3.8356,-3.8680,1.8757,0.109221,-0.058678,0.992284,1075889722
607,tilt_too_large,96,78,39,0,13,120.000000,0.0333,26.349,2.7475,-2.4453,-0.8635,3.4153,-2.4684,-2.1628,-0.443683,0.011889,0.896105,1134382566
608,tilt_too_large,96,71,51,0,9,140.000000,0.0583,60.896,2.7625,-6.4897,0.9383,2.5775,-5.8657,1.3238,-0.242306,0.839464,0.486404,642546372
609,radius_out_of_range,80,802,761,45,224,355.000000,0.0231,5.002,2.8041,-6.5699,-0.0468,6.2234,-8.1011,-42.9530,-0.079534,0.035738,0.996191,3952979440
610,radius_out_of_range,80,63,58,5,24,190.000000,0.0113,10.252,2.7705,0.2323,-0.3140,3.1128,0.5482,-2.9228,-0.131109,-0.120347,0.984036,3039165342
611,radius_out_of_range,80,60,59,8,23,135.000000,0.0163,6.039,2.8571,11.2723,1.4875,2.7686,11.2979,2.3981,-0.103301,0.019901,0.994451,506133556
612,radius_out_of_range,80,161,158,26,82,155.000000,0.0282,10.638,2.9262,11.0335,0.1329,2.8307,11.1806,1.0140,-0.118814,0.141275,0.982815,3290873814
613,radius_out_of_range,80,651,625,71,204,260.000000,0.0243,7.026,2.9805,9.7757,0.0319,3.0197,9.7333,-0.5101,-0.065233,0.103479,0.992490,466262147
614,radius_out_of_range,80,178,177,29,83,165.000000,0.0236,4.939,2.9552,9.9407,1.3404,2.9910,9.8680,0.2552,-0.026313,0.081969,0.996287,3838597139
615,arc_coverage_low,128,100,100,97,100,15.000000,0.7247,12.679,2.9721,9.8899,0.9912,2.5633,9.2938,1.0511,-0.109022,0.190494,0.975616,1625962872
616,ok,0,16913,15325,12583,16134,190.000000,0.2719,2.471,3.3522,4.2436,0.6023,1.5565,4.2285,-44.4688,0.042969,0.003496,0.999070,3101075226
617,normal_inconsistent,64,60,60,2,16,105.000000,0.0430,7.529,3.0224,13.0625,0.1046,3.0530,13.0417,0.2390,-0.017583,-0.129840,0.991379,2790968713
618,radius_out_of_range,80,44,30,1,9,100.000000,0.0183,12.254,3.0762,0.2696,-0.3466,1.9086,-0.4203,6.0510,-0.182707,-0.108018,0.977216,2896650229
619,normal_inconsistent,64,210,108,3,48,155.000000,0.0600,13.349,3.2268,-11.5991,-0.0913,3.1605,-11.6652,-0.2915,-0.000485,0.230878,0.972983,1471744584
620,radius_out_of_range,112,62,61,0,20,145.000000,0.0228,20.667,3.1086,3.8866,-1.0721,2.1369,3.1667,2.0949,-0.284224,-0.209233,0.935648,1486882905
621,tilt_too_large,224,54,47,2,16,70.000000,0.0600,24.142,3.1003,12.7408,0.6934,3.1967,12.1471,2.1037,0.089255,-0.399138,0.912536,2727905499
622,normal_inconsistent,64,44,41,10,31,105.000000,0.0511,10.949,3.3007,0.8909,-0.8780,3.3081,0.8054,-0.6040,-0.084903,-0.169905,0.981796,928231742
623,radius_out_of_range,144,30,27,24,30,5.000000,1.2376,7.194,3.3016,-6.5326,0.7407,2.6478,-5.4882,0.9378,0.125208,0.002304,0.992128,2103863111
624,radius_out_of_range,176,115,106,77,112,15.000000,2.2887,36.100,3.3926,-2.8703,-0.7903,5.3546,-1.7026,-0.7615,0.323554,-0.492411,0.807988,940390107
625,radius_out_of_range,80,45,43,8,17,115.000000,0.0138,10.397,3.3777,-5.7237,0.5971,2.8319,-5.1510,4.8915,-0.125938,0.129269,0.983580,1417964218
626,radius_out_of_range,80,56,52,2,6,135.000000,0.0249,14.619,3.3940,16.8561,0.0608,3.3967,16.8504,0.0189,0.169973,0.186564,0.967628,644740228
627,radius_out_of_range,240,31,31,2,9,85.000000,0.0106,64.041,3.4834,9.6620,1.2735,2.0896,10.1308,0.5622,0.852049,-0.287071,0.437725,2251991177
628,radius_out_of_range,80,72,67,3,11,165.000000,0.0238,7.261,3.4159,15.9284,1.6817,3.5220,16.4174,-2.2463,-0.026608,-0.123557,0.991981,3479343905
629,normal_inconsistent,64,196,105,0,40,200.000000,0.0350,15.051,3.5235,-5.7626,-0.3261,3.5851,-6.0216,-1.1003,-0.085928,0.245041,0.965697,3852549012
630,normal_inconsistent,192,69,66,19,48,95.000000,0.0409,16.672,3.4952,1.1611,-0.5639,3.2735,1.0060,0.3710,-0.253870,-0.133620,0.957964,674462517
631,normal_inconsistent,64,334,326,88,241,200.000000,0.0594,9.002,3.4953,4.0767,-0.5490,3.3900,4.0546,-1.2179,0.153504,-0.030322,0.987683,2579471255
632,radius_out_of_range,176,54,46,36,54,10.000000,1.3095,52.753,3.4365,-17.9983,0.5553,4.5461,-17.2963,0.6208,-0.447861,0.658097,0.605251,3267560030
633,tilt_too_large,96,38,38,5,15,100.000000,0.0607,41.349,3.4742,-4.9726,1.0517,3.5956,-5.0295,1.1844,0.465346,-0.468937,0.750700,3128447603
634,radius_out_of_range,80,122,105,2,16,250.000000,0.0163,7.084,3.5567,1.3410,1.5314,3.4808,1.1838,2.9557,-0.057421,-0.109133,0.992367,1408635032
635,radius_out_of_range,112,53,52,0,19,160.000000,0.0210,61.203,3.4995,15.8544,-0.0363,2.3402,15.8522,0.6025,-0.876278,-0.010125,0.481700,2416482215
636,radius_out_of_range,208,50,29,0,1,90.000000,0.0110,1.395,3.4988,0.0257,1.6493,3.4830,0.0374,2.3238,-0.020953,0.012391,0.999704,1539563289
637,radius_out_of_range,80,184,183,20,57,220.000000,0.0295,3.688,3.5044,15.9298,0.3822,3.5247,15.9345,0.0688,-0.049458,0.041116,0.997930,3093349712
638,tilt_too_large,160,68,66,65,68,15.000000,0.7114,57.369,3.4991,15.9681,0.8688,3.3824,15.2644,0.8813,0.838171,-0.081909,0.539221,557515079
639,tilt_too_large,96,109,61,1,28,140.000000,0.0639,75.693,3.5825,2.1456,0.2314,3.1148,1.0938,0.5506,-0.446182,-0.860146,0.247124,793471363
640,radius_out_of_range,80,98,87,12,40,200.000000,0.0282,8.597,3.5805,1.4345,0.8334,3.4608,1.6072,-0.5741,0.078402,-0.127265,0.988765,2916603378
641,radius_out_of_range,80,47,43,0,2,105.000000,0.0192,15.737,3.5368,1.9371,-0.6654,3.6618,1.8079,-1.2716,-0.200025,0.183177,0.962516,1603916890
642,normal_inconsistent,64,40,40,2,7,100.000000,0.0316,10.037,3.6120,0.3840,1.5220,3.7975,0.2770,0.2048,-0.144955,0.096775,0.984694,3991288495
643,radius_out_of_range,80,286,262,30,99,245.000000,0.0225,8.749,3.6071,1.5482,0.1664,3.6483,1.7331,-1.0449,-0.025996,-0.149874,0.988363,4152792565
644,radius_out_of_range,80,124,124,11,35,215.000000,0.0247,18.450,3.6091,1.7129,-0.7895,3.6971,0.5471,2.7196,0.020023,-0.315844,0.948600,985989618
645,arc_coverage_low,128,43,43,40,43,25.000000,0.1806,6.665,3.6349,9.6990,-0.4064,3.6367,9.8748,-0.5211,0.080831,0.083285,0.993242,1676821893
646,radius_out_of_range,80,101,101,9,39,195.000000,0.0249,7.171,3.6171,1.6298,-0.3687,3.6409,1.7597,-1.3636,-0.007936,-0.124581,0.992178,2724856945
647,radius_out_of_range,80,117,109,23,47,155.000000,0.0236,6.252,3.6796,-6.2653,1.6543,3.7824,-6.3960,-0.0002,-0.071298,0.082313,0.994053,2341936730
648,normal_inconsistent,64,40,37,2,8,100.000000,0.0388,5.593,3.7362,21.8264,0.2777,3.6923,21.8305,0.5825,-0.086108,0.045640,0.995240,390687046
649,radius_out_of_range,80,48,45,4,11,135.000000,0.0161,5.625,3.7759,-6.3477,0.6429,3.7380,-6.4558,1.8270,-0.026647,-0.094325,0.995185,2113057149
650,radius_out_of_range,80,42,41,1,10,150.000000,0.0127,10.017,3.7728,0.1243,0.8396,3.5721,0.1701,2.0466,-0.169463,0.039236,0.984755,1173837721
651,normal_inconsistent,192,30,30,0,10,65.000000,0.0451,19.109,3.7907,0.5033,0.5715,4.3106,0.2992,-0.9758,-0.311492,0.100685,0.944900,1628340006
652,tilt_too_large,224,37,37,1,13,75.000000,0.0440,22.351,3.8051,9.7355,0.2000,3.8139,9.7711,0.1625,0.376672,-0.052306,0.924869,20046641
653,radius_out_of_range,208,40,39,1,4,80.000000,0.0138,0.857,3.8178,5.3309,1.5114,3.8025,5.3530,0.2040,0.012423,-0.008334,0.999888,1053940902
654,normal_inconsistent,64,653,637,82,262,215.000000,0.0356,1.104,3.9389,-12.6510,0.6915,4.0132,-12.6544,-2.9367,-0.018491,-0.005415,0.999814,67589089
655,tilt_too_large,224,42,42,8,28,70.000000,0.1447,29.895,3.8827,-3.5043,0.8244,4.1324,-3.7094,0.2424,-0.221269,0.446610,0.866937,76442852
656,normal_inconsistent,64,1008,974,121,408,235.000000,0.0333,1.227,3.9591,-12.6621,2.1711,3.8083,-12.6022,-6.0948,0.018877,-0.010103,0.999771,1087071366
657,radius_out_of_range,112,39,39,0,9,165.000000,0.0167,40.008,3.9207,3.9984,-0.8542,3.5653,3.7064,-1.4021,0.495711,0.409376,0.765951,3332728143
658,tilt_too_large,96,40,35,0,0,135.000000,0.0506,79.957,3.9160,-15.5041,0.6856,3.8823,-15.1864,0.6355,0.043998,-0.983693,0.174388,2071178160
659,radius_out_of_range,80,35,35,6,9,125.000000,0.0076,7.996,3.8992,0.4483,-0.0155,3.8851,0.4460,0.0924,-0.137493,-0.021066,0.990279,1043950950
660,radius_out_of_range,144,190,189,115,186,5.000000,5.4139,0.320,3.9701,-3.7580,-0.2776,0.0637,-7.5069,-0.5980,-0.001267,-0.005440,0.999984,730352544
661,arc_coverage_low,128,519,445,238,510,50.000000,0.3784,2.987,4.0716,11.9049,-0.5160,3.9909,11.5474,-0.1737,-0.049560,0.016114,0.998641,1047542663
662,normal_inconsistent,192,95,88,5,41,90.000000,0.0952,1.266,4.0282,0.3926,-0.7223,4.0761,0.4114,-1.2882,0.020810,-0.007404,0.999756,507266340
663,radius_out_of_range,80,72,71,11,22,155.000000,0.0147,5.973,4.0959,-3.9858,-0.6779,4.1132,-3.9809,-0.5282,0.077890,0.069010,0.994571,2956969243
664,radius_out_of_range,208,38,38,4,9,80.000000,0.0180,0.807,4.1447,14.4504,0.8093,4.1154,14.3963,4.3397,-0.007842,-0.011698,0.999901,144197987
665,radius_out_of_range,80,53,53,7,23,155.000000,0.0145,16.906,4.1777,-3.6191,0.4377,4.1996,-3.5862,0.5779,0.103289,0.271835,0.956785,3878323930
666,radius_out_of_range,208,34,28,6,16,80.000000,0.0217,3.703,4.1889,6.1400,0.4882,4.1324,6.1548,1.5428,-0.062582,0.015924,0.997913,1147921969
667,radius_out_of_range,112,56,55,8,20,160.000000,0.0165,21.263,4.1874,-3.4208,0.9037,4.2077,-3.3427,1.1216,0.055123,0.358436,0.931925,3226858874
668,radius_out_of_range,80,189,189,21,63,215.000000,0.0171,15.064,4.2652,11.8910,0.4255,4.5470,11.8521,1.4794,0.256015,-0.044738,0.965637,4291117370
669,radius_out_of_range,80,54,52,2,9,150.000000,0.0185,13.974,4.2793,-3.2215,1.6038,4.0830,-3.0696,2.6072,-0.188977,0.150323,0.970407,3147064513
670,normal_inconsistent,64,81,76,8,45,135.000000,0.0469,4.579,4.3547,6.3444,0.8551,4.3186,6.3349,0.4278,0.019560,0.077405,0.996808,1136001598
671,normal_inconsistent,64,258,220,15,115,180.000000,0.0305,11.276,4.4079,-8.1942,2.1244,3.8116,-7.8970,5.4140,-0.177090,0.082902,0.980697,4240999635
672,radius_out_of_range,176,148,147,89,148,10.000000,2.4984,79.319,4.4000,11.8776,0.9707,3.3915,9.5914,0.9874,0.904695,-0.383632,0.185347,2611142166
673,low_inlier_ratio,216,50,18,0,1,75.000000,0.0128,6.718,4.4578,-3.3614,1.3919,4.4744,-3.4170,0.8959,-0.029303,0.113247,0.993135,3938411595
674,radius_out_of_range,80,217,192,8,47,225.000000,0.0242,5.777,4.4988,-8.2704,1.5205,4.4327,-8.2096,2.4936,-0.071003,0.071337,0.994922,1310845780
675,tilt_too_large,96,54,42,0,3,115.000000,0.0443,84.307,4.5108,11.9025,1.7493,4.6245,13.3009,1.8724,0.088908,0.991089,0.099191,623672452
676,radius_out_of_range,112,40,40,3,8,110.000000,0.0273,29.822,4.4773,11.8713,1.4527,4.4553,11.8941,1.4046,0.176145,-0.465060,0.867578,1876584539
677,radius_out_of_range,80,36,33,0,2,100.000000,0.0152,9.173,4.5235,16.8610,0.4853,4.4207,16.6993,1.6741,-0.084755,-0.135012,0.987212,1666613868
678,tilt_too_large,96,99,88,0,28,200.000000,0.0311,44.099,4.6422,-5.3268,2.0002,5.0588,-5.3246,1.5643,-0.695682,0.017616,0.718134,3775520656
679,radius_out_of_range,112,47,47,2,6,160.000000,0.0118,23.153,4.5761,3.7780,1.3544,4.9564,4.2148,0.0019,-0.257943,-0.296745,0.919461,2730787643
680,normal_inconsistent,64,211,187,3,35,255.000000,0.0392,11.081,4.6729,3.3219,1.4898,4.6860,3.3161,1.4535,-0.191240,-0.019204,0.981355,1351706242
681,ok,0,250,163,108,227,105.000000,0.3173,7.088,4.8768,-25.4420,0.7893,4.9051,-25.6951,0.4342,0.103672,0.066919,0.992358,876217668
682,ok,0,322,269,42,247,195.000000,0.1011,19.343,4.8951,-7.1279,-0.2182,4.8435,-6.9346,0.1957,0.022866,0.330436,0.943551,3221265792
683,radius_out_of_range,208,33,33,3,4,80.000000,0.0126,6.581,4.7027,14.5475,-0.6731,4.6857,14.4875,-0.0528,-0.030174,-0.110565,0.993411,2943972591
684,arc_coverage_low,128,172,138,95,171,90.000000,0.3147,1.278,4.9481,-25.3400,1.7587,4.9298,-25.6425,1.4747,-0.018810,0.011972,0.999751,941868860
685,radius_out_of_range,80,59,59,5,23,150.000000,0.0086,8.499,4.7694,14.3655,0.2958,4.7533,14.3760,0.1622,0.107852,-0.101043,0.989019,3858514294
686,radius_out_of_range,80,108,102,9,22,215.000000,0.0142,5.382,4.7962,15.3553,0.4284,4.7803,15.3906,0.0864,0.054086,-0.076629,0.995592,3965582910
687,normal_inconsistent,64,156,118,0,3,120.000000,0.0496,12.541,4.8598,-3.7381,0.5372,4.4851,-3.5758,2.4583,-0.200084,0.084360,0.976140,1797034059
688,radius_out_of_range,80,46,46,1,6,105.000000,0.0151,13.570,4.8004,-2.5764,-0.6890,4.8761,-2.6235,-1.0136,-0.203233,0.117259,0.972084,3658270938
689,radius_out_of_range,80,133,128,8,43,290.000000,0.0149,9.810,4.7911,15.2496,1.1691,4.7767,14.9439,2.9617,-0.007786,-0.170205,0.985378,2070909905
690,radius_out_of_range,80,32,31,4,14,110.000000,0.0201,4.486,4.8232,-2.9713,1.7413,5.3193,-3.2318,-5.3159,-0.069594,0.035688,0.996937,934310488
691,tilt_too_large,224,34,32,0,0,90.000000,0.0682,37.841,4.8152,-2.2070,1.4803,4.7590,-2.1838,1.5843,-0.594649,0.150808,0.789715,3994652
692,radius_out_of_range,80,112,112,9,48,130.000000,0.0251,4.177,4.8158,7.0322,-0.9514,4.6716,6.8210,-4.6969,0.040241,0.060704,0.997344,3448184795
693,radius_out_of_range,240,33,33,2,7,95.000000,0.0206,24.395,4.8147,14.2403,1.0290,4.7682,14.1621,1.2417,-0.156268,-0.382319,0.910721,2624590063
694,tilt_too_large,96,123,111,0,7,115.000000,0.0464,22.568,4.8470,4.0556,0.3475,4.8548,4.1915,0.0755,0.055055,-0.379814,0.923423,3771428370
695,radius_out_of_range,80,35,35,3,12,110.000000,0.0114,13.476,4.8461,14.1657,1.3456,4.8220,14.3204,0.6982,0.028830,-0.231242,0.972469,1732319452
696,tilt_too_large,96,105,68,0,23,155.000000,0.0620,70.306,4.9646,-25.3568,1.1198,5.3204,-25.4166,1.2462,0.938067,-0.080396,0.336996,4071341030
697,radius_out_of_range,80,31,31,0,7,120.000000,0.0098,7.031,4.8528,-3.7778,0.1925,4.8332,-3.7100,-0.3625,0.033579,-0.117718,0.992479,3806123182
698,radius_out_of_range,240,30,29,3,8,90.000000,0.0147,20.143,4.8536,14.0956,1.6795,4.9065,14.4489,0.7182,-0.045735,-0.341316,0.938835,871971145
699,radius_out_of_range,112,86,86,6,19,195.000000,0.0100,26.003,4.9142,-3.2855,-0.4559,5.3114,-2.8247,0.7925,0.284166,0.333862,0.898769,4173525728
700,radius_out_of_range,80,50,50,3,15,140.000000,0.0114,7.268,4.9002,4.2988,-0.4955,4.8055,4.4014,-1.5934,0.089699,-0.089203,0.991966,1383540912
701,arc_coverage_low,128,64,62,58,63,30.000000,0.5558,1.541,5.0316,-25.3356,2.2755,4.8101,-25.8396,2.1696,-0.019162,0.018866,0.999638,1531858485
702,radius_out_of_range,112,43,30,0,10,120.000000,0.0177,82.324,5.0207,2.1034,-0.8446,5.2436,2.2939,-0.8106,0.782834,0.607726,0.133566,2763673859
703,tilt_too_large,96,151,135,5,39,150.000000,0.0809,86.226,5.0233,-6.8538,-0.2589,5.0763,-7.1826,-0.2192,-0.015169,-0.997717,0.065814,893585161
704,tilt_too_large,160,136,119,89,129,20.000000,0.9774,59.085,5.0354,2.9302,1.6100,6.0066,2.8576,1.6464,0.095505,0.852596,0.513769,1263682969
705,radius_out_of_range,80,39,37,5,14,150.000000,0.0182,7.044,5.1013,-5.6038,1.4502,5.1254,-5.6065,1.2431,-0.121336,-0.017754,0.992453,1292243462
706,normal_inconsistent,192,58,37,0,18,85.000000,0.0766,18.689,5.1989,3.1379,1.7798,3.9934,3.8975,5.8233,-0.277453,0.160300,0.947272,1250410579
707,tilt_too_large,224,91,90,1,3,90.000000,0.0313,35.107,5.2556,-1.9851,1.9108,2.1041,-0.5608,6.7876,-0.524696,0.235461,0.818078,3807855820
708,radius_out_of_range,112,41,40,0,9,155.000000,0.0156,35.178,5.2495,-4.7801,1.7354,5.2735,-4.7306,1.6602,-0.253480,-0.517363,0.817363,2846950047
709,radius_out_of_range,240,143,130,53,88,20.000000,3.4886,67.245,5.2917,-16.5371,2.6574,2.3743,-18.4217,2.9186,0.510525,-0.767954,0.386796,437615705
710,radius_out_of_range,80,53,53,8,13,170.000000,0.0140,9.197,5.2999,-16.5647,1.3025,5.3147,-16.5749,1.1857,-0.129338,0.093909,0.987144,951400828
711,arc_coverage_low,128,32,32,27,29,25.000000,0.3086,16.277,5.2941,3.6922,-0.3978,5.4784,3.4462,-0.3513,0.228417,0.162426,0.959919,2192760656
712,normal_inconsistent,64,102,94,5,21,160.000000,0.0362,1.781,5.3675,-14.1345,2.8048,5.4039,-14.0879,0.5613,-0.012383,-0.028497,0.999517,214642560
713,radius_out_of_range,80,32,31,3,6,115.000000,0.0132,1.981,5.3994,-14.0708,2.3132,5.3908,-14.0716,2.5331,-0.034475,0.002589,0.999402,1503774249
714,tilt_too_large,96,72,62,2,12,195.000000,0.0370,48.702,5.4821,-5.3525,1.9003,5.2779,-5.0409,2.2254,-0.403002,0.634049,0.659978,2095664659
715,radius_out_of_range,80,69,68,4,18,175.000000,0.0142,7.231,5.4468,-13.9459,1.6127,5.4251,-14.0268,2.2468,-0.039430,-0.119531,0.992047,297003322
716,radius_out_of_range,80,379,297,15,71,295.000000,0.0208,9.381,5.5202,-5.7271,-0.1192,5.5405,-5.6113,-0.6561,-0.103896,-0.125593,0.986627,2976538215
717,radius_out_of_range,80,62,45,0,5,145.000000,0.0291,9.955,5.5783,-2.9268,1.6833,5.8190,-2.6462,-0.5184,-0.107555,-0.135352,0.984943,198936903
718,radius_out_of_range,80,31,31,1,9,140.000000,0.0115,13.395,5.5139,3.1668,1.6565,5.4955,3.2342,1.3563,0.070759,-0.220597,0.972795,1801411685
719,radius_out_of_range,80,87,81,5,27,175.000000,0.0270,18.061,5.6602,-3.0146,1.1019,5.7662,-3.1216,0.6395,-0.233993,0.203379,0.950728,3349946042
720,tilt_too_large,96,101,91,7,21,205.000000,0.0355,34.700,5.6367,-5.7442,0.8151,5.6679,-5.7805,0.7464,-0.211250,0.528634,0.822143,720764680
721,normal_inconsistent,64,441,307,9,79,235.000000,0.0510,3.045,5.8322,0.8415,0.6913,4.9746,1.2340,-17.2592,0.047582,-0.023634,0.998588,1534314643
722,normal_inconsistent,64,178,146,73,131,120.000000,0.0877,9.429,5.6237,10.2758,-1.0132,5.6871,10.2727,-0.9472,-0.063108,0.151179,0.986490,1541063577
723,arc_coverage_low,128,36,36,10,27,70.000000,0.0544,9.501,5.6862,-5.8958,0.1786,5.5707,-5.7251,1.1602,-0.112767,0.120550,0.986282,1932255510
724,radius_out_of_range,80,55,54,3,13,160.000000,0.0141,0.833,5.6638,-9.2635,0.1752,5.6686,-9.2492,-0.8548,0.000623,-0.014533,0.999894,794778709
725,arc_coverage_low,128,42,38,29,40,15.000000,0.6345,13.259,5.7324,16.0298,-0.5921,6.2115,16.4362,-0.7519,0.169703,-0.154294,0.973342,60878879
726,radius_out_of_range,80,120,120,19,51,130.000000,0.0213,5.452,5.6751,14.1926,-0.8153,5.3029,13.5691,6.9471,-0.048579,-0.081651,0.995476,4115820235
727,radius_out_of_range,80,38,38,2,7,135.000000,0.0185,16.391,5.7269,13.9029,0.6420,5.1058,13.1612,-2.6354,0.181358,0.216201,0.959357,3131615492
728,tilt_too_large,96,119,80,1,23,155.000000,0.0468,31.518,5.8436,-3.1119,0.3935,0.5898,-0.0003,10.3427,-0.451080,0.264207,0.852480,3251923718
729,radius_out_of_range,80,36,35,2,10,105.000000,0.0157,4.014,5.7554,13.8209,1.3279,5.7943,13.7687,0.4065,-0.039662,0.057673,0.997547,1978527609
730,radius_out_of_range,80,42,41,1,9,140.000000,0.0114,7.910,5.7694,15.9445,-0.3385,5.7649,15.9575,-0.4409,0.061778,-0.122965,0.990486,2320361341
731,radius_out_of_range,80,38,37,2,7,135.000000,0.0132,8.785,5.7870,15.9855,0.0656,5.7777,15.9904,0.1176,-0.121912,0.091982,0.988270,2336840368
732,radius_out_of_range,80,40,37,0,8,125.000000,0.0128,13.413,5.8102,3.1675,-0.3039,5.8698,3.1586,-0.0583,0.231394,-0.016246,0.972724,4258850573
733,normal_inconsistent,64,206,148,15,134,150.000000,0.0855,13.456,5.9025,0.8330,1.8056,5.8616,0.6121,2.5817,-0.117428,-0.200902,0.972548,4213092564
734,radius_out_of_range,112,43,40,4,19,125.000000,0.0207,32.006,5.8557,2.9604,0.6262,5.8693,2.8633,0.7813,0.025371,-0.529399,0.847993,4269045213
735,radius_out_of_range,80,306,269,19,80,330.000000,0.0193,6.138,5.8797,0.7739,-0.3838,5.9598,1.8197,9.3589,0.007760,0.106633,0.994268,1687469502
736,radius_out_of_range,80,114,113,16,34,280.000000,0.0157,5.347,5.9185,18.1893,1.3676,5.5825,18.1404,4.9977,-0.092080,-0.014362,0.995648,3121728793
737,radius_out_of_range,176,172,131,114,172,10.000000,1.3233,24.183,5.9784,10.1550,-1.0246,5.6456,11.4269,-1.0765,-0.401231,-0.082601,0.912245,4233902342
738,radius_out_of_range,80,145,144,7,26,195.000000,0.0116,3.782,5.9666,18.2286,0.3131,5.9708,18.2693,-0.2420,-0.010408,-0.065135,0.997822,4254917853
739,radius_out_of_range,112,55,42,0,12,150.000000,0.0251,57.021,6.0299,-3.8430,1.3397,6.0704,-3.7296,1.3850,0.180372,0.819252,0.544328,1695372244
740,radius_out_of_range,80,107,103,8,35,195.000000,0.0188,3.494,6.0444,-3.0706,-0.5051,5.9025,-3.1283,-3.1423,0.057619,0.019830,0.998142,4083371158
741,radius_out_of_range,80,83,82,6,14,190.000000,0.0153,12.223,6.0602,18.3573,-0.7782,6.2343,18.3921,-1.5914,-0.208382,-0.037388,0.977333,2288155589
742,normal_inconsistent,192,38,37,0,11,80.000000,0.0620,6.718,6.1071,-0.3772,2.1200,5.9265,-0.6038,-0.0083,0.063554,0.098210,0.993134,3447725574
743,radius_out_of_range,80,141,108,3,27,210.000000,0.0241,12.046,6.1565,4.2427,1.9993,6.3469,4.2172,1.0212,-0.206605,0.029530,0.977979,1056258426
744,radius_out_of_range,80,400,369,34,129,335.000000,0.0191,3.347,6.1639,6.4185,1.3751,6.3568,6.4971,4.8769,0.054549,0.020784,0.998295,1315173312
745,radius_out_of_range,80,151,147,8,39,265.000000,0.0156,7.365,6.1436,6.4571,0.4067,6.1572,6.5154,-0.0341,-0.028114,-0.125066,0.991750,97964325
746,low_inlier_ratio,88,186,90,15,48,145.000000,0.0291,2.752,6.2578,4.2863,1.5416,6.1377,4.2228,2.9936,-0.030836,-0.036811,0.998846,1594160085
747,normal_inconsistent,64,408,343,17,93,275.000000,0.0341,8.567,6.2577,-0.3050,1.1258,6.2277,-0.3210,1.2207,-0.093920,-0.115633,0.988842,751954758
748,radius_out_of_range,80,50,48,5,21,170.000000,0.0193,10.445,6.2477,23.3442,-0.7875,6.2570,23.3034,-1.0590,-0.024375,0.179639,0.983431,1517490259
749,radius_out_of_range,80,138,136,9,27,305.000000,0.0110,4.260,6.3027,4.3155,-0.1925,6.3542,4.3226,0.4808,0.073438,0.011186,0.997237,2740691915
750,radius_out_of_range,176,215,169,97,213,5.000000,30.5378,76.896,6.3195,4.4674,0.4776,-20.5110,-10.0012,-1.4568,-0.472044,0.851923,0.226721,1054175009
751,radius_out_of_range,80,253,246,14,73,240.000000,0.0221,10.717,6.4185,-0.2286,0.1288,6.3733,-0.2868,0.5662,-0.133387,-0.129580,0.982556,1787352356
752,radius_out_of_range,80,86,86,6,26,220.000000,0.0139,16.096,6.4160,-1.6860,-0.4196,6.5037,-1.5904,0.0174,0.177596,0.212895,0.960799,78440483
753,radius_out_of_range,80,68,66,1,23,190.000000,0.0174,12.639,6.4822,-1.6030,0.1214,6.0615,-1.3105,2.4332,-0.180943,0.123020,0.975769,1420310116
754,radius_out_of_range,80,200,188,15,52,260.000000,0.0197,18.118,6.6295,-1.5095,0.9084,6.6694,-1.4908,1.0218,0.297167,0.091651,0.950417,1143843347
755,radius_out_of_range,80,116,115,11,45,270.000000,0.0152,14.999,6.5478,14.5441,-0.6653,6.4946,14.5791,-0.9018,0.221086,-0.134539,0.965930,557896695
756,radius_out_of_range,80,109,109,17,51,185.000000,0.0184,10.554,6.5146,-0.1211,-0.5723,6.5571,-0.0943,-0.8118,-0.127540,-0.131461,0.983083,1934155955
757,radius_out_of_range,80,166,165,10,48,255.000000,0.0102,0.621,6.6010,16.6010,0.4276,6.5648,16.6496,-5.1635,0.006717,-0.008513,0.999941,53979646
758,radius_out_of_range,80,67,63,17,28,140.000000,0.0152,4.724,6.6172,16.6743,-0.3994,6.6302,16.6794,-0.5564,0.005463,-0.082183,0.996602,320586645
759,tilt_too_large,96,115,109,0,21,195.000000,0.0444,56.715,6.7057,-4.2353,0.5044,6.7485,-4.1472,0.4391,-0.548725,-0.630649,0.548800,3351906041
760,radius_out_of_range,80,46,46,3,12,165.000000,0.0131,4.095,6.7313,14.3365,0.4830,6.7567,14.3015,1.0703,0.039881,-0.059235,0.997447,1669441119
761,radius_out_of_range,208,41,41,1,3,80.000000,0.0162,3.675,6.7539,4.1208,1.7625,6.7822,4.1707,1.0324,-0.026527,-0.058349,0.997944,511110156
762,radius_out_of_range,240,64,61,28,36,10.000000,4.7164,77.151,6.8004,21.1758,1.4849,8.6241,25.5255,1.4083,0.898945,-0.377415,0.222386,2850693164
763,tilt_too_large,96,197,197,20,107,135.000000,0.0820,79.583,6.8131,12.6808,-0.9958,7.0187,15.2716,-1.4740,-0.051943,-0.982147,0.180803,2398845624
764,radius_out_of_range,80,37,37,3,12,140.000000,0.0141,18.827,6.8306,4.0123,-0.6366,6.8394,4.0155,-0.6313,0.281460,-0.157858,0.946500,3390874470
765,radius_out_of_range,80,116,116,7,32,290.000000,0.0129,13.884,6.8591,3.9071,-0.2113,6.9106,3.8440,0.1204,0.150370,-0.186989,0.970785,1311705369
766,radius_out_of_range,80,261,257,37,107,220.000000,0.0241,13.279,6.9421,-2.6492,-0.1911,6.9838,-2.4701,0.6074,0.031981,0.227447,0.973265,3532694426
767,radius_out_of_range,240,35,30,10,13,20.000000,1.0000,47.207,6.8989,21.2091,0.3001,6.5556,20.2643,0.3622,0.695731,-0.233307,0.679357,3890645383
768,radius_out_of_range,80,38,37,2,6,150.000000,0.0027,18.068,6.9070,3.4855,1.3385,6.9231,3.7552,0.5143,-0.017580,-0.309643,0.950690,943873704
769,tilt_too_large,160,53,53,47,53,20.000000,0.8368,79.969,6.9016,3.6395,0.8010,7.7332,3.7156,0.8001,0.127302,-0.976452,0.174173,252593393
770,radius_out_of_range,240,36,28,1,3,80.000000,0.0268,44.204,6.9069,3.5424,1.0941,9.5205,-7.2047,-10.2801,-0.165099,0.677384,0.716864,3055413003
771,radius_out_of_range,112,40,39,0,9,150.000000,0.0171,24.215,6.9585,-2.0262,2.0665,6.9035,-2.0503,1.9220,0.386121,0.138377,0.912010,674539406
772,normal_inconsistent,64,403,349,19,129,115.000000,0.0949,7.281,7.1668,5.2224,1.4240,7.7135,5.0351,-2.8940,-0.124424,0.024088,0.991937,4081531480
773,radius_out_of_range,176,73,72,73,73,5.000000,8.4311,60.061,6.9403,-4.1186,0.0058,-0.1313,0.3881,-1.0415,0.470814,0.727499,0.499079,1333667038
774,radius_out_of_range,80,37,37,3,11,130.000000,0.0161,10.347,6.9249,-2.2471,1.3381,6.9170,-2.1029,2.1530,-0.016999,0.178799,0.983739,728023863
775,radius_out_of_range,112,59,51,0,2,150.000000,0.0259,60.218,6.9417,-2.1085,1.8163,9.2459,2.1485,-0.9493,-0.412808,-0.763465,0.496700,128894199
776,radius_out_of_range,80,240,220,34,84,310.000000,0.0182,5.006,7.2159,5.2827,0.3445,7.2115,5.2978,0.1831,0.037774,-0.078659,0.996186,3243380501
777,radius_out_of_range,80,97,93,14,41,150.000000,0.0214,2.804,7.2289,8.1940,1.9553,7.0938,7.9806,-3.0081,0.026941,0.040831,0.998803,4062675009
778,normal_inconsistent,64,575,569,89,244,225.000000,0.0323,2.684,7.2044,8.1389,1.3022,7.2003,8.1503,1.7504,-0.046091,-0.008313,0.998903,3318428401
779,radius_out_of_range,80,39,39,4,12,110.000000,0.0183,2.318,7.2730,1.1483,0.4649,7.2854,1.1459,0.3916,-0.008377,0.039577,0.999181,3990957033
780,arc_coverage_low,128,90,80,63,90,30.000000,0.2552,10.166,7.3602,1.2145,2.1006,7.3000,1.4684,2.0610,-0.174437,-0.026861,0.984302,945936521
781,radius_out_of_range,80,160,152,10,48,260.000000,0.0277,13.458,7.3677,-9.3903,2.4057,5.2372,-9.0565,11.4461,-0.229806,0.036826,0.972540,1114354199
782,radius_out_of_range,80,46,46,0,8,160.000000,0.0149,14.310,7.3208,1.0834,-0.1088,7.3531,1.1274,0.0951,0.133798,0.207822,0.968973,1936334349
783,radius_out_of_range,80,47,46,6,17,160.000000,0.0119,7.971,7.3172,14.9191,0.7684,7.1519,14.6867,-1.2747,0.078754,0.114140,0.990338,585761707
784,radius_out_of_range,80,147,146,11,43,230.000000,0.0175,6.654,7.3387,16.4852,-0.6424,6.7973,17.0333,5.9377,-0.082345,0.081512,0.993265,1864836128
785,radius_out_of_range,80,49,48,8,23,130.000000,0.0230,15.656,7.3598,1.0980,-0.5100,7.3634,0.9820,-0.0886,-0.033467,-0.267778,0.962899,2890422403
786,radius_out_of_range,80,112,112,10,40,170.000000,0.0251,1.169,7.3653,-9.4355,2.8507,7.5872,-9.1918,19.0316,0.013009,0.015724,0.999792,537237969
787,normal_inconsistent,64,278,267,39,116,200.000000,0.0308,7.804,7.4205,-9.3010,1.5981,7.4272,-9.3253,1.6890,-0.090083,-0.101602,0.990738,3064533129
788,radius_out_of_range,80,460,385,52,165,305.000000,0.0183,0.764,7.4756,-8.4981,1.8079,7.4883,-8.4996,2.5219,0.013329,0.000509,0.999911,2847368331
789,normal_inconsistent,192,66,56,0,8,85.000000,0.0481,9.067,7.4339,-14.0809,2.0560,7.4408,-13.4357,5.8938,-0.001649,0.157583,0.987504,1284130563
790,normal_inconsistent,64,58,58,8,19,125.000000,0.0356,7.389,7.4323,-9.1964,0.8328,7.4481,-9.2377,1.0436,-0.032440,-0.124449,0.991696,1879804670
791,normal_inconsistent,64,90,89,11,39,165.000000,0.0335,15.233,7.4403,-9.1494,0.5488,7.4709,-9.0758,0.2301,-0.031453,-0.260861,0.964864,1075444983
792,radius_out_of_range,112,148,127,11,42,260.000000,0.0184,23.331,7.5854,15.3997,0.0923,6.8680,14.4697,2.8232,-0.239733,-0.315237,0.918234,484270633
793,radius_out_of_range,80,167,159,16,46,245.000000,0.0240,1.690,7.4991,-8.4633,1.0335,7.5004,-8.2554,-6.3807,0.000825,-0.029481,0.999565,2065889574
794,radius_out_of_range,80,30,30,1,6,115.000000,0.0080,8.702,7.5093,-8.4565,2.8341,6.2270,-8.0306,11.6851,-0.143517,0.047873,0.988489,1501354242
795,radius_out_of_range,80,263,258,36,107,215.000000,0.0201,4.534,7.5681,-8.4701,0.4558,7.5292,-8.4956,1.0727,-0.075044,-0.024857,0.996870,2900756185
796,tilt_too_large,224,33,28,0,10,80.000000,0.0380,24.189,7.6569,-4.1050,-0.1011,7.5900,-4.0685,-0.2918,0.267453,-0.310422,0.912199,3023106298
797,radius_out_of_range,80,195,177,12,69,205.000000,0.0240,8.634,7.7397,-3.3557,1.5663,-0.0002,0.0002,57.1345,-0.137653,0.059882,0.988669,1857433627
798,radius_out_of_range,80,67,59,2,12,180.000000,0.0153,5.835,7.7231,15.6085,1.7122,8.0489,16.2106,-4.9924,-0.048975,-0.089092,0.994819,3060435339
799,radius_out_of_range,80,142,119,7,31,190.000000,0.0214,4.777,7.7502,-3.8135,0.0673,7.6005,-3.6576,2.4837,-0.058429,0.059337,0.996527,3300868034
800,radius_out_of_range,80,54,51,3,15,165.000000,0.0114,8.453,7.7389,18.2785,0.4247,7.6961,18.3336,0.8778,-0.098560,0.109056,0.989137,399801037
801,radius_out_of_range,80,157,153,12,50,270.000000,0.0112,4.772,7.7466,-3.2911,2.3065,7.7331,-3.3209,1.9288,0.041319,0.072206,0.996534,596839240
802,radius_out_of_range,80,43,42,5,13,150.000000,0.0155,7.229,7.7514,16.6860,1.3220,8.2403,16.8117,5.2916,0.122046,0.030632,0.992052,1525216317
803,radius_out_of_range,80,209,207,21,55,245.000000,0.0179,3.945,7.7410,15.6786,1.0247,7.7830,15.4943,3.8529,0.013370,-0.067489,0.997630,858170988
804,radius_out_of_range,80,234,166,2,30,255.000000,0.0199,7.025,7.8421,-3.3041,0.5001,7.8517,-3.2714,0.1922,-0.025748,-0.119554,0.992494,2862178657
805,radius_out_of_range,80,42,41,0,15,140.000000,0.0286,10.308,7.7736,15.7236,0.3410,7.7934,15.8440,1.0370,0.038807,0.174684,0.983860,3915515997
806,radius_out_of_range,80,41,41,0,12,110.000000,0.0224,5.477,7.7687,18.2187,0.0184,7.7600,18.2753,0.4972,-0.038867,0.087182,0.995434,2030181706
807,normal_inconsistent,64,146,145,21,70,170.000000,0.0316,3.969,7.8109,15.9165,-0.8958,8.3159,15.8621,6.2886,0.068469,-0.010169,0.997601,2003142713
808,radius_out_of_range,80,107,103,13,36,175.000000,0.0271,5.411,7.8572,15.7800,-0.1395,7.8610,15.8486,-0.6685,0.006183,-0.094092,0.995544,2627750751
809,low_inlier_ratio,88,73,31,0,17,135.000000,0.0016,14.642,7.9572,6.4583,1.2539,7.9661,6.4742,1.2971,-0.046492,0.248466,0.967524,4011745713
810,normal_inconsistent,192,31,30,1,6,85.000000,0.0355,11.564,7.8744,17.9779,-1.0050,7.8867,18.0699,-0.6741,-0.020681,0.199396,0.979701,2675428552
811,arc_coverage_low,128,60,59,44,60,50.000000,0.1546,3.659,8.0174,6.7624,2.0902,7.8899,6.8520,1.9970,-0.018252,-0.061145,0.997962,1661459690
812,radius_out_of_range,80,46,46,2,9,145.000000,0.0088,5.557,7.9662,7.4666,-0.2169,7.9682,7.4831,-0.0625,0.006596,0.096606,0.995301,1397667966
813,radius_out_of_range,80,30,30,6,16,115.000000,0.0155,17.825,8.0164,6.7009,1.8440,8.0763,6.6053,1.4916,-0.134925,0.274763,0.951998,1596250032
814,radius_out_of_range,80,45,41,4,7,135.000000,0.0127,5.264,8.1087,7.5976,1.0778,8.0480,7.6538,2.0500,-0.067405,0.062228,0.995783,1402200136
815,tilt_too_large,160,37,37,36,37,20.000000,0.3198,45.782,8.0944,-0.2556,0.3321,7.7951,-0.1467,0.3379,-0.253481,-0.670370,0.697389,1433723248
816,radius_out_of_range,80,38,38,3,9,120.000000,0.0159,14.410,8.1097,-8.3179,0.5483,8.0833,-8.2967,0.7214,-0.184728,0.166747,0.968541,3685989526
817,tilt_too_large,96,75,74,0,11,145.000000,0.0365,32.807,8.1138,-0.0811,-0.1534,8.0574,0.2918,-0.7650,0.103656,-0.531797,0.840504,2174919667
818,normal_inconsistent,192,48,47,1,2,85.000000,0.0359,7.881,8.1853,7.6959,1.8904,8.2005,7.6298,2.4179,-0.017600,-0.135990,0.990554,3477462033
819,radius_out_of_range,80,64,63,4,10,150.000000,0.0236,5.501,8.2574,21.1767,-0.3142,8.0842,21.3637,2.2645,-0.068437,0.067137,0.995394,3063509441
820,arc_coverage_low,128,59,59,10,46,90.000000,0.0744,6.622,8.3645,15.3303,0.2043,8.5190,15.4901,1.6083,0.088842,0.073512,0.993329,316248102
821,radius_out_of_range,80,188,182,20,76,195.000000,0.0297,3.433,8.3983,-6.9786,2.7587,8.5161,-7.0257,0.9630,-0.055959,0.021323,0.998205,4031320261
822,normal_inconsistent,64,220,166,25,76,215.000000,0.0410,12.602,8.4481,-6.9901,2.2437,8.5491,-7.0056,1.7861,-0.217643,-0.015342,0.975908,2568704848
823,normal_inconsistent,64,141,132,13,34,205.000000,0.0333,3.056,8.4957,-7.0493,1.1797,8.7641,-7.0538,-3.4670,-0.053297,-0.001471,0.998578,501154830
824,tilt_too_large,96,182,167,8,56,200.000000,0.0372,21.704,8.4610,-7.0823,1.7271,8.5119,-7.0373,1.8792,0.185799,0.319749,0.929107,3806123946
825,radius_out_of_range,80,44,41,2,8,100.000000,0.0283,4.878,8.4504,5.9710,1.5818,8.5819,5.3836,-5.6243,-0.017003,0.083323,0.996378,4140166072
826,normal_inconsistent,64,499,489,46,184,180.000000,0.0394,2.410,8.5311,-7.0424,0.6134,8.5177,-7.0465,1.5129,-0.039668,0.013954,0.999115,1798126556
827,normal_inconsistent,64,201,195,31,103,195.000000,0.0449,7.407,8.5114,-7.0280,0.0788,8.5532,-7.0233,-0.1086,-0.063399,-0.112256,0.991655,3945105090
828,tilt_too_large,224,43,40,0,1,95.000000,0.0416,28.523,8.7313,-2.4029,0.5515,6.9229,-2.6124,-2.7594,0.473599,0.060995,0.878626,119501600
829,radius_out_of_range,80,106,105,15,31,260.000000,0.0108,2.628,8.6669,-2.4429,0.0377,8.6231,-2.4249,-1.0536,0.042713,-0.016674,0.998948,1351477151
830,radius_out_of_range,208,35,35,3,5,80.000000,0.0153,6.941,8.7624,5.1480,-0.1013,8.6987,5.0517,0.9420,-0.068008,-0.099888,0.992672,2913723697
831,normal_inconsistent,64,53,53,0,5,125.000000,0.0346,8.282,8.8345,-2.2217,0.2669,9.8974,-2.6401,-7.4335,-0.133465,0.054187,0.989571,1632279364
832,radius_out_of_range,80,60,60,10,21,145.000000,0.0091,11.699,8.8514,-2.3466,1.4318,8.8834,-2.2776,1.8036,0.096266,0.178459,0.979227,297192081
833,tilt_too_large,160,46,45,39,46,15.000000,0.9877,68.786,8.9040,-3.5997,2.4005,9.8071,-3.1974,2.4318,-0.415568,0.834486,0.361851,1826809498
834,normal_inconsistent,192,31,31,0,3,90.000000,0.0553,13.500,8.8826,-2.2221,-0.0630,8.7781,-2.3192,0.6282,-0.200153,-0.120141,0.972371,3135525631
835,radius_out_of_range,80,67,50,2,23,155.000000,0.0270,6.806,9.0556,20.6666,0.0100,8.9873,20.3437,2.6609,-0.029639,-0.114735,0.992954,2495298726
836,radius_out_of_range,176,38,38,29,38,15.000000,1.0916,28.750,9.1296,-2.0896,2.6153,8.2215,-1.4803,2.5870,-0.250849,-0.410400,0.876725,4171849158
837,ok,0,4425,3460,2451,3836,230.000000,0.2094,5.376,9.3888,-14.8985,1.8868,9.3914,-15.2374,-0.6933,0.030928,0.088444,0.995601,1917549437
838,radius_out_of_range,208,32,32,4,11,85.000000,0.0182,1.294,9.2571,-26.7615,2.6200,9.2552,-26.7531,3.4587,-0.005745,0.021837,0.999745,827080708
839,radius_out_of_range,176,33,33,33,33,15.000000,1.0506,58.194,9.2985,23.9735,-0.8240,8.9210,22.9976,-0.8805,-0.793883,0.303276,0.527042,3281718220
840,normal_inconsistent,192,35,31,0,18,95.000000,0.0702,16.833,9.4400,-1.5268,-0.0140,9.4289,-1.4875,-0.0727,-0.089262,0.275481,0.957153,3283017148
841,low_inlier_ratio,248,63,0,0,0,0.000000,0.0042,25.963,9.4206,-4.4970,0.5035,9.4187,-4.5883,0.4548,0.046958,0.435269,0.899075,1190637251
842,normal_inconsistent,64,38,36,2,8,125.000000,0.0381,8.336,9.5349,-4.4719,0.0568,9.5675,-4.4583,-0.1104,-0.114788,-0.088548,0.989436,4199723114
843,normal_inconsistent,64,419,368,11,86,320.000000,0.0304,12.731,9.7923,-1.6169,0.4468,9.9154,-1.6603,-0.1275,-0.210451,0.065400,0.975414,4066695909
844,radius_out_of_range,208,65,64,5,17,95.000000,0.0287,13.470,9.7603,0.4589,1.5750,10.4853,2.0489,-5.7518,-0.099228,-0.210739,0.972493,608932195
845,radius_out_of_range,80,30,30,2,6,115.000000,0.0127,2.699,9.7262,-24.5562,1.9361,9.7358,-24.4874,3.3796,0.008677,0.046290,0.998890,3744191239
846,ok,0,8421,7411,6865,8278,190.000000,0.3107,1.893,10.2178,17.9844,0.7857,10.3318,18.2374,0.0009,0.009403,-0.031670,0.999454,514161911
847,radius_out_of_range,80,42,42,2,3,100.000000,0.0116,4.716,10.0606,-6.0332,1.2357,9.9676,-5.9652,2.7106,-0.065761,0.049353,0.996614,2313474564
848,radius_out_of_range,80,471,293,10,42,325.000000,0.0142,9.284,10.2598,2.8269,1.4713,9.6153,3.7461,8.2608,-0.092809,0.131959,0.986901,3219834005
849,normal_inconsistent,64,724,694,84,262,235.000000,0.0342,5.235,10.2295,2.8823,2.2877,10.2960,3.0818,4.4714,0.020459,0.088919,0.995829,2819749112
850,normal_inconsistent,64,81,70,1,3,160.000000,0.0300,4.301,10.3463,-1.5262,0.7585,10.2406,-1.6087,2.5393,-0.056059,-0.049815,0.997184,2549131490
851,normal_inconsistent,64,231,228,35,107,215.000000,0.0351,8.306,10.3531,2.7522,0.6351,10.8162,2.1718,-4.4001,-0.086659,0.115571,0.989512,2411310137
852,radius_out_of_range,80,83,81,12,30,175.000000,0.0117,15.307,10.3521,1.7340,1.1477,10.6247,1.5973,2.2421,0.234360,-0.121508,0.964526,1310669832
853,radius_out_of_range,80,57,55,3,13,180.000000,0.0134,4.930,10.3662,-18.3221,2.2582,10.1773,-18.4246,4.7589,-0.076229,-0.039699,0.996300,3829994893
854,normal_inconsistent,64,43,43,11,25,100.000000,0.0316,6.826,10.3693,-18.3271,1.1365,10.5061,-18.4303,2.3812,0.099351,-0.065242,0.992911,4174213571
855,normal_inconsistent,64,369,358,47,174,215.000000,0.0377,8.039,10.3785,2.7164,0.1944,10.4658,2.6109,-0.7029,-0.069691,0.121246,0.990173,1263247436
856,radius_out_of_range,80,58,58,7,22,160.000000,0.0189,6.442,10.4132,-10.4664,3.3492,10.4062,-10.4929,3.1148,0.072198,0.085884,0.993686,1602997908
857,radius_out_of_range,80,108,108,12,40,185.000000,0.0215,8.002,10.4484,-10.5091,2.7086,10.5205,-10.4925,2.2203,-0.128557,-0.053408,0.990263,2456826694
858,arc_coverage_low,128,32,32,28,32,15.000000,0.4806,13.212,10.4928,11.7679,3.0442,10.6702,11.3202,3.0533,0.201737,0.107409,0.973532,2610202197
859,radius_out_of_range,80,53,49,0,17,165.000000,0.0254,13.844,10.5469,-3.5182,2.4674,10.7866,-4.6909,7.3218,0.050004,-0.233991,0.970952,864662304
860,tilt_too_large,96,43,43,10,26,105.000000,0.0405,23.687,10.5475,16.3959,-0.6591,10.6082,16.2289,-0.2674,0.061111,-0.397060,0.915756,1710615133
861,radius_out_of_range,80,51,46,0,3,130.000000,0.0161,3.700,10.6469,20.0953,0.4573,10.7982,19.8562,4.7732,0.035064,-0.054181,0.997915,959514232
862,radius_out_of_range,176,41,41,41,41,10.000000,1.0088,61.384,10.7004,11.8690,1.7854,10.7004,12.8770,1.8708,-0.876974,0.039195,0.478937,83043873
863,radius_out_of_range,80,84,80,3,16,225.000000,0.0161,5.819,10.8471,11.9661,1.0142,10.9500,11.8434,-0.5620,-0.065624,0.077284,0.994847,565056674
864,radius_out_of_range,80,32,32,2,6,135.000000,0.0062,4.827,10.8562,-12.4040,1.9460,10.8986,-12.3780,2.5285,0.071478,0.044416,0.996453,2901006110
865,tilt_too_large,96,87,70,0,12,140.000000,0.0405,24.931,10.8814,-6.6779,2.4866,11.5256,-6.7890,1.0741,-0.415298,0.072228,0.906814,3648475331
866,radius_out_of_range,80,144,143,20,52,220.000000,0.0166,10.282,10.9350,12.0704,0.1801,10.8934,12.0976,0.4609,-0.165370,0.067196,0.983940,4264158745
867,radius_out_of_range,112,66,59,0,10,175.000000,0.0269,77.607,11.0763,-2.3087,1.5134,11.1788,-2.3700,1.5348,0.804146,-0.554333,0.214624,2264457447
868,tilt_too_large,160,46,45,43,46,15.000000,0.3369,55.230,10.9849,-3.6955,0.3480,10.6481,-3.6606,0.3700,-0.027806,0.820981,0.570279,1634993211
869,radius_out_of_range,80,102,100,2,6,170.000000,0.0140,4.623,11.0073,-2.3385,2.4091,10.9620,-2.3601,3.0069,-0.072247,-0.035718,0.996747,1495888105
870,normal_inconsistent,192,30,29,0,5,55.000000,0.0473,4.961,11.0464,-4.3714,3.2282,10.7470,-3.9125,-3.2544,0.051820,-0.069234,0.996254,1132648921
871,normal_inconsistent,64,56,41,1,16,130.000000,0.0350,12.597,11.1241,-6.4416,1.3958,10.8214,-6.4269,2.7453,-0.217202,0.019751,0.975927,2915041515
872,radius_out_of_range,80,53,53,9,16,125.000000,0.0204,5.998,11.0708,-2.3284,1.7761,11.4963,-2.3013,-2.1647,-0.104232,-0.007461,0.994525,1959833159
873,radius_out_of_range,80,132,117,2,26,245.000000,0.0244,12.956,11.1301,-2.3151,1.2085,11.0590,-2.2728,1.5821,-0.200319,0.100679,0.974544,1176925115
874,radius_out_of_range,80,37,33,0,7,100.000000,0.0011,6.560,11.1523,-3.9679,2.8424,11.0998,-4.5204,7.6977,-0.010043,-0.113806,0.993452,2482431207
875,radius_out_of_range,80,126,126,27,67,140.000000,0.0266,3.556,11.1173,9.7553,-0.2081,11.1613,9.5905,-3.1570,-0.010370,0.061154,0.998074,2217270047
876,radius_out_of_range,80,103,103,14,41,120.000000,0.0234,3.838,11.1340,9.7788,0.1243,11.0304,9.6997,-2.0774,0.053080,0.040791,0.997757,1726181679
877,radius_out_of_range,80,58,58,9,29,140.000000,0.0239,3.653,11.1553,9.7932,0.3877,11.2377,9.5987,-3.0276,-0.020403,0.060352,0.997969,79044906
878,radius_out_of_range,80,34,34,4,14,120.000000,0.0091,6.943,11.1604,-3.9898,3.2364,11.1857,-3.9637,3.5029,0.071673,0.097351,0.992666,1253817345
879,radius_out_of_range,80,41,41,0,8,130.000000,0.0218,16.654,11.2060,1.9638,1.1593,11.1993,1.9590,1.1561,0.190846,-0.213814,0.958051,3900150564
880,radius_out_of_range,80,44,43,6,8,110.000000,0.0159,2.171,11.2141,9.8254,0.8566,11.2258,9.8369,0.5311,-0.030097,-0.023010,0.999282,1224664518
881,radius_out_of_range,80,100,98,6,30,180.000000,0.0183,5.258,11.3139,9.8736,1.8064,11.5039,9.9851,4.0756,0.079953,0.044788,0.995792,3929537239
882,normal_inconsistent,192,124,116,10,36,80.000000,0.0609,10.545,11.4820,12.3422,2.6593,11.9752,12.1740,-0.1692,-0.178049,0.042327,0.983111,1812999148
883,normal_inconsistent,64,106,102,0,26,135.000000,0.0439,9.966,11.3725,9.9359,2.5310,11.4046,9.8581,1.9839,-0.006218,0.172950,0.984911,880394397
884,radius_out_of_range,80,102,98,8,29,190.000000,0.0207,4.804,11.4184,-15.8709,2.6853,11.4208,-15.8899,2.7668,-0.044158,-0.071161,0.996487,812476870
885,radius_out_of_range,80,154,146,4,48,210.000000,0.0199,4.399,11.4392,-6.8285,2.4359,11.4826,-6.8344,3.1500,0.074514,-0.018197,0.997054,771201142
886,normal_inconsistent,192,76,74,13,42,85.000000,0.0453,6.085,11.4235,-4.8065,2.9150,11.4136,-4.8367,3.0075,0.023419,0.103387,0.994365,3172163588
887,tilt_too_large,96,40,36,0,8,125.000000,0.0394,34.906,11.4683,27.7886,0.1103,11.5340,27.5927,-0.1895,-0.123944,0.558646,0.820093,3426776233
888,ok,0,268,238,187,268,115.000000,0.3615,6.178,11.5888,27.6368,-0.5932,11.8412,27.8122,-0.6852,-0.005047,0.107503,0.994192,2470306531
889,tilt_too_large,96,249,216,10,129,130.000000,0.0788,27.333,11.6499,-3.4618,0.6294,12.3968,-3.1405,-0.9759,-0.434037,-0.149804,0.888353,2781554173
890,radius_out_of_range,80,47,46,1,11,170.000000,0.0126,11.408,11.6464,12.2931,1.7304,11.0204,12.2098,4.8646,-0.196042,-0.026220,0.980245,3393207950
891,arc_coverage_low,128,38,35,31,38,35.000000,0.2340,5.757,11.7023,27.4222,-1.2158,11.6759,27.1932,-1.2864,-0.096937,0.025786,0.994956,2739804877
892,radius_out_of_range,80,521,515,35,134,260.000000,0.0225,4.459,11.7442,8.4056,1.6313,11.7408,8.4187,1.4708,0.064599,-0.043274,0.996973,296422293
893,radius_out_of_range,80,49,49,9,24,115.000000,0.0266,8.115,11.6998,8.4696,0.7249,10.8377,9.0381,-6.5331,0.119395,-0.075316,0.989986,1804608535
894,radius_out_of_range,80,43,43,4,9,130.000000,0.0182,5.555,11.7013,8.4983,0.4733,11.9890,8.3310,3.8940,0.082153,-0.051210,0.995303,2692000617
895,radius_out_of_range,80,37,37,1,9,105.000000,0.0176,4.934,11.7364,-13.0215,2.0052,11.5182,-12.8951,-0.8093,0.074747,-0.042541,0.996295,3168325798
896,radius_out_of_range,80,170,155,6,43,225.000000,0.0226,1.994,11.7669,-11.0436,2.0666,11.6107,-10.7580,-7.6296,0.017054,-0.030320,0.999395,1004213438
897,normal_inconsistent,64,132,131,23,64,170.000000,0.0337,7.008,11.7713,-11.1118,1.2983,11.7824,-11.1603,1.0383,0.027375,0.118904,0.992528,3692812214
898,radius_out_of_range,80,53,52,8,20,165.000000,0.0123,6.984,11.8191,-13.1272,2.6340,11.8146,-13.1336,2.5848,0.113620,0.043309,0.992580,1901785470
899,radius_out_of_range,80,95,88,10,30,195.000000,0.0228,9.487,11.8711,-11.0578,2.8807,11.8829,-11.0667,2.9052,0.150899,0.066305,0.986323,2981039474
900,radius_out_of_range,80,58,54,5,22,130.000000,0.0265,5.399,11.8890,-11.0397,3.4117,11.9607,-10.6890,-0.4498,-0.016367,-0.092665,0.995563,4013957835
901,radius_out_of_range,80,72,71,13,21,165.000000,0.0151,1.846,12.2441,-16.6677,1.9409,12.2712,-16.6526,3.0296,0.031267,0.007758,0.999481,353739151
902,radius_out_of_range,80,55,54,2,13,165.000000,0.0127,8.984,12.2623,-16.6870,1.4655,12.0145,-15.7771,7.4537,-0.040844,0.150725,0.987732,3006594524
903,normal_inconsistent,64,188,167,6,49,225.000000,0.0367,10.239,12.3959,-0.4487,1.0160,12.4616,-0.4064,1.3679,0.158101,0.081263,0.984073,453721815
904,normal_inconsistent,192,39,38,0,0,65.000000,0.0516,6.048,12.3935,-0.2098,1.7613,12.4884,0.0281,-0.5541,-0.029789,-0.101059,0.994434,2552614694
905,tilt_too_large,96,35,34,4,8,135.000000,0.0319,45.597,12.4753,10.7923,2.5752,12.5929,10.9338,2.3947,-0.499933,-0.510371,0.699706,2915384182
906,radius_out_of_range,80,48,48,4,14,155.000000,0.0170,6.487,12.4551,10.7133,1.9040,12.5122,10.8343,3.0996,0.050858,0.100875,0.993598,3488526420
907,radius_out_of_range,80,34,34,0,4,125.000000,0.0109,12.183,12.4790,-23.0648,2.4298,12.5477,-23.0205,2.0431,-0.175089,-0.117800,0.977480,1415191407
908,radius_out_of_range,80,151,151,23,62,175.000000,0.0210,3.393,12.4792,10.4193,0.4134,12.4278,10.4229,-0.6739,0.058955,0.005143,0.998247,498215157
909,normal_inconsistent,64,97,93,3,52,150.000000,0.0559,14.140,12.5163,10.5594,1.3624,12.0647,10.6297,3.2902,-0.243502,0.019538,0.969704,3562443012
910,arc_coverage_low,128,39,39,37,39,35.000000,0.1804,7.393,12.5102,10.5056,0.9624,12.6755,10.5677,0.9222,0.033430,0.124250,0.991688,2441046047
911,radius_out_of_range,80,45,45,4,12,140.000000,0.0182,4.459,12.5461,-20.7001,3.1314,12.5116,-20.7103,3.6365,-0.077692,-0.003043,0.996973,3644404604
912,radius_out_of_range,80,66,64,0,16,185.000000,0.0152,2.619,12.5641,-20.7113,2.4739,12.5726,-20.7815,3.9466,0.003591,-0.045551,0.998956,3667154861
913,radius_out_of_range,80,156,152,20,59,210.000000,0.0283,7.064,12.6471,-19.1206,2.7227,12.6425,-19.1408,2.8246,-0.110526,-0.053930,0.992409,378352801
914,radius_out_of_range,112,42,38,0,8,140.000000,0.0182,23.695,12.6505,-5.6658,1.1123,12.7064,-5.7357,0.8803,-0.234915,0.326063,0.915695,905301654
915,radius_out_of_range,112,34,34,1,6,115.000000,0.0213,76.932,12.6992,0.2818,1.9243,14.0491,0.6957,2.2534,0.932145,0.282816,0.226099,2366489086
916,radius_out_of_range,80,33,33,4,14,110.000000,0.0135,3.240,12.9240,-7.8590,2.4110,12.7620,-7.7202,-1.2984,0.042567,-0.037191,0.998401,198664859
917,radius_out_of_range,80,51,49,1,3,155.000000,0.0211,7.236,12.9868,-23.3528,3.0872,13.1198,-23.4614,1.7399,-0.097233,0.080056,0.992037,3202162941
918,arc_coverage_low,128,42,30,17,32,30.000000,0.2339,8.496,12.9896,-4.2248,2.8975,12.7387,-4.1683,2.8694,0.048662,0.139492,0.989027,3040866448
919,ok,0,127,122,68,122,145.000000,0.0957,3.207,13.1273,-3.6014,1.0082,13.0852,-3.6159,1.4890,0.055682,0.005360,0.998434,3219214896
920,tilt_too_large,224,37,35,0,19,80.000000,0.0476,49.545,13.1492,-3.4903,1.5475,13.2410,-3.6653,1.7206,0.228452,-0.725807,0.648855,866015882
921,normal_inconsistent,64,428,325,22,200,185.000000,0.0660,18.973,13.2043,-3.0460,0.8841,13.2832,-2.8323,0.2268,-0.174048,-0.274610,0.945672,4053022962
922,ok,0,4040,3806,3612,4040,145.000000,0.3255,5.242,13.2867,-3.2364,2.4397,13.3483,-3.3229,0.3383,0.090717,-0.010814,0.995818,3326666307
923,radius_out_of_range,80,39,37,1,7,130.000000,0.0167,4.168,13.1637,-8.0250,1.0000,13.1559,-8.0234,1.1574,-0.072260,0.007801,0.997355,447869495
924,radius_out_of_range,80,170,168,7,53,190.000000,0.0196,4.934,13.3412,-16.0635,2.5165,13.3768,-16.0852,2.1786,-0.078344,0.035482,0.996295,2707105965
925,arc_coverage_low,128,40,40,35,40,35.000000,0.5204,9.226,13.3444,-4.1545,1.9394,13.8480,-4.1963,1.9402,0.029667,-0.157562,0.987063,3181194302
926,radius_out_of_range,208,30,30,0,5,75.000000,0.0214,4.391,13.4522,-14.2990,2.4173,13.6330,-14.3250,-0.0237,-0.075530,0.012486,0.997065,2020521112
927,tilt_too_large,96,38,38,1,16,140.000000,0.0356,28.113,13.5829,-3.7764,1.9106,13.5943,-3.7641,1.8606,-0.133450,-0.451913,0.882024,597449767
928,arc_coverage_low,128,48,48,46,48,25.000000,0.5260,7.514,13.6575,34.5851,10.7569,13.8269,35.0782,10.7414,-0.117672,0.057043,0.991413,1659545981
929,normal_inconsistent,64,53,44,4,12,115.000000,0.0453,4.108,13.6553,34.3167,12.8565,13.2590,34.5102,18.8536,-0.066179,0.027421,0.997431,1861135964
930,normal_inconsistent,64,248,219,29,86,190.000000,0.0301,4.515,13.6802,-13.3600,2.6727,14.0475,-13.7682,-3.9945,-0.051892,0.059197,0.996897,1035467956
931,radius_out_of_range,240,55,55,35,41,15.000000,1.4848,63.687,13.6299,-1.5069,1.1874,12.1431,-1.4815,1.1838,0.053582,0.894786,0.443268,428123335
932,arc_coverage_low,128,68,66,15,55,90.000000,0.1009,5.740,13.7058,34.5619,11.2432,13.6818,34.7458,10.1057,0.046743,-0.088413,0.994987,2485012645
933,tilt_too_large,32,49,46,8,42,100.000000,0.0935,29.548,13.7713,34.2033,13.8687,13.7391,34.3129,13.7366,0.433675,-0.234791,0.869942,2294049650
934,radius_out_of_range,80,47,47,6,20,145.000000,0.0298,7.507,13.7846,-13.4559,1.5645,13.7902,-13.2466,-0.1372,0.005340,-0.130541,0.991429,3008444208
935,radius_out_of_range,80,37,34,1,12,115.000000,0.0127,3.322,13.8483,-7.9514,3.3727,13.8356,-7.9458,3.5292,-0.051445,0.026674,0.998320,2195244836
936,radius_out_of_range,80,49,49,7,19,130.000000,0.0295,15.724,13.7787,4.4550,2.2501,13.8039,4.5263,2.0050,-0.012962,-0.270690,0.962579,1207750550
937,radius_out_of_range,208,36,36,7,19,80.000000,0.0267,2.510,13.7975,-13.4638,1.3528,13.8447,-13.4471,0.3224,-0.032427,-0.029423,0.999041,699458571
938,radius_out_of_range,80,34,34,4,12,100.000000,0.0241,13.937,13.8271,4.6590,1.1855,13.7335,4.5615,1.7992,-0.178541,-0.161659,0.970561,453360009
939,normal_inconsistent,64,78,78,1,26,130.000000,0.0310,15.967,13.8890,4.6135,1.5329,13.9882,4.8990,0.5149,-0.071546,-0.265614,0.961421,4146719491
940,radius_out_of_range,80,113,111,18,56,170.000000,0.0226,1.963,13.9172,-7.9941,2.7376,13.8798,-7.9618,4.6074,-0.027816,0.019988,0.999413,2240071991
941,radius_out_of_range,80,37,37,3,12,135.000000,0.0144,3.139,13.9467,4.8504,0.4042,13.9580,4.7535,2.1784,0.003113,-0.054676,0.998499,3204045464
942,normal_inconsistent,64,51,38,2,11,120.000000,0.0342,10.216,14.0325,34.1337,14.5514,13.4960,34.2731,11.4525,0.173112,-0.038586,0.984146,1527480073
943,arc_coverage_low,128,34,34,2,34,15.000000,0.2328,19.080,13.9955,-8.0599,1.2876,13.6643,-8.3692,0.3254,0.094302,0.312988,0.945064,3138580751
944,radius_out_of_range,80,105,105,22,49,190.000000,0.0165,16.026,14.0407,-1.2412,1.0705,14.1480,-0.9775,2.0469,0.094776,0.259289,0.961138,2989106734
945,arc_coverage_low,128,39,36,21,39,35.000000,0.1164,8.513,14.0516,-17.8248,2.9012,13.9447,-17.7744,2.9591,-0.066688,-0.132169,0.988981,1558992435
946,tilt_too_large,96,34,26,0,5,100.000000,0.0309,26.073,14.0900,34.1299,16.1658,14.2632,33.8803,15.5472,-0.269887,0.346898,0.898233,1164161124
947,radius_out_of_range,80,54,54,4,14,130.000000,0.0183,13.925,14.1842,-3.0134,1.3077,14.0858,-3.5476,3.4953,-0.049008,-0.235614,0.970610,3825255465
948,radius_out_of_range,80,177,175,6,47,225.000000,0.0202,5.365,14.2904,-0.8907,2.9260,13.0352,-2.8531,-21.8344,0.050231,0.078862,0.995619,6266699
949,radius_out_of_range,112,30,30,0,4,110.000000,0.0299,55.301,14.9963,-0.6694,3.3498,14.9768,-0.6065,3.3004,0.176722,-0.802936,0.569265,1102919892
950,radius_out_of_range,80,42,37,3,11,140.000000,0.0192,11.808,14.9972,-2.9203,0.9239,14.9490,-2.9919,0.5356,0.123430,0.163212,0.978840,1482128880
951,ok,0,95,86,23,80,125.000000,0.0692,14.979,15.1249,34.5013,23.4555,15.0005,34.5980,22.9154,0.251866,-0.058037,0.966020,2260476983
952,normal_inconsistent,192,36,25,1,14,85.000000,0.1039,15.719,15.1206,39.7948,12.2203,14.9363,39.7995,11.6141,0.246799,0.111765,0.962600,3583776787
953,radius_out_of_range,80,270,188,8,65,255.000000,0.0235,4.593,15.1296,-17.5591,3.1217,15.1248,-17.3536,0.2591,0.007414,-0.079738,0.996788,3888203480
954,radius_out_of_range,80,58,57,7,23,165.000000,0.0227,17.250,15.1587,-2.7203,1.9379,15.0601,-3.2129,0.3120,0.066765,0.288922,0.955022,1584347668
955,radius_out_of_range,208,67,47,8,40,85.000000,0.0180,1.634,15.1656,-2.6295,2.2743,15.1856,-2.6234,2.1682,0.023445,-0.016232,0.999593,3243901913
956,radius_out_of_range,80,175,174,12,60,220.000000,0.0235,7.908,15.1843,-7.7866,1.9341,15.1282,-7.9306,3.0445,-0.060371,-0.123630,0.990490,1469674748
957,radius_out_of_range,80,40,40,7,18,100.000000,0.0187,8.417,15.2982,-15.4945,3.6486,15.3005,-15.5165,3.8364,-0.050296,-0.137472,0.989228,191403162
958,normal_inconsistent,64,95,71,22,65,105.000000,0.1242,2.680,15.4103,24.9402,2.9685,15.2934,24.8930,2.6959,0.028998,0.036672,0.998907,410756697
959,arc_coverage_low,128,35,34,31,34,15.000000,0.7218,18.623,15.3376,-4.3860,1.2874,14.9980,-5.0215,1.3255,-0.266822,0.175454,0.947640,437762989
960,radius_out_of_range,80,39,38,2,7,140.000000,0.0144,7.356,15.3269,-4.3936,1.6887,15.3666,-4.4472,2.1800,0.071144,-0.106454,0.991769,1143632486
961,normal_inconsistent,192,36,21,0,3,75.000000,0.0446,2.319,15.3714,24.9432,1.4174,15.8482,24.8046,-10.9342,-0.039102,0.010380,0.999181,1054234117
962,radius_out_of_range,80,123,120,19,63,155.000000,0.0260,8.238,15.4698,-4.4161,3.1832,15.4896,-4.4140,3.2381,-0.008391,0.143047,0.989680,3263468069
963,radius_out_of_range,80,68,68,13,32,135.000000,0.0251,3.625,15.5516,-4.3875,4.1224,15.5358,-4.4539,3.0675,0.031304,0.054934,0.997999,197367931
964,ok,0,2337,1805,1450,2320,175.000000,0.2553,2.179,16.1081,-19.1609,3.6287,16.2098,-19.3842,4.6354,0.000717,-0.038009,0.999277,338016616
965,radius_out_of_range,80,47,46,4,17,140.000000,0.0294,8.720,16.0679,-14.0457,2.9914,16.0667,-14.1717,2.2486,0.019670,0.150330,0.988440,31782829
966,arc_coverage_low,128,46,30,20,41,15.000000,0.6800,15.273,16.1716,21.6068,22.3374,16.6940,22.0678,22.2499,-0.209844,0.159230,0.964682,84190768
967,radius_out_of_range,80,35,33,1,11,125.000000,0.0230,12.969,16.1298,-14.1770,4.2369,16.3185,-13.6427,1.7749,-0.070040,-0.213206,0.974493,2614463567
968,radius_out_of_range,176,36,35,20,36,10.000000,2.1285,56.392,16.2468,-6.2464,4.3802,17.8864,-7.5915,4.1967,0.542392,0.632007,0.553515,1437867283
969,radius_out_of_range,80,32,31,0,6,130.000000,0.0219,10.302,16.2914,-6.1374,3.4443,16.3062,-6.1730,3.6476,0.034823,-0.175412,0.983879,992773871
970,normal_inconsistent,192,32,32,0,1,80.000000,0.0339,17.448,16.4353,3.7943,2.1939,16.9742,4.7349,-1.2249,-0.153986,-0.257279,0.953989,1797671615
971,radius_out_of_range,80,40,40,1,9,150.000000,0.0176,4.525,16.6500,-16.1573,3.0880,16.6362,-16.0634,4.3485,-0.015254,0.077408,0.996883,131589327
972,radius_out_of_range,80,44,43,9,18,130.000000,0.0190,16.371,16.6795,9.6619,2.1185,16.8982,10.2719,-0.0582,-0.091171,-0.266703,0.959457,131770385
973,radius_out_of_range,112,55,55,6,29,140.000000,0.0279,24.983,16.7073,6.8119,0.6130,17.0266,6.0946,-1.0889,-0.162418,0.389863,0.906436,2294558821
974,arc_coverage_low,128,31,21,11,25,35.000000,0.1365,5.066,16.8130,-9.7563,3.1404,16.6688,-9.7714,3.2202,0.001644,0.088287,0.996094,413791926
975,normal_inconsistent,192,37,36,3,10,90.000000,0.0314,8.515,16.8285,-9.4044,4.2033,16.9129,-9.4325,3.7733,-0.143058,0.038167,0.988978,3519434632
976,radius_out_of_range,80,87,84,5,15,185.000000,0.0124,4.573,16.9069,-0.9277,1.8143,16.9128,-0.9316,1.8956,0.079324,-0.007958,0.996817,3550395617
977,normal_inconsistent,192,46,45,0,1,95.000000,0.0328,1.988,16.9901,-0.9883,3.0513,16.9820,-1.0242,2.5669,-0.008585,0.033619,0.999398,1632883575
978,radius_out_of_range,240,90,83,42,51,15.000000,1.5760,50.370,17.1505,11.0495,1.8569,15.9442,10.0372,1.8179,0.471276,-0.609161,0.637826,586780866
979,radius_out_of_range,80,223,222,36,100,190.000000,0.0259,1.915,17.1504,-0.0859,2.5267,17.2002,-0.0872,3.4812,0.033304,-0.002791,0.999441,235221553
980,low_inlier_ratio,120,52,25,0,5,100.000000,0.0097,63.773,17.1760,-0.0778,1.5999,17.1672,0.0646,1.5646,0.077699,-0.893682,0.441922,23689408
981,normal_inconsistent,64,225,220,44,118,160.000000,0.0314,10.495,17.2161,-0.1241,1.1900,17.0911,0.5067,4.6832,-0.042338,0.177157,0.983271,3059944541
982,arc_coverage_low,128,74,73,56,74,20.000000,0.3144,10.877,17.2819,-5.6810,2.7139,17.5407,-5.8584,2.7582,-0.086339,-0.167799,0.982033,1277174263
983,ok,0,2281,2145,1822,2281,175.000000,0.3319,2.309,17.5529,26.4134,1.0938,17.7296,26.6339,2.0834,0.038381,-0.012256,0.999188,2022111551
984,radius_out_of_range,80,47,41,2,11,160.000000,0.0180,3.604,17.3860,-11.9086,4.2694,17.3014,-12.0053,2.3479,0.044535,0.044370,0.998022,2556294220
985,ok,0,717,614,454,717,160.000000,0.3242,3.130,17.6271,26.3987,2.7129,17.9613,26.5894,6.4339,0.054271,-0.005942,0.998509,1756708723
986,ok,0,955,828,686,950,130.000000,0.2821,6.990,17.8870,15.2315,1.5336,18.1083,15.3554,1.4956,0.057310,-0.107356,0.992567,1342399481
987,radius_out_of_range,80,39,38,1,11,100.000000,0.0268,8.007,17.8952,4.8482,2.4666,18.1838,4.7393,0.2299,-0.133169,0.040856,0.990251,1978159252
988,arc_coverage_low,128,227,217,163,227,50.000000,0.6246,3.908,17.9023,-13.9968,3.0832,18.7919,-14.0436,7.6047,0.063497,-0.024747,0.997675,1745498145
989,ok,0,257,252,201,257,125.000000,0.2540,4.087,17.9973,15.0933,2.7325,18.1460,15.2467,3.1776,0.043990,-0.056085,0.997456,1728577516
990,radius_out_of_range,80,35,32,4,7,135.000000,0.0174,9.425,17.9111,-13.7175,2.5639,18.1915,-13.6833,4.2278,0.162251,0.022134,0.986501,2526317946
991,arc_coverage_low,128,36,36,34,34,75.000000,0.2628,7.090,17.9210,15.2294,3.3467,18.1384,15.3477,4.1111,-0.018811,0.121983,0.992354,3443158111
992,ok,0,270,264,184,270,100.000000,0.2920,6.415,17.9246,-13.9338,3.7274,18.2400,-14.1049,5.0845,0.033177,-0.106692,0.993738,3518635234
993,radius_out_of_range,80,203,167,15,53,240.000000,0.0225,5.210,17.9736,4.7922,3.2975,18.0602,4.7512,4.2551,0.070069,-0.057760,0.995869,1569687930
994,ok,0,318,306,268,318,145.000000,0.2485,4.552,18.0289,-13.9079,4.9763,18.1814,-13.9922,4.6286,0.028382,-0.074120,0.996845,1970982958
995,arc_coverage_low,128,113,113,112,113,60.000000,0.3503,3.177,17.9471,-14.0333,4.2803,18.3066,-13.9938,4.7570,0.052801,-0.016856,0.998463,3403669404
996,radius_out_of_range,80,43,42,9,23,110.000000,0.0167,18.694,17.9793,10.4424,2.3742,17.9897,10.5034,2.1824,-0.096100,-0.305761,0.947246,1284933607
997,radius_out_of_range,176,40,39,34,40,15.000000,1.6590,58.932,18.3756,9.3580,2.7038,20.0314,9.4137,2.7629,0.027356,-0.856115,0.516061,1790372671
998,radius_out_of_range,80,39,37,0,6,130.000000,0.0184,18.250,18.3839,9.4725,2.0763,18.3711,9.4272,2.2033,-0.078160,-0.303251,0.949700,4041829181
999,radius_out_of_range,80,53,53,0,7,155.000000,0.0164,12.913,18.3882,9.5547,1.7747,18.1812,10.0314,-0.4882,0.089389,-0.204807,0.974712,1549058453
1000,ok,0,63,61,19,51,110.000000,0.0762,18.106,18.6292,24.8851,16.4412,17.9138,25.9952,12.4070,0.181335,-0.252380,0.950485,205088246
1001,normal_inconsistent,64,66,55,2,13,150.000000,0.0389,5.852,18.7588,24.7671,17.0988,19.2609,24.3389,23.5479,0.075135,-0.068915,0.994789,1599117273
1002,normal_inconsistent,64,54,46,0,3,135.000000,0.0327,9.217,19.0001,15.1889,1.4228,18.9769,15.1846,1.4199,-0.152798,-0.048063,0.987088,990717402
1003,tilt_too_large,96,43,41,7,23,100.000000,0.0345,21.159,19.4563,6.5382,1.3490,19.5132,6.5540,1.2449,-0.271703,-0.237627,0.932583,75987013
1004,radius_out_of_range,80,35,34,2,9,130.000000,0.0123,7.447,19.4986,6.6236,2.7444,19.4541,6.5559,2.1096,0.073049,0.107063,0.991565,812678158
1005,radius_out_of_range,112,37,36,1,11,100.000000,0.0223,33.414,19.7399,32.8547,11.5853,19.9205,32.6660,11.9761,0.359743,-0.416936,0.834715,3990137715
1006,arc_coverage_low,128,127,127,93,127,85.000000,0.2031,5.714,20.0020,1.0994,2.7931,20.1538,1.2277,3.1539,0.088471,-0.045663,0.995032,3164051975
1007,tilt_too_large,96,31,29,2,11,105.000000,0.0534,79.200,20.0312,32.9623,13.1595,20.1279,32.9460,13.1815,0.822725,-0.536664,0.187390,3589601026
1008,tilt_too_large,160,48,48,6,43,85.000000,0.1262,30.464,19.9726,1.1949,3.7971,20.0705,1.4883,4.2819,-0.025605,0.506350,0.861948,2898701554
1009,ok,0,144,134,83,142,130.000000,0.1602,3.492,20.0574,-30.2545,2.6874,20.1229,-30.3218,2.0636,0.050539,-0.033993,0.998143,843195845
1010,ok,0,559,536,492,559,165.000000,0.2265,1.077,20.0828,1.1565,4.9995,20.2648,1.1902,5.1558,0.011356,0.014983,0.999823,455387573
1011,arc_coverage_low,128,39,39,12,35,80.000000,0.1102,2.598,20.0346,-30.3003,3.3012,20.1991,-30.3621,5.0242,0.042173,-0.016596,0.998972,1336629035
1012,ok,0,337,317,186,330,125.000000,0.1697,1.692,20.1827,-30.2007,4.5286,20.1957,-30.3659,3.9669,-0.004655,0.029153,0.999564,4193660960
1013,arc_coverage_low,128,59,58,30,49,40.000000,0.1038,0.363,20.0531,-6.0094,3.4468,20.1479,-6.0358,3.4991,0.006079,0.001779,0.999980,2142619445
1014,normal_inconsistent,64,45,41,5,31,105.000000,0.0635,16.868,20.1218,26.6780,21.5999,20.0203,26.7866,21.1427,0.260122,-0.128585,0.956976,3635286197
1015,ok,0,2322,1906,1260,2305,175.000000,0.2826,4.435,20.7769,8.0526,2.4335,20.9426,8.2460,1.6903,0.024287,-0.073424,0.997005,953968211
1016,normal_inconsistent,64,177,168,21,77,190.000000,0.0361,2.105,20.7291,11.9012,2.6870,20.7091,11.9963,0.2120,0.015772,-0.033164,0.999325,2734249840
1017,normal_inconsistent,64,46,44,4,20,130.000000,0.0428,9.908,20.7164,11.9329,1.8463,20.8155,11.8859,2.3932,0.136439,-0.104844,0.985085,3743597485
1018,arc_coverage_low,128,82,80,74,82,80.000000,0.2957,5.513,20.7565,8.1262,3.6624,21.0222,8.0611,3.7203,-0.026928,-0.092212,0.995375,1233857468
1019,normal_inconsistent,64,48,47,10,26,115.000000,0.0456,0.981,20.7225,11.9493,1.1605,20.7552,11.9642,1.6429,-0.001861,0.017015,0.999854,541522354
1020,arc_coverage_low,128,90,89,61,90,80.000000,0.2300,3.904,20.8949,7.7848,4.1821,21.0213,8.0210,3.3191,-0.003553,-0.067987,0.997680,3215138930
1021,radius_out_of_range,208,32,26,0,4,85.000000,0.0047,4.349,21.1120,14.2684,2.2972,21.3459,14.3768,-1.2204,-0.069365,-0.030621,0.997121,14980242
1022,radius_out_of_range,80,112,111,7,20,215.000000,0.0208,2.733,21.3662,-2.2746,1.9251,21.3709,-2.2949,2.3651,0.013026,-0.045873,0.998862,1797004025
1023,tilt_too_large,160,31,24,5,28,75.000000,0.1428,23.900,21.5412,-36.5598,6.2269,21.8278,-36.3874,6.9078,0.238253,0.327682,0.914254,1262622713
1024,arc_coverage_low,128,57,55,13,48,95.000000,0.1333,8.133,21.5570,-36.5582,6.5752,21.7529,-36.2578,3.8822,-0.037467,-0.136428,0.989941,3883465042
1025,arc_coverage_low,128,97,97,83,97,45.000000,0.5302,1.094,21.8209,-36.4168,5.3256,21.6563,-36.9140,5.5017,-0.000630,-0.019085,0.999818,309257280
1026,radius_out_of_range,80,89,88,2,18,270.000000,0.0127,3.442,22.5636,-0.2552,1.8538,22.4419,-0.1467,-0.9045,0.044929,-0.039820,0.998196,307536634
1027,normal_inconsistent,64,65,56,4,20,155.000000,0.0372,6.301,23.0305,-6.4847,2.4740,23.3315,-6.7285,5.7494,0.083730,-0.070958,0.993959,301089956
1028,radius_out_of_range,144,128,125,109,128,20.000000,1.1992,17.477,23.8236,-6.5674,6.4678,25.0021,-6.4328,6.2873,0.040997,0.297509,0.953838,687696592
1029,tilt_too_large,224,33,26,0,2,70.000000,0.0676,35.747,23.8329,-6.4753,6.7706,25.6311,-10.4899,12.9079,0.242216,-0.531634,0.811602,2500674639
1030,arc_coverage_low,128,36,36,25,36,35.000000,0.2116,1.336,23.9458,-34.6486,3.6122,23.9980,-34.8848,2.0321,-0.009740,0.021179,0.999728,723571276
1031,arc_coverage_low,128,44,44,15,44,70.000000,0.1706,2.102,23.9368,-6.5495,8.3176,24.0932,-6.4513,9.2002,0.015918,0.033043,0.999327,98137548
1032,arc_coverage_low,128,102,101,69,102,70.000000,0.1910,5.389,23.9420,-6.5401,8.9809,24.1536,-6.5274,9.6051,0.060802,-0.071581,0.995580,2085221487
1033,normal_inconsistent,64,53,52,4,14,145.000000,0.0359,11.271,24.6904,-6.7807,16.1245,24.7689,-6.8826,16.7710,0.093432,-0.171673,0.980713,3014386398
1034,ok,0,185,174,55,155,120.000000,0.1230,7.880,24.6998,-6.8963,17.1969,24.8043,-6.2793,12.9185,-0.000856,-0.137094,0.990558,1470653237
1035,normal_inconsistent,64,199,168,20,87,170.000000,0.0508,15.521,24.8103,-7.7767,20.7173,25.6908,-11.6508,35.0304,0.057004,-0.261451,0.963532,3019821590
1036,radius_out_of_range,208,30,16,1,4,65.000000,0.0180,18.261,25.1190,-8.3602,22.9044,24.6565,-7.4925,20.0480,0.148066,-0.276159,0.949638,3392692246
1037,arc_coverage_low,128,42,40,9,40,80.000000,0.1198,3.367,27.8869,-25.5036,4.9756,27.9872,-25.5845,5.5852,0.057145,0.013538,0.998274,3715059335
1038,arc_coverage_low,128,47,46,33,47,70.000000,0.2472,1.198,28.0498,-25.5522,6.7839,28.0630,-25.7816,6.9411,-0.020905,0.000107,0.999781,1894197634
1039,arc_coverage_low,128,84,82,71,84,70.000000,0.2737,0.202,29.4264,3.7584,11.7340,29.6123,3.9468,11.5668,-0.003392,-0.000941,0.999994,3825725391
1040,arc_coverage_low,128,48,46,20,47,85.000000,0.1532,10.878,29.4130,3.7327,10.7586,29.6504,3.7811,11.5456,0.173932,-0.073230,0.982031,2716056122
1041,arc_coverage_low,128,34,34,14,34,80.000000,0.1259,15.870,29.6923,4.2326,15.2849,29.6947,4.0863,14.9378,0.217050,0.166327,0.961886,2622609282
1042,arc_coverage_low,128,49,47,23,46,85.000000,0.1593,13.153,29.7159,4.2201,15.7106,29.9710,4.2871,16.5317,0.148535,0.172398,0.973764,1497721168
1043,ok,0,349,334,275,349,130.000000,0.2636,0.762,36.7092,-16.9900,5.7608,36.9241,-17.0619,5.6142,0.008043,0.010597,0.999911,2411259182
1044,tilt_too_large,160,40,37,16,40,65.000000,0.1972,30.530,36.6953,-17.1415,7.7237,36.9908,-17.6085,8.5874,0.104175,-0.497192,0.861364,2902250932
1045,arc_coverage_low,128,32,32,30,32,70.000000,0.2106,6.998,36.7081,-16.9477,6.7614,36.9455,-16.8342,5.0174,-0.034776,-0.116760,0.992551,3474474228
1046,arc_coverage_low,128,44,44,16,44,65.000000,0.1495,4.551,38.3967,-2.9435,3.4552,38.4943,-2.8436,3.3038,-0.071550,0.034294,0.996847,2220186136
1047,arc_coverage_low,128,42,41,13,39,65.000000,0.1401,11.629,40.6159,16.6828,12.0890,40.7180,16.6121,11.9658,0.123478,0.159323,0.979474,1710232158
1048,arc_coverage_low,128,49,48,26,49,65.000000,0.1703,1.106,40.9880,16.2837,16.6665,41.0719,16.4137,16.5974,-0.019072,-0.002938,0.999814,279742805
1049,no_dtm_intersection,256,43,41,9,33,100.000000,0.0814,4.461,40.9931,16.2821,17.4558,41.3091,16.0717,22.2067,0.055631,-0.054365,0.996970,2229669467
