config,seed,pair,forward,official,n_matches,n_correct,transform_ok,rot_err_deg,trans_err_m,e_p_m,success,time_ms
literal,1,s1-s2,1,1,4,0,1,60.7686273,12.44059642,13.88104842,0,306.903562
literal,1,s1-s3,1,1,4,0,1,64.95761085,9.557241714,10.97006211,0,305.740466
literal,1,s1-s4,1,0,7,0,1,175.4873299,30.83099502,32.35097043,0,225.945259
literal,1,s1-s5,1,0,7,0,1,147.5706551,20.43175412,22.49749438,0,238.030009
literal,1,s1-s6,1,0,4,0,1,11.27275601,26.46244165,26.42135864,0,237.466492
literal,1,s2-s3,1,1,18,17,1,0.5795916769,0.04431679752,0.06752551964,1,311.865928
literal,1,s2-s4,1,1,6,0,1,81.83319382,17.80259983,18.80134492,0,219.842191
literal,1,s2-s5,1,1,9,0,1,106.3887036,8.907572692,11.91350897,0,230.69399
literal,1,s2-s6,1,0,6,0,1,117.0288254,29.05642965,31.03431514,0,231.616589
literal,1,s3-s4,1,1,0,0,0,nan,nan,nan,0,223.582465
literal,1,s3-s5,1,1,5,0,1,27.77524198,9.926631858,10.10046966,0,232.468092
literal,1,s3-s6,1,0,3,0,1,62.77162981,35.21321204,35.42706102,0,233.315116
literal,1,s4-s5,1,1,3,0,1,117.151035,19.7853634,21.57725651,0,159.057712
literal,1,s4-s6,1,1,0,0,0,nan,nan,nan,0,157.780377
literal,1,s5-s6,1,1,10,9,1,0.6833821243,0.125533644,0.1356210461,1,169.509945
literal,1,s2-s1,0,0,4,0,1,60.7686273,20.65661477,21.57852394,0,303.717038
literal,1,s3-s1,0,0,0,0,0,nan,nan,nan,0,305.783476
literal,1,s4-s1,0,0,7,0,1,175.4873299,17.03555202,20.57623049,0,226.250326
literal,1,s5-s1,0,0,7,0,1,147.5706551,34.10545299,36.0995104,0,239.455825
literal,1,s6-s1,0,0,4,0,1,11.27275601,25.48356643,25.49085167,0,237.169394
literal,1,s3-s2,0,0,18,17,1,0.5795916769,0.008241801685,0.04854263264,1,309.974138
literal,1,s4-s2,0,0,6,0,1,81.83319382,19.69734532,20.85380779,0,220.031249
literal,1,s5-s2,0,0,9,0,1,106.3887036,27.61705993,29.23932039,0,230.349426
literal,1,s6-s2,0,0,6,0,1,117.0288254,29.8076355,31.59758666,0,231.020897
literal,1,s4-s3,0,0,5,0,1,127.8715796,21.85945746,24.10096116,0,228.896033
literal,1,s5-s3,0,0,5,0,1,27.77524198,1.746297206,3.017043982,0,232.922486
literal,1,s6-s3,0,0,3,0,1,62.77162981,28.12230399,28.68042603,0,233.873441
literal,1,s5-s4,0,0,3,0,1,117.151035,27.65963761,28.76187316,0,157.134043
literal,1,s6-s4,0,0,6,0,1,45.66998026,12.25556957,12.7443382,0,157.589514
literal,1,s6-s5,0,0,10,9,1,0.6833821243,0.08279127746,0.1002047371,1,169.874064
literal,2,s1-s2,1,1,5,0,1,164.196609,14.96963599,17.94034463,0,305.57753
literal,2,s1-s3,1,1,5,0,1,160.7639228,27.094806,28.52338411,0,317.308889
literal,2,s1-s4,1,0,5,0,1,76.94037133,4.139358627,7.346098539,0,222.91491
literal,2,s1-s5,1,0,6,1,1,174.9539961,29.98304041,31.66827617,0,235.023301
literal,2,s1-s6,1,0,8,0,1,145.7090981,24.76675606,26.29811859,0,234.409172
literal,2,s2-s3,1,1,7,0,1,75.75616946,11.68830911,13.82000316,0,301.168482
literal,2,s2-s4,1,1,4,0,1,121.2699522,34.87650027,35.73616266,0,228.027191
literal,2,s2-s5,1,1,3,0,1,65.22962545,21.23806702,21.92978107,0,229.044688
literal,2,s2-s6,1,0,4,0,1,72.4247337,31.9379135,33.06406579,0,228.739542
literal,2,s3-s4,1,1,4,0,1,126.942002,35.11088577,35.83190109,0,223.006275
literal,2,s3-s5,1,1,9,9,1,1.366816503,0.1301423921,0.1689589818,1,231.410551
literal,2,s3-s6,1,0,3,0,1,53.46912168,3.589354972,5.657279817,0,230.951243
literal,2,s4-s5,1,1,4,0,1,128.7498006,17.1153968,19.80441674,0,153.231527
literal,2,s4-s6,1,1,13,13,1,0.4049808209,0.0331018912,0.04170415876,1,153.940219
literal,2,s5-s6,1,1,9,8,1,0.8334228774,0.1049767449,0.1163201701,1,162.947939
literal,2,s2-s1,0,0,5,0,1,179.6844158,25.61266951,28.11818543,0,304.064451
literal,2,s3-s1,0,0,5,0,1,160.7639228,13.17373479,16.3807388,0,307.461306
literal,2,s4-s1,0,0,5,0,1,76.94037133,33.05972484,33.81512121,0,222.742135
literal,2,s5-s1,0,0,6,0,1,61.41690651,18.44582643,19.93092671,0,233.577837
literal,2,s6-s1,0,0,8,0,1,145.7090981,40.6974747,42.46088057,0,245.176677
literal,2,s3-s2,0,0,7,0,1,75.75616946,13.93006401,15.53586159,0,302.34588
literal,2,s4-s2,0,0,4,0,1,121.2699522,12.59516887,15.52200071,0,217.916288
literal,2,s5-s2,0,0,5,0,1,20.67589445,21.64663046,21.98764931,0,229.732008
literal,2,s6-s2,0,0,0,0,0,nan,nan,nan,0,231.123251
literal,2,s4-s3,0,0,4,0,1,126.942002,19.38792456,21.3947725,0,220.690026
literal,2,s5-s3,0,0,9,9,1,1.366816503,0.1250656918,0.1760523571,1,241.751072
literal,2,s6-s3,0,0,4,0,1,140.9307506,32.06594106,34.02426024,0,229.86436
literal,2,s5-s4,0,0,4,0,1,128.7498006,25.70813152,27.59017355,0,162.565126
literal,2,s6-s4,0,0,13,13,1,0.4049808209,0.01628689875,0.030281082,1,152.593952
literal,2,s6-s5,0,0,9,8,1,0.8334228774,0.07249540437,0.09138333975,1,162.832824
literal,3,s1-s2,1,1,8,0,1,144.4945767,11.79089993,15.24344269,0,302.826667
literal,3,s1-s3,1,1,7,0,1,104.4077805,12.05138062,14.9449817,0,301.89455
literal,3,s1-s4,1,0,7,0,1,94.78021211,27.54956533,28.7752906,0,216.44944
literal,3,s1-s5,1,0,5,0,1,42.33605458,24.10597535,24.2000872,0,231.052974
literal,3,s1-s6,1,0,5,0,1,8.009108032,37.0931863,37.14187515,0,230.246911
literal,3,s2-s3,1,1,7,6,1,1.848790885,0.1623103102,0.2359760056,1,304.628361
literal,3,s2-s4,1,1,4,0,1,161.9811024,24.31234122,26.05475909,0,215.514955
literal,3,s2-s5,1,1,5,0,1,13.87147563,28.70694621,28.82673897,0,230.473895
literal,3,s2-s6,1,0,5,0,1,138.0151911,17.86251173,20.90012232,0,229.618875
literal,3,s3-s4,1,1,6,0,1,10.6065686,20.81269725,20.79809093,0,229.662127
literal,3,s3-s5,1,1,16,16,1,0.4684609752,0.09275441854,0.09579406683,1,236.118111
literal,3,s3-s6,1,0,0,0,0,nan,nan,nan,0,229.833021
literal,3,s4-s5,1,1,2,2,0,nan,nan,nan,0,151.785346
literal,3,s4-s6,1,1,16,16,1,0.3767244995,0.09949756891,0.1053631419,1,157.465926
literal,3,s5-s6,1,1,17,16,1,0.5091466533,0.1499254259,0.1521210539,1,170.055117
literal,3,s2-s1,0,0,8,0,1,144.4945767,9.774282619,13.94841551,0,301.556571
literal,3,s3-s1,0,0,7,0,1,104.4077805,19.03443266,21.1390524,0,303.030322
literal,3,s4-s1,0,0,7,0,1,94.78021211,26.59590529,28.24677308,0,218.390559
literal,3,s5-s1,0,0,8,0,1,18.66719391,21.09763871,21.05257718,0,294.25209
literal,3,s6-s1,0,0,5,0,1,8.009108032,37.46767248,37.48630747,0,229.808138
literal,3,s3-s2,0,0,7,6,1,1.848790885,0.2193889291,0.2774131689,1,302.703735
literal,3,s4-s2,0,0,4,0,1,161.9811024,30.02854216,31.923225,0,216.439101
literal,3,s5-s2,0,0,6,0,1,34.66993267,5.158018717,6.413087324,0,253.028424
literal,3,s6-s2,0,0,6,0,1,118.0903076,16.36733178,18.96823159,0,229.085064
literal,3,s4-s3,0,0,6,0,1,10.6065686,20.92139465,20.88246233,0,218.012203
literal,3,s5-s3,0,0,16,16,1,0.4684609752,0.06609084037,0.07551560513,1,236.269336
literal,3,s6-s3,0,0,4,0,1,137.9243878,14.55307565,18.00341018,0,229.98702
literal,3,s5-s4,0,0,2,2,0,nan,nan,nan,0,150.669627
literal,3,s6-s4,0,0,16,16,1,0.3767244995,0.05593169696,0.06385513969,1,155.370487
literal,3,s6-s5,0,0,17,16,1,0.5091466533,0.1034533447,0.1086491693,1,169.88157
literal,4,s1-s2,1,1,4,4,1,0.7218730981,0.09687027259,0.1167648819,1,300.424321
literal,4,s1-s3,1,1,5,0,1,57.90818831,5.184570469,7.32848725,0,302.978533
literal,4,s1-s4,1,0,6,0,1,161.7248186,25.10573053,27.17311267,0,240.660166
literal,4,s1-s5,1,0,6,0,1,96.54484056,14.59070085,16.90852648,0,233.483336
literal,4,s1-s6,1,0,5,0,1,115.5834383,37.422273,38.38101009,0,231.622243
literal,4,s2-s3,1,1,6,0,1,69.35989259,21.95067024,23.22050379,0,297.233878
literal,4,s2-s4,1,1,4,0,1,31.10073094,26.58895051,26.55517223,0,217.657691
literal,4,s2-s5,1,1,9,9,1,0.2631695727,0.06103531773,0.06454929448,1,243.135411
literal,4,s2-s6,1,0,5,0,1,36.68093441,13.27213643,14.00811201,0,229.691901
literal,4,s3-s4,1,1,9,0,1,140.3936497,12.83844703,16.12779431,0,220.407726
literal,4,s3-s5,1,1,8,8,1,1.347004758,0.634083009,0.6318973839,0,231.158726
literal,4,s3-s6,1,0,5,0,1,6.289350709,32.92525669,32.94210218,0,229.337595
literal,4,s4-s5,1,1,11,9,1,0.4251484812,0.1464935184,0.1516892501,1,156.402703
literal,4,s4-s6,1,1,6,0,1,164.9224891,17.20818969,20.12046038,0,154.71304
literal,4,s5-s6,1,1,6,0,1,118.0891035,14.14087846,16.89888014,0,163.464022
literal,4,s2-s1,0,0,4,4,1,0.7218730981,0.0756174355,0.1008067466,1,300.198594
literal,4,s3-s1,0,0,6,0,1,58.79103502,9.123504877,10.71750346,0,302.306362
literal,4,s4-s1,0,0,0,0,0,nan,nan,nan,0,224.211226
literal,4,s5-s1,0,0,6,0,1,96.54484056,34.6806119,36.46701047,0,233.309285
literal,4,s6-s1,0,0,5,0,1,115.5834383,23.14702171,25.33836389,0,231.307606
literal,4,s3-s2,0,0,6,0,1,22.13277357,16.79932201,16.74373817,0,298.710508
literal,4,s4-s2,0,0,0,0,0,nan,nan,nan,0,219.046775
literal,4,s5-s2,0,0,9,9,1,0.2631695727,0.122686754,0.1251373093,1,229.11377
literal,4,s6-s2,0,0,3,0,1,50.26882359,2.954536547,5.254246806,0,227.038548
literal,4,s4-s3,0,0,7,0,1,59.97579442,13.29425321,14.27519184,0,220.947004
literal,4,s5-s3,0,0,8,8,1,1.347004758,0.2438903929,0.255346318,1,231.860519
literal,4,s6-s3,0,0,5,0,1,6.289350709,32.90388114,32.92076038,0,229.034344
literal,4,s5-s4,0,0,11,9,1,0.4251484812,0.1417625208,0.1440149431,1,156.252438
literal,4,s6-s4,0,0,3,0,1,70.72716476,22.36340449,23.52515364,0,154.153331
literal,4,s6-s5,0,0,7,6,1,1.359259149,0.1240618788,0.1780663403,1,163.748866
literal,5,s1-s2,1,1,0,0,0,nan,nan,nan,0,304.990251
literal,5,s1-s3,1,1,11,11,1,0.7559994587,0.1241329621,0.1375238714,1,308.186942
literal,5,s1-s4,1,0,0,0,0,nan,nan,nan,0,224.907542
literal,5,s1-s5,1,0,0,0,0,nan,nan,nan,0,234.227608
literal,5,s1-s6,1,0,4,0,1,29.58402628,29.81235272,29.88317363,0,235.531721
literal,5,s2-s3,1,1,9,8,1,1.278144951,0.2817405952,0.3138134084,1,300.036201
literal,5,s2-s4,1,1,3,0,1,74.74427821,20.54051411,21.3102357,0,217.131331
literal,5,s2-s5,1,1,6,0,1,68.89653377,18.88019274,19.74403526,0,226.844762
literal,5,s2-s6,1,0,6,0,1,59.88810744,21.0596581,21.94525614,0,245.412682
literal,5,s3-s4,1,1,3,0,1,157.8517396,5.267103988,11.04600995,0,221.020515
literal,5,s3-s5,1,1,4,0,1,35.54413071,14.05988256,14.16952223,0,230.845116
literal,5,s3-s6,1,0,4,0,1,166.600043,23.04018217,24.84362259,0,231.461488
literal,5,s4-s5,1,1,0,0,0,nan,nan,nan,0,154.275483
literal,5,s4-s6,1,1,4,0,1,167.0641291,19.33172545,21.80043848,0,154.526946
literal,5,s5-s6,1,1,10,10,1,1.645417446,0.1047267381,0.174688672,1,164.462345
literal,5,s2-s1,0,0,0,0,0,nan,nan,nan,0,304.456846
literal,5,s3-s1,0,0,11,11,1,0.7559994587,0.1717200035,0.1818538674,1,308.065535
literal,5,s4-s1,0,0,6,0,1,173.9134904,24.04477519,26.68523666,0,235.306477
literal,5,s5-s1,0,0,3,0,1,74.18578076,18.637921,20.59076912,0,236.111427
literal,5,s6-s1,0,0,4,0,1,45.15170256,49.73173974,49.80789236,0,235.883678
literal,5,s3-s2,0,0,9,8,1,1.278144951,0.2735822612,0.3031098713,1,301.041159
literal,5,s4-s2,0,0,3,0,1,74.74427821,26.73728837,27.40724863,0,219.2899
literal,5,s5-s2,0,0,6,0,1,68.89653377,35.2470907,35.98712202,0,227.893378
literal,5,s6-s2,0,0,6,0,1,59.88810744,15.75536569,16.81386459,0,249.487861
literal,5,s4-s3,0,0,3,0,1,114.9971869,25.23819627,27.29846877,0,221.889574
literal,5,s5-s3,0,0,4,0,1,35.54413071,2.772263879,4.156932695,0,231.695221
literal,5,s6-s3,0,0,4,0,1,166.600043,26.50806919,29.01949134,0,230.425254
literal,5,s5-s4,0,0,0,0,0,nan,nan,nan,0,154.170768
literal,5,s6-s4,0,0,4,0,1,167.0641291,24.98684626,27.27977011,0,154.211826
literal,5,s6-s5,0,0,10,10,1,1.645417446,0.1238304411,0.179643378,1,163.467682
literal,6,s1-s2,1,1,4,0,1,32.08656308,17.91159473,17.97511659,0,298.572323
literal,6,s1-s3,1,1,10,10,1,0.3593630207,0.07365819954,0.08390015288,1,299.421537
literal,6,s1-s4,1,0,4,4,1,0.657336762,0.08360071357,0.09297320874,1,219.134739
literal,6,s1-s5,1,0,6,0,1,110.9238484,34.35274914,35.46661806,0,231.365528
literal,6,s1-s6,1,0,7,0,1,107.0237056,40.09420911,40.45532476,0,231.889842
literal,6,s2-s3,1,1,23,23,1,0.2339341207,0.0375796977,0.04153150337,1,346.033575
literal,6,s2-s4,1,1,6,0,1,160.5246855,20.63081867,23.23997829,0,215.164813
literal,6,s2-s5,1,1,5,0,1,150.5541121,3.051202702,9.81241118,0,227.841826
literal,6,s2-s6,1,0,0,0,0,nan,nan,nan,0,227.624265
literal,6,s3-s4,1,1,8,0,1,108.2587831,10.65203942,13.27716347,0,217.056908
literal,6,s3-s5,1,1,5,0,1,109.704481,19.74863256,21.77689253,0,228.851926
literal,6,s3-s6,1,0,4,0,1,106.5356261,33.62897963,34.1192614,0,229.113637
literal,6,s4-s5,1,1,14,13,1,3.235876852,0.4077178215,0.5153566379,0,155.15527
literal,6,s4-s6,1,1,5,0,1,168.4036492,15.03600315,18.64677824,0,153.030056
literal,6,s5-s6,1,1,9,9,1,0.3945190437,0.144842649,0.1521423033,1,175.028981
literal,6,s2-s1,0,0,6,0,1,116.7926986,15.75856091,18.11672442,0,312.642295
literal,6,s3-s1,0,0,10,10,1,0.3593630206,0.09605498438,0.104152003,1,300.412592
literal,6,s4-s1,0,0,4,4,1,0.657336762,0.119074653,0.1330495111,1,220.823835
literal,6,s5-s1,0,0,6,0,1,110.9238484,16.75012012,19.90298497,0,230.356122
literal,6,s6-s1,0,0,7,0,1,107.0237056,37.46637439,38.66623218,0,231.270851
literal,6,s3-s2,0,0,23,23,1,0.2339341207,0.02845039767,0.03391461564,1,346.896875
literal,6,s4-s2,0,0,6,0,1,160.5246855,9.145521253,14.25657547,0,215.199526
literal,6,s5-s2,0,0,5,0,1,151.9703786,25.24839281,28.5667004,0,228.035909
literal,6,s6-s2,0,0,6,6,1,0.4831320998,0.334723298,0.3383017341,1,228.487903
literal,6,s4-s3,0,0,10,9,1,0.9304774064,0.1975922953,0.2122339322,1,219.021878
literal,6,s5-s3,0,0,6,0,1,105.352849,33.99787442,36.04330054,0,239.881147
literal,6,s6-s3,0,0,4,0,1,106.5356261,22.19722969,23.8668495,0,228.249013
literal,6,s5-s4,0,0,14,13,1,3.235876852,0.1744621934,0.3400428228,0,154.192542
literal,6,s6-s4,0,0,6,0,1,80.35687103,16.37617679,18.13116602,0,154.160667
literal,6,s6-s5,0,0,9,9,1,0.3945190437,0.1773445741,0.1830554666,1,163.985371
literal,7,s1-s2,1,1,6,0,1,18.85257693,23.89202162,24.09831185,0,334.029984
literal,7,s1-s3,1,1,7,0,1,58.0153885,7.815715083,9.595285741,0,303.766896
literal,7,s1-s4,1,0,7,0,1,108.7501289,25.77842799,26.83204493,0,223.993399
literal,7,s1-s5,1,0,5,0,1,46.3857119,3.167008281,5.186045826,0,232.093483
literal,7,s1-s6,1,0,4,0,1,91.33860611,42.89952073,43.13776081,0,233.790275
literal,7,s2-s3,1,1,6,0,1,157.5649251,5.950054352,11.22517553,0,300.868657
literal,7,s2-s4,1,1,9,9,1,0.4727832479,0.07094529996,0.08368697636,1,220.081409
literal,7,s2-s5,1,1,9,9,1,1.855579895,0.06895575337,0.1356489004,1,229.587213
literal,7,s2-s6,1,0,0,0,0,nan,nan,nan,0,229.829586
literal,7,s3-s4,1,1,6,0,1,104.4817843,29.06967437,29.92077632,0,221.831289
literal,7,s3-s5,1,1,5,0,1,156.523467,15.3632345,18.18947225,0,230.426148
literal,7,s3-s6,1,0,4,0,1,153.999996,78.12073347,77.99566133,0,249.620934
literal,7,s4-s5,1,1,12,12,1,0.1332695474,0.07638955577,0.07798481299,1,154.885196
literal,7,s4-s6,1,1,6,0,1,12.32250175,4.050741074,4.193524665,0,158.978309
literal,7,s5-s6,1,1,4,0,1,118.2966594,35.08825389,35.42909969,0,162.168661
literal,7,s2-s1,0,0,6,0,1,18.85257693,26.13690363,26.31890582,0,310.013516
literal,7,s3-s1,0,0,7,0,1,58.0153885,14.56266576,15.67909429,0,305.144314
literal,7,s4-s1,0,0,7,0,1,108.7501289,12.87419795,15.92628162,0,227.692434
literal,7,s5-s1,0,0,5,0,1,46.3857119,22.65341529,23.35908611,0,232.613321
literal,7,s6-s1,0,0,4,0,1,91.33860611,15.25389607,17.12580447,0,246.222294
literal,7,s3-s2,0,0,6,0,1,83.22601553,12.56895915,14.29407121,0,303.094597
literal,7,s4-s2,0,0,9,9,1,0.4727832479,0.1204531513,0.1259718416,1,221.247418
literal,7,s5-s2,0,0,9,9,1,1.855579895,0.1094347818,0.1822946586,1,228.661092
literal,7,s6-s2,0,0,4,0,1,58.98721285,14.45503817,15.35119095,0,233.728006
literal,7,s4-s3,0,0,6,0,1,104.4817843,18.68775111,20.40384685,0,222.168219
literal,7,s5-s3,0,0,5,0,1,156.523467,23.45364689,26.09459549,0,229.081493
literal,7,s6-s3,0,0,5,0,1,160.4132142,24.1697632,26.9146452,0,228.641759
literal,7,s5-s4,0,0,12,12,1,0.1332695474,0.07577101253,0.0775591955,1,154.033086
literal,7,s6-s4,0,0,6,0,1,49.34979203,11.59928886,12.60428427,0,154.682625
literal,7,s6-s5,0,0,4,0,1,118.2966594,24.39842174,25.74213316,0,161.966952
literal,8,s1-s2,1,1,7,0,1,47.49177717,10.42673729,11.44193206,0,306.356417
literal,8,s1-s3,1,1,17,17,1,0.322726349,0.06217840062,0.06539163609,1,310.475365
literal,8,s1-s4,1,0,4,0,1,156.5014508,38.16500525,39.08159359,0,219.481887
literal,8,s1-s5,1,0,5,0,1,91.44844615,29.26909094,30.67325755,0,236.115903
literal,8,s1-s6,1,0,3,0,1,173.3463707,25.17645169,27.49061631,0,231.118571
literal,8,s2-s3,1,1,8,0,1,58.50536653,16.60831557,17.25227516,0,303.515214
literal,8,s2-s4,1,1,5,0,1,22.68805386,11.61028802,11.68395896,0,219.404712
literal,8,s2-s5,1,1,5,0,1,35.38465833,4.801233124,5.857811056,0,230.234825
literal,8,s2-s6,1,0,0,0,0,nan,nan,nan,0,237.505879
literal,8,s3-s4,1,1,7,0,1,15.88007017,30.90566802,30.94720829,0,218.143178
literal,8,s3-s5,1,1,6,0,1,9.573403847,28.01529879,28.03112947,0,228.921303
literal,8,s3-s6,1,0,7,7,1,0.2306822246,0.1195560714,0.1188107117,1,230.225292
literal,8,s4-s5,1,1,10,10,1,0.6776105839,0.0467858306,0.06197503876,1,152.260755
literal,8,s4-s6,1,1,4,1,1,60.7171661,11.69548535,12.7337127,0,152.450734
literal,8,s5-s6,1,1,3,0,1,73.820315,9.609493311,12.14177128,0,161.68559
literal,8,s2-s1,0,0,7,0,1,47.49177717,8.53789566,9.889072935,0,305.077676
literal,8,s3-s1,0,0,17,17,1,0.322726349,0.02881134228,0.03617118286,1,310.537618
literal,8,s4-s1,0,0,6,0,1,37.62523293,10.22338425,11.0244698,0,220.305257
literal,8,s5-s1,0,0,6,0,1,131.5344781,18.78377456,22.2596684,0,229.860381
literal,8,s6-s1,0,0,3,0,1,173.3463707,48.12555825,49.9180172,0,230.559003
literal,8,s3-s2,0,0,8,0,1,58.50536653,12.75079711,13.90048998,0,303.769017
literal,8,s4-s2,0,0,6,0,1,137.288695,19.97595894,22.42917456,0,220.525006
literal,8,s5-s2,0,0,5,0,1,35.38465833,5.576194282,6.788111047,0,230.278049
literal,8,s6-s2,0,0,7,0,1,98.227347,24.48919805,26.23201149,0,231.158689
literal,8,s4-s3,0,0,7,0,1,15.88007017,32.73639892,32.70313765,0,219.024015
literal,8,s5-s3,0,0,7,0,1,57.60970173,26.74742611,27.9400497,0,228.049464
literal,8,s6-s3,0,0,7,7,1,0.2306822246,0.0580832141,0.0598279365,1,231.392148
literal,8,s5-s4,0,0,10,10,1,0.6776105839,0.07633220784,0.08593180965,1,151.820402
literal,8,s6-s4,0,0,4,1,1,60.7171661,16.04067054,17.01685066,0,151.448154
literal,8,s6-s5,0,0,5,0,1,29.32524207,17.40455626,17.75876704,0,160.798523
literal,9,s1-s2,1,1,5,0,1,111.3882948,7.12648944,11.18076549,0,307.316235
literal,9,s1-s3,1,1,11,11,1,0.3035286829,0.1241649132,0.1281353414,1,316.863642
literal,9,s1-s4,1,0,4,0,1,38.93207338,21.05225168,21.54827878,0,223.799784
literal,9,s1-s5,1,0,6,0,1,91.62107671,34.00599975,34.33945719,0,230.49267
literal,9,s1-s6,1,0,7,0,1,75.05858248,27.78344636,28.94554708,0,232.145
literal,9,s2-s3,1,1,11,11,1,0.6226520238,0.102804853,0.1206920252,1,306.206203
literal,9,s2-s4,1,1,3,0,1,91.98427223,17.48784782,19.50146205,0,222.218204
literal,9,s2-s5,1,1,0,0,0,nan,nan,nan,0,228.081333
literal,9,s2-s6,1,0,5,0,1,141.1348832,17.52146494,19.99913191,0,231.398734
literal,9,s3-s4,1,1,7,0,1,90.41820551,16.7119059,18.44787799,0,223.254704
literal,9,s3-s5,1,1,3,0,1,133.1428454,16.75044856,18.97370565,0,229.556824
literal,9,s3-s6,1,0,5,0,1,166.2431574,17.71403978,20.19384064,0,230.951638
literal,9,s4-s5,1,1,18,18,1,0.3615835612,0.03662281887,0.0441989442,1,162.778673
literal,9,s4-s6,1,1,5,0,1,68.46718541,14.14975883,15.34862692,0,153.608419
literal,9,s5-s6,1,1,14,14,1,1.212052745,0.09128714606,0.121539886,1,160.783583
literal,9,s2-s1,0,0,4,0,1,68.33560045,1.586820155,5.68455535,0,307.503577
literal,9,s3-s1,0,0,11,11,1,0.3035286829,0.1375208797,0.1401678648,1,317.364894
literal,9,s4-s1,0,0,4,0,1,38.93207338,24.850222,25.2951739,0,224.463643
literal,9,s5-s1,0,0,6,0,1,91.62107671,28.5221043,29.33125376,0,229.555458
literal,9,s6-s1,0,0,0,0,0,nan,nan,nan,0,230.075974
literal,9,s3-s2,0,0,4,0,1,127.6934187,11.86041736,14.90051684,0,312.743908
literal,9,s4-s2,0,0,3,0,1,91.98427223,35.58273905,36.69525056,0,223.177594
literal,9,s5-s2,0,0,6,0,1,121.0247921,15.67659537,18.64055341,0,229.068105
literal,9,s6-s2,0,0,5,0,1,141.1348832,24.58488369,27.04421551,0,228.736608
literal,9,s4-s3,0,0,5,0,1,105.0553567,5.789433302,10.18328644,0,223.018833
literal,9,s5-s3,0,0,3,0,1,133.1428454,21.09644741,24.16665161,0,228.832299
literal,9,s6-s3,0,0,4,0,1,166.3224687,30.03282941,32.40239279,0,243.204048
literal,9,s5-s4,0,0,18,18,1,0.3615835612,0.06591562212,0.07113371299,1,161.968191
literal,9,s6-s4,0,0,5,0,1,68.46718541,5.859697406,8.017290023,0,152.490905
literal,9,s6-s5,0,0,14,14,1,1.212052745,0.04632832016,0.08670723806,1,159.36403
literal,10,s1-s2,1,1,3,0,1,118.6274821,18.70855496,21.30718613,0,310.088462
literal,10,s1-s3,1,1,5,0,1,36.96712373,34.8328083,34.74316442,0,304.313684
literal,10,s1-s4,1,0,5,0,1,73.04803119,10.4634903,12.37991982,0,225.464723
literal,10,s1-s5,1,0,6,0,1,71.25587329,36.72822754,37.42933213,0,235.162539
literal,10,s1-s6,1,0,6,0,1,145.5422568,28.54463869,30.31733476,0,247.6805
literal,10,s2-s3,1,1,9,9,1,1.207680636,0.2907201605,0.3080161918,1,301.026455
literal,10,s2-s4,1,1,4,0,1,164.4604567,21.76788383,23.79341843,0,221.673694
literal,10,s2-s5,1,1,3,0,1,112.8567922,13.49377575,16.3585466,0,232.31011
literal,10,s2-s6,1,0,0,0,0,nan,nan,nan,0,233.039551
literal,10,s3-s4,1,1,6,0,1,169.1954868,19.61034078,21.79057548,0,219.345883
literal,10,s3-s5,1,1,4,0,1,87.06671856,15.68861305,17.34794971,0,231.278332
literal,10,s3-s6,1,0,3,0,1,169.5151026,44.93956231,45.45501285,0,229.902477
literal,10,s4-s5,1,1,4,0,1,44.69494027,8.317140149,9.505992858,0,154.251329
literal,10,s4-s6,1,1,5,0,1,28.99528117,15.43215832,15.60747703,0,163.81807
literal,10,s5-s6,1,1,0,0,0,nan,nan,nan,0,164.092565
literal,10,s2-s1,0,0,3,0,1,118.6274821,26.84813868,29.01905729,0,307.245589
literal,10,s3-s1,0,0,3,0,1,179.2185651,10.86791584,13.82145965,0,305.275902
literal,10,s4-s1,0,0,6,0,1,151.6814569,24.74313202,27.35263519,0,225.230369
literal,10,s5-s1,0,0,6,0,1,71.25587329,28.18122412,29.70574527,0,234.253933
literal,10,s6-s1,0,0,5,0,1,15.2276532,39.69134318,39.75625916,0,233.741686
literal,10,s3-s2,0,0,9,9,1,1.207680636,0.2512052095,0.2739940367,1,302.64725
literal,10,s4-s2,0,0,7,0,1,125.7606937,12.66434062,16.1663376,0,222.65283
literal,10,s5-s2,0,0,3,0,1,112.8567922,13.21025033,16.68970344,0,232.049669
literal,10,s6-s2,0,0,0,0,0,nan,nan,nan,0,231.744058
literal,10,s4-s3,0,0,6,0,1,169.1954868,15.1004279,18.6744155,0,218.655172
literal,10,s5-s3,0,0,4,0,1,87.06671856,20.27702612,22.52238479,0,227.361395
literal,10,s6-s3,0,0,3,0,1,169.5151026,9.111384157,13.53766016,0,227.379153
literal,10,s5-s4,0,0,5,0,1,127.524183,13.16335701,17.16132861,0,153.913333
literal,10,s6-s4,0,0,3,0,1,20.47807387,17.93834017,18.08194242,0,153.76582
literal,10,s6-s5,0,0,4,4,1,0.8812723857,0.1717438115,0.1826129126,1,162.576807
baseline,1,s1-s2,1,1,4,0,1,13.34195376,21.95226203,21.9685995,0,34.644205
baseline,1,s1-s3,1,1,0,0,0,nan,nan,nan,0,29.011584
baseline,1,s1-s4,1,0,0,0,0,nan,nan,nan,0,27.659798
baseline,1,s1-s5,1,0,0,0,0,nan,nan,nan,0,30.803932
baseline,1,s1-s6,1,0,0,0,0,nan,nan,nan,0,36.777089
baseline,1,s2-s3,1,1,8,7,1,0.09083585103,0.02496346013,0.02640905759,1,32.226732
baseline,1,s2-s4,1,1,0,0,0,nan,nan,nan,0,30.701352
baseline,1,s2-s5,1,1,0,0,0,nan,nan,nan,0,33.943255
baseline,1,s2-s6,1,0,0,0,0,nan,nan,nan,0,40.000455
baseline,1,s3-s4,1,1,0,0,0,nan,nan,nan,0,25.06608
baseline,1,s3-s5,1,1,0,0,0,nan,nan,nan,0,27.782845
baseline,1,s3-s6,1,0,0,0,0,nan,nan,nan,0,33.694898
baseline,1,s4-s5,1,1,6,6,1,0.1583874438,0.09459110217,0.09554314345,1,27.224111
baseline,1,s4-s6,1,1,0,0,0,nan,nan,nan,0,32.94451
baseline,1,s5-s6,1,1,6,6,1,0.9114270565,0.2604645294,0.2667393447,1,36.102327
baseline,1,s2-s1,0,0,4,0,1,13.34195376,24.21767445,24.20886945,0,34.426206
baseline,1,s3-s1,0,0,0,0,0,nan,nan,nan,0,28.647401
baseline,1,s4-s1,0,0,0,0,0,nan,nan,nan,0,27.681426
baseline,1,s5-s1,0,0,0,0,0,nan,nan,nan,0,30.640716
baseline,1,s6-s1,0,0,4,0,1,81.34054022,25.01866028,26.18912584,0,36.596539
baseline,1,s3-s2,0,0,8,7,1,0.09083585101,0.02450222176,0.02580190222,1,31.953276
baseline,1,s4-s2,0,0,0,0,0,nan,nan,nan,0,30.772923
baseline,1,s5-s2,0,0,0,0,0,nan,nan,nan,0,33.982192
baseline,1,s6-s2,0,0,0,0,0,nan,nan,nan,0,40.004476
baseline,1,s4-s3,0,0,3,0,1,71.31012404,16.3801229,17.35147383,0,25.132044
baseline,1,s5-s3,0,0,0,0,0,nan,nan,nan,0,28.065387
baseline,1,s6-s3,0,0,0,0,0,nan,nan,nan,0,33.870809
baseline,1,s5-s4,0,0,0,0,0,nan,nan,nan,0,26.960313
baseline,1,s6-s4,0,0,0,0,0,nan,nan,nan,0,32.942821
baseline,1,s6-s5,0,0,6,6,1,0.9114270565,0.2091370379,0.2148225671,1,36.384606
baseline,2,s1-s2,1,1,3,0,1,22.04948621,25.45730274,25.54437412,0,34.103523
baseline,2,s1-s3,1,1,0,0,0,nan,nan,nan,0,32.054524
baseline,2,s1-s4,1,0,0,0,0,nan,nan,nan,0,28.508218
baseline,2,s1-s5,1,0,0,0,0,nan,nan,nan,0,31.22383
baseline,2,s1-s6,1,0,3,0,1,179.0140902,46.55702323,47.00343542,0,38.356496
baseline,2,s2-s3,1,1,0,0,0,nan,nan,nan,0,33.327981
baseline,2,s2-s4,1,1,0,0,0,nan,nan,nan,0,30.255385
baseline,2,s2-s5,1,1,0,0,0,nan,nan,nan,0,32.951155
baseline,2,s2-s6,1,0,3,0,1,167.1389812,23.48311236,25.58517841,0,40.368804
baseline,2,s3-s4,1,1,0,0,0,nan,nan,nan,0,28.030198
baseline,2,s3-s5,1,1,0,0,0,nan,nan,nan,0,30.459882
baseline,2,s3-s6,1,0,7,7,1,0.6058415563,0.1799372157,0.1814704979,1,37.518965
baseline,2,s4-s5,1,1,0,0,0,nan,nan,nan,0,27.584987
baseline,2,s4-s6,1,1,0,0,0,nan,nan,nan,0,34.671954
baseline,2,s5-s6,1,1,1,1,0,nan,nan,nan,0,37.797756
baseline,2,s2-s1,0,0,3,0,1,22.04948621,22.22766934,22.39999042,0,33.864491
baseline,2,s3-s1,0,0,0,0,0,nan,nan,nan,0,31.61752
baseline,2,s4-s1,0,0,0,0,0,nan,nan,nan,0,28.527903
baseline,2,s5-s1,0,0,0,0,0,nan,nan,nan,0,31.105148
baseline,2,s6-s1,0,0,3,0,1,179.0140902,29.72370154,32.17471817,0,38.279955
baseline,2,s3-s2,0,0,0,0,0,nan,nan,nan,0,33.330546
baseline,2,s4-s2,0,0,0,0,0,nan,nan,nan,0,58.28526
baseline,2,s5-s2,0,0,0,0,0,nan,nan,nan,0,32.94977
baseline,2,s6-s2,0,0,3,0,1,167.1389812,19.41303365,22.54196247,0,40.369308
baseline,2,s4-s3,0,0,4,0,1,62.11039841,23.88782448,24.82651434,0,27.713964
baseline,2,s5-s3,0,0,0,0,0,nan,nan,nan,0,30.605914
baseline,2,s6-s3,0,0,7,7,1,0.6058415563,0.1385845829,0.1436701812,1,37.700882
baseline,2,s5-s4,0,0,0,0,0,nan,nan,nan,0,27.673645
baseline,2,s6-s4,0,0,0,0,0,nan,nan,nan,0,39.995003
baseline,2,s6-s5,0,0,8,8,1,0.8242670391,0.02546262788,0.06098484889,1,37.880634
baseline,3,s1-s2,1,1,4,0,1,148.8210762,14.21406452,17.31856095,0,35.719707
baseline,3,s1-s3,1,1,5,0,1,96.475644,13.37040735,15.58687656,0,30.74106
baseline,3,s1-s4,1,0,0,0,0,nan,nan,nan,0,29.018725
baseline,3,s1-s5,1,0,4,0,1,121.8612806,32.56465262,33.81074333,0,31.611927
baseline,3,s1-s6,1,0,3,0,1,79.81787089,38.96410389,39.18058917,0,38.919973
baseline,3,s2-s3,1,1,6,6,1,0.160342227,0.02673618428,0.03034319316,1,33.779246
baseline,3,s2-s4,1,1,0,0,0,nan,nan,nan,0,32.081691
baseline,3,s2-s5,1,1,5,5,1,1.042760576,0.3289894782,0.3289814479,1,34.700418
baseline,3,s2-s6,1,0,0,0,0,nan,nan,nan,0,42.15027
baseline,3,s3-s4,1,1,3,0,1,71.6174903,22.86859465,23.71312899,0,27.043371
baseline,3,s3-s5,1,1,0,0,0,nan,nan,nan,0,29.56401
baseline,3,s3-s6,1,0,0,0,0,nan,nan,nan,0,36.718347
baseline,3,s4-s5,1,1,1,1,0,nan,nan,nan,0,28.09721
baseline,3,s4-s6,1,1,1,1,0,nan,nan,nan,0,35.550004
baseline,3,s5-s6,1,1,18,18,1,0.2122854956,0.0420289005,0.04378445246,1,52.120933
baseline,3,s2-s1,0,0,4,0,1,148.8210762,7.460507731,12.51214729,0,35.522306
baseline,3,s3-s1,0,0,5,0,1,96.475644,8.323616045,11.46085811,0,30.437604
baseline,3,s4-s1,0,0,0,0,0,nan,nan,nan,0,29.021747
baseline,3,s5-s1,0,0,4,0,1,121.8612806,15.45379306,18.92318082,0,31.640781
baseline,3,s6-s1,0,0,3,0,1,79.83413451,58.59625743,59.23195431,0,38.824895
baseline,3,s3-s2,0,0,6,6,1,0.160342227,0.02214971436,0.02640716489,1,34.143597
baseline,3,s4-s2,0,0,0,0,0,nan,nan,nan,0,32.137805
baseline,3,s5-s2,0,0,5,5,1,1.042760576,0.2769124288,0.2766979467,1,34.665932
baseline,3,s6-s2,0,0,0,0,0,nan,nan,nan,0,42.195603
baseline,3,s4-s3,0,0,3,0,1,71.6174903,7.841505649,10.28327022,0,27.332735
baseline,3,s5-s3,0,0,0,0,0,nan,nan,nan,0,29.943412
baseline,3,s6-s3,0,0,0,0,0,nan,nan,nan,0,36.903191
baseline,3,s5-s4,0,0,1,1,0,nan,nan,nan,0,28.283488
baseline,3,s6-s4,0,0,1,1,0,nan,nan,nan,0,35.325716
baseline,3,s6-s5,0,0,18,18,1,0.2122854956,0.03597931969,0.03891053319,1,52.312913
baseline,4,s1-s2,1,1,3,0,1,103.3627677,34.5189056,35.6393274,0,34.840442
baseline,4,s1-s3,1,1,0,0,0,nan,nan,nan,0,31.321311
baseline,4,s1-s4,1,0,0,0,0,nan,nan,nan,0,27.741508
baseline,4,s1-s5,1,0,0,0,0,nan,nan,nan,0,29.396944
baseline,4,s1-s6,1,0,4,0,1,83.43305227,18.56483794,19.68350615,0,38.088993
baseline,4,s2-s3,1,1,0,0,0,nan,nan,nan,0,34.272206
baseline,4,s2-s4,1,1,3,0,1,35.96085008,8.468572588,9.344260523,0,30.930773
baseline,4,s2-s5,1,1,0,0,0,nan,nan,nan,0,32.754721
baseline,4,s2-s6,1,0,0,0,0,nan,nan,nan,0,41.629121
baseline,4,s3-s4,1,1,3,2,1,59.67676443,19.45675327,19.52035472,0,34.585281
baseline,4,s3-s5,1,1,10,10,1,0.6304959677,0.2116260683,0.2131609156,1,29.143587
baseline,4,s3-s6,1,0,3,0,1,174.0170709,26.91768778,28.45607624,0,37.41807
baseline,4,s4-s5,1,1,0,0,0,nan,nan,nan,0,25.704392
baseline,4,s4-s6,1,1,0,0,0,nan,nan,nan,0,34.288527
baseline,4,s5-s6,1,1,4,4,1,0.1792733527,0.04882926613,0.05029553199,1,36.373795
baseline,4,s2-s1,0,0,3,0,1,103.3627677,24.43257122,26.48385685,0,34.669859
baseline,4,s3-s1,0,0,5,0,1,116.4049791,13.97890675,17.00778257,0,31.09249
baseline,4,s4-s1,0,0,0,0,0,nan,nan,nan,0,27.708739
baseline,4,s5-s1,0,0,0,0,0,nan,nan,nan,0,29.476763
baseline,4,s6-s1,0,0,0,0,0,nan,nan,nan,0,38.126606
baseline,4,s3-s2,0,0,0,0,0,nan,nan,nan,0,34.213427
baseline,4,s4-s2,0,0,3,0,1,35.96085008,11.22318674,11.90709408,0,30.808398
baseline,4,s5-s2,0,0,0,0,0,nan,nan,nan,0,32.734556
baseline,4,s6-s2,0,0,0,0,0,nan,nan,nan,0,41.60871
baseline,4,s4-s3,0,0,3,2,1,59.67676443,9.190552502,9.698995357,0,27.230498
baseline,4,s5-s3,0,0,10,10,1,0.6304959677,0.025851538,0.0505422834,1,29.197784
baseline,4,s6-s3,0,0,3,0,1,174.0170709,21.51430791,24.45827454,0,37.517572
baseline,4,s5-s4,0,0,0,0,0,nan,nan,nan,0,25.839445
baseline,4,s6-s4,0,0,0,0,0,nan,nan,nan,0,34.481308
baseline,4,s6-s5,0,0,4,4,1,0.1792733527,0.04394053888,0.0452913348,1,36.233927
baseline,5,s1-s2,1,1,0,0,0,nan,nan,nan,0,38.049174
baseline,5,s1-s3,1,1,0,0,0,nan,nan,nan,0,32.424272
baseline,5,s1-s4,1,0,3,0,1,29.8734153,28.77358345,29.01472063,0,29.922583
baseline,5,s1-s5,1,0,0,0,0,nan,nan,nan,0,31.986576
baseline,5,s1-s6,1,0,0,0,0,nan,nan,nan,0,39.480542
baseline,5,s2-s3,1,1,10,10,1,0.3332815136,0.04725464204,0.05489464976,1,36.27756
baseline,5,s2-s4,1,1,4,0,1,52.7877575,17.1325719,17.51112553,0,33.501127
baseline,5,s2-s5,1,1,0,0,0,nan,nan,nan,0,35.936763
baseline,5,s2-s6,1,0,0,0,0,nan,nan,nan,0,43.739683
baseline,5,s3-s4,1,1,0,0,0,nan,nan,nan,0,27.855258
baseline,5,s3-s5,1,1,0,0,0,nan,nan,nan,0,30.009754
baseline,5,s3-s6,1,0,0,0,0,nan,nan,nan,0,37.52325
baseline,5,s4-s5,1,1,13,12,1,0.3509111489,0.07029059604,0.07935165526,1,29.248644
baseline,5,s4-s6,1,1,0,0,0,nan,nan,nan,0,35.503138
baseline,5,s5-s6,1,1,1,1,0,nan,nan,nan,0,37.796097
baseline,5,s2-s1,0,0,0,0,0,nan,nan,nan,0,38.057469
baseline,5,s3-s1,0,0,0,0,0,nan,nan,nan,0,32.152412
baseline,5,s4-s1,0,0,3,0,1,29.8734153,28.90405565,29.14113764,0,29.932742
baseline,5,s5-s1,0,0,0,0,0,nan,nan,nan,0,32.026682
baseline,5,s6-s1,0,0,0,0,0,nan,nan,nan,0,39.306112
baseline,5,s3-s2,0,0,10,10,1,0.3332815136,0.02964796036,0.04107452563,1,36.45185
baseline,5,s4-s2,0,0,0,0,0,nan,nan,nan,0,33.717558
baseline,5,s5-s2,0,0,0,0,0,nan,nan,nan,0,35.967528
baseline,5,s6-s2,0,0,0,0,0,nan,nan,nan,0,43.306389
baseline,5,s4-s3,0,0,3,0,1,106.9785212,32.72016054,34.23657905,0,28.205265
baseline,5,s5-s3,0,0,0,0,0,nan,nan,nan,0,30.162063
baseline,5,s6-s3,0,0,0,0,0,nan,nan,nan,0,37.616834
baseline,5,s5-s4,0,0,13,12,1,0.3509111489,0.09258399934,0.100136807,1,29.234603
baseline,5,s6-s4,0,0,0,0,0,nan,nan,nan,0,35.199385
baseline,5,s6-s5,0,0,1,1,0,nan,nan,nan,0,38.038897
baseline,6,s1-s2,1,1,3,0,1,87.39882437,25.09971785,25.89935392,0,36.109288
baseline,6,s1-s3,1,1,3,0,1,165.555972,26.76809782,28.78803304,0,30.20171
baseline,6,s1-s4,1,0,3,0,1,110.2190498,16.05719437,18.43492907,0,28.356977
baseline,6,s1-s5,1,0,0,0,0,nan,nan,nan,0,30.877036
baseline,6,s1-s6,1,0,0,0,0,nan,nan,nan,0,40.048213
baseline,6,s2-s3,1,1,0,0,0,nan,nan,nan,0,34.649504
baseline,6,s2-s4,1,1,4,4,1,3.127436627,0.6353743356,0.6717648124,0,32.840527
baseline,6,s2-s5,1,1,0,0,0,nan,nan,nan,0,35.406801
baseline,6,s2-s6,1,0,0,0,0,nan,nan,nan,0,44.377795
baseline,6,s3-s4,1,1,0,0,0,nan,nan,nan,0,26.504253
baseline,6,s3-s5,1,1,3,0,1,169.7041087,2.902655573,9.739572872,0,28.689641
baseline,6,s3-s6,1,0,0,0,0,nan,nan,nan,0,37.538715
baseline,6,s4-s5,1,1,0,0,0,nan,nan,nan,0,27.392947
baseline,6,s4-s6,1,1,0,0,0,nan,nan,nan,0,35.918335
baseline,6,s5-s6,1,1,11,11,1,0.634586598,0.03829972052,0.05769400008,1,39.482343
baseline,6,s2-s1,0,0,3,0,1,87.39882437,10.32860148,12.54039496,0,36.195868
baseline,6,s3-s1,0,0,0,0,0,nan,nan,nan,0,29.933038
baseline,6,s4-s1,0,0,3,0,1,110.2190498,30.90286425,32.54854529,0,28.275722
baseline,6,s5-s1,0,0,0,0,0,nan,nan,nan,0,30.790039
baseline,6,s6-s1,0,0,0,0,0,nan,nan,nan,0,39.253393
baseline,6,s3-s2,0,0,0,0,0,nan,nan,nan,0,34.345031
baseline,6,s4-s2,0,0,3,0,1,29.86512035,15.33612548,15.57448878,0,32.780507
baseline,6,s5-s2,0,0,0,0,0,nan,nan,nan,0,35.183563
baseline,6,s6-s2,0,0,0,0,0,nan,nan,nan,0,44.434969
baseline,6,s4-s3,0,0,0,0,0,nan,nan,nan,0,26.79815
baseline,6,s5-s3,0,0,3,0,1,169.7041087,39.76744805,41.69557792,0,28.881833
baseline,6,s6-s3,0,0,0,0,0,nan,nan,nan,0,37.699661
baseline,6,s5-s4,0,0,0,0,0,nan,nan,nan,0,27.414291
baseline,6,s6-s4,0,0,0,0,0,nan,nan,nan,0,35.859401
baseline,6,s6-s5,0,0,11,11,1,0.634586598,0.05889968537,0.07341019261,1,39.429098
baseline,7,s1-s2,1,1,0,0,0,nan,nan,nan,0,40.987119
baseline,7,s1-s3,1,1,3,0,1,170.757996,16.06419333,19.25624888,0,31.612675
baseline,7,s1-s4,1,0,0,0,0,nan,nan,nan,0,30.12382
baseline,7,s1-s5,1,0,0,0,0,nan,nan,nan,0,31.744316
baseline,7,s1-s6,1,0,0,0,0,nan,nan,nan,0,37.606382
baseline,7,s2-s3,1,1,0,0,0,nan,nan,nan,0,35.205143
baseline,7,s2-s4,1,1,0,0,0,nan,nan,nan,0,33.452134
baseline,7,s2-s5,1,1,1,1,0,nan,nan,nan,0,35.950224
baseline,7,s2-s6,1,0,0,0,0,nan,nan,nan,0,41.575389
baseline,7,s3-s4,1,1,0,0,0,nan,nan,nan,0,26.870065
baseline,7,s3-s5,1,1,0,0,0,nan,nan,nan,0,28.758978
baseline,7,s3-s6,1,0,3,0,1,9.518481689,19.93872461,19.94620896,0,34.39818
baseline,7,s4-s5,1,1,14,14,1,0.1040424193,0.03484751472,0.03573462808,1,29.380852
baseline,7,s4-s6,1,1,0,0,0,nan,nan,nan,0,33.101759
baseline,7,s5-s6,1,1,0,0,0,nan,nan,nan,0,35.177768
baseline,7,s2-s1,0,0,0,0,0,nan,nan,nan,0,38.296205
baseline,7,s3-s1,0,0,3,0,1,170.757996,11.44782741,15.61148338,0,31.448481
baseline,7,s4-s1,0,0,0,0,0,nan,nan,nan,0,29.923626
baseline,7,s5-s1,0,0,0,0,0,nan,nan,nan,0,31.677767
baseline,7,s6-s1,0,0,0,0,0,nan,nan,nan,0,37.415322
baseline,7,s3-s2,0,0,0,0,0,nan,nan,nan,0,34.81343
baseline,7,s4-s2,0,0,0,0,0,nan,nan,nan,0,33.558584
baseline,7,s5-s2,0,0,1,1,0,nan,nan,nan,0,35.531314
baseline,7,s6-s2,0,0,0,0,0,nan,nan,nan,0,41.267115
baseline,7,s4-s3,0,0,0,0,0,nan,nan,nan,0,27.096662
baseline,7,s5-s3,0,0,3,0,1,179.2750669,15.37322571,18.82346944,0,28.83568
baseline,7,s6-s3,0,0,3,0,1,9.518481689,20.10149236,20.11476663,0,34.407538
baseline,7,s5-s4,0,0,14,14,1,0.1040424193,0.0333036221,0.03499692236,1,29.514474
baseline,7,s6-s4,0,0,0,0,0,nan,nan,nan,0,32.801671
baseline,7,s6-s5,0,0,0,0,0,nan,nan,nan,0,35.186955
baseline,8,s1-s2,1,1,4,4,1,0.8773893853,0.05950927105,0.09862438611,1,34.378312
baseline,8,s1-s3,1,1,0,0,0,nan,nan,nan,0,30.30322
baseline,8,s1-s4,1,0,0,0,0,nan,nan,nan,0,26.038197
baseline,8,s1-s5,1,0,0,0,0,nan,nan,nan,0,30.305738
baseline,8,s1-s6,1,0,3,0,1,136.3447501,29.94726639,31.29059912,0,36.190609
baseline,8,s2-s3,1,1,11,10,1,0.6513529683,0.1098177252,0.1174204746,1,35.425867
baseline,8,s2-s4,1,1,3,0,1,45.18985326,23.43191972,24.062031,0,30.615465
baseline,8,s2-s5,1,1,0,0,0,nan,nan,nan,0,35.230506
baseline,8,s2-s6,1,0,0,0,0,nan,nan,nan,0,41.328982
baseline,8,s3-s4,1,1,3,0,1,34.13054828,15.82184038,16.04051373,0,26.405784
baseline,8,s3-s5,1,1,0,0,0,nan,nan,nan,0,30.689064
baseline,8,s3-s6,1,0,9,9,1,0.330813278,0.03114920052,0.03666589401,1,36.69802
baseline,8,s4-s5,1,1,3,0,1,125.2025828,14.502507,17.0824737,0,26.591953
baseline,8,s4-s6,1,1,6,6,1,1.18920186,0.1379563567,0.1660252555,1,32.050934
baseline,8,s5-s6,1,1,4,4,1,2.296208158,1.485288128,1.477424858,0,37.387803
baseline,8,s2-s1,0,0,4,4,1,0.8773893853,0.1574847189,0.174920279,1,34.449832
baseline,8,s3-s1,0,0,0,0,0,nan,nan,nan,0,30.198036
baseline,8,s4-s1,0,0,0,0,0,nan,nan,nan,0,25.819901
baseline,8,s5-s1,0,0,0,0,0,nan,nan,nan,0,30.39435
baseline,8,s6-s1,0,0,3,0,1,14.90349376,40.46694872,40.49461384,0,35.962227
baseline,8,s3-s2,0,0,11,10,1,0.6513529683,0.0789202063,0.09305165776,1,35.280407
baseline,8,s4-s2,0,0,3,0,1,45.18985326,32.4364833,32.89572729,0,30.251274
baseline,8,s5-s2,0,0,0,0,0,nan,nan,nan,0,35.449921
baseline,8,s6-s2,0,0,3,0,1,53.35051654,41.50510841,41.89374946,0,41.291926
baseline,8,s4-s3,0,0,4,0,1,47.90125322,23.78342965,24.37219493,0,26.173918
baseline,8,s5-s3,0,0,0,0,0,nan,nan,nan,0,30.892962
baseline,8,s6-s3,0,0,9,9,1,0.330813278,0.03847185202,0.0446026486,1,36.926256
baseline,8,s5-s4,0,0,0,0,0,nan,nan,nan,0,26.573207
baseline,8,s6-s4,0,0,6,6,1,1.18920186,0.1535936354,0.1829507745,1,31.881747
baseline,8,s6-s5,0,0,0,0,0,nan,nan,nan,0,37.11777
baseline,9,s1-s2,1,1,4,0,1,98.72695642,38.83636199,39.50616748,0,35.571319
baseline,9,s1-s3,1,1,3,0,1,166.6297271,22.61816198,24.67892998,0,30.979439
baseline,9,s1-s4,1,0,4,0,1,175.766356,27.74353585,29.26594082,0,28.102555
baseline,9,s1-s5,1,0,0,0,0,nan,nan,nan,0,31.493011
baseline,9,s1-s6,1,0,3,0,1,75.71670322,23.34733584,24.17086889,0,36.462637
baseline,9,s2-s3,1,1,3,3,1,0.09686412027,0.04553399788,0.0465002099,1,36.498109
baseline,9,s2-s4,1,1,0,0,0,nan,nan,nan,0,33.455468
baseline,9,s2-s5,1,1,0,0,0,nan,nan,nan,0,37.342238
baseline,9,s2-s6,1,0,0,0,0,nan,nan,nan,0,42.154334
baseline,9,s3-s4,1,1,3,0,1,18.86284848,27.77880137,27.81909898,0,28.754678
baseline,9,s3-s5,1,1,0,0,0,nan,nan,nan,0,32.095914
baseline,9,s3-s6,1,0,0,0,0,nan,nan,nan,0,37.265417
baseline,9,s4-s5,1,1,6,6,1,0.1010011391,0.08010450945,0.08043555298,1,29.239661
baseline,9,s4-s6,1,1,0,0,0,nan,nan,nan,0,34.444533
baseline,9,s5-s6,1,1,1,1,0,nan,nan,nan,0,37.622935
baseline,9,s2-s1,0,0,5,0,1,120.1046383,19.15183911,21.21620578,0,35.625662
baseline,9,s3-s1,0,0,0,0,0,nan,nan,nan,0,30.831336
baseline,9,s4-s1,0,0,4,0,1,175.766356,22.81396275,25.50206184,0,27.921975
baseline,9,s5-s1,0,0,0,0,0,nan,nan,nan,0,31.344921
baseline,9,s6-s1,0,0,3,0,1,75.71670322,19.16365438,20.63311118,0,36.096625
baseline,9,s3-s2,0,0,3,3,1,0.09686412024,0.0479333248,0.04828893642,1,36.404485
baseline,9,s4-s2,0,0,0,0,0,nan,nan,nan,0,33.389333
baseline,9,s5-s2,0,0,0,0,0,nan,nan,nan,0,37.038603
baseline,9,s6-s2,0,0,0,0,0,nan,nan,nan,0,42.255362
baseline,9,s4-s3,0,0,3,0,1,18.86284848,25.54245504,25.5714815,0,37.825074
baseline,9,s5-s3,0,0,0,0,0,nan,nan,nan,0,32.096735
baseline,9,s6-s3,0,0,0,0,0,nan,nan,nan,0,37.322775
baseline,9,s5-s4,0,0,6,6,1,0.1010011391,0.08351429217,0.08307123091,1,29.167929
baseline,9,s6-s4,0,0,0,0,0,nan,nan,nan,0,34.045624
baseline,9,s6-s5,0,0,1,1,0,nan,nan,nan,0,37.755794
baseline,10,s1-s2,1,1,3,0,1,167.2639565,35.0735481,36.28190562,0,35.39658
baseline,10,s1-s3,1,1,3,0,1,119.041415,24.83627237,26.54172416,0,29.717775
baseline,10,s1-s4,1,0,3,0,1,152.8720799,40.10236477,41.1054831,0,27.980453
baseline,10,s1-s5,1,0,0,0,0,nan,nan,nan,0,31.157634
baseline,10,s1-s6,1,0,0,0,0,nan,nan,nan,0,36.560456
baseline,10,s2-s3,1,1,13,13,1,0.2206029948,0.01961804508,0.02494356575,1,34.179098
baseline,10,s2-s4,1,1,3,0,1,84.30163455,43.35376479,43.50591496,0,31.607145
baseline,10,s2-s5,1,1,0,0,0,nan,nan,nan,0,34.633473
baseline,10,s2-s6,1,0,0,0,0,nan,nan,nan,0,39.997275
baseline,10,s3-s4,1,1,3,0,1,3.624394665,15.98413793,15.99622952,0,25.331317
baseline,10,s3-s5,1,1,0,0,0,nan,nan,nan,0,28.484356
baseline,10,s3-s6,1,0,0,0,0,nan,nan,nan,0,33.838753
baseline,10,s4-s5,1,1,10,9,1,0.2148708834,0.151329301,0.1516296373,1,27.265307
baseline,10,s4-s6,1,1,13,13,1,0.6713607896,0.05829483289,0.07434343852,1,33.875066
baseline,10,s5-s6,1,1,7,6,1,1.052226698,0.2837969322,0.2839822857,1,35.889266
baseline,10,s2-s1,0,0,3,0,1,167.2639565,13.7523685,17.11542405,0,35.231612
baseline,10,s3-s1,0,0,3,0,1,119.041415,21.64307689,23.98954166,0,29.430433
baseline,10,s4-s1,0,0,3,0,1,152.8720799,8.348575967,13.5406566,0,28.04124
baseline,10,s5-s1,0,0,0,0,0,nan,nan,nan,0,31.204229
baseline,10,s6-s1,0,0,5,0,1,124.7358524,36.81030722,38.49459553,0,36.326146
baseline,10,s3-s2,0,0,13,13,1,0.2206029948,0.01982609057,0.0247701752,1,33.84312
baseline,10,s4-s2,0,0,3,0,1,84.28476303,43.83545428,44.21066985,0,30.866344
baseline,10,s5-s2,0,0,0,0,0,nan,nan,nan,0,34.417622
baseline,10,s6-s2,0,0,0,0,0,nan,nan,nan,0,40.005614
baseline,10,s4-s3,0,0,3,0,1,3.624394665,15.98917942,15.99967513,0,25.466093
baseline,10,s5-s3,0,0,0,0,0,nan,nan,nan,0,28.728172
baseline,10,s6-s3,0,0,3,0,1,113.7782927,13.17392204,16.0435408,0,34.107463
baseline,10,s5-s4,0,0,10,9,1,0.2148708834,0.1445055561,0.1438112732,1,27.37375
baseline,10,s6-s4,0,0,13,13,1,0.6713607896,0.04695079176,0.06829236904,1,33.579686
baseline,10,s6-s5,0,0,4,4,1,2.059902708,0.1334380587,0.1821510152,0,35.690831
improved,1,s1-s2,1,1,7,7,1,0.2245552085,0.02351098152,0.02660412451,1,1.41802
improved,1,s1-s3,1,1,6,6,1,0.3877068383,0.03912403919,0.04442696511,1,1.221352
improved,1,s1-s4,1,0,0,0,0,nan,nan,nan,0,1.705226
improved,1,s1-s5,1,0,0,0,0,nan,nan,nan,0,2.136786
improved,1,s1-s6,1,0,0,0,0,nan,nan,nan,0,2.646243
improved,1,s2-s3,1,1,9,9,1,0.2069130299,0.01730555908,0.0219130582,1,1.213732
improved,1,s2-s4,1,1,2,2,0,nan,nan,nan,0,1.617489
improved,1,s2-s5,1,1,1,1,0,nan,nan,nan,0,2.152074
improved,1,s2-s6,1,0,8,8,1,0.471449571,0.09745899876,0.1035442652,1,2.591019
improved,1,s3-s4,1,1,6,6,1,0.8467053012,0.007082036812,0.05871954384,1,1.534861
improved,1,s3-s5,1,1,4,4,1,0.1466207666,0.06649955474,0.06732032038,1,1.995244
improved,1,s3-s6,1,0,1,1,0,nan,nan,nan,0,2.40756
improved,1,s4-s5,1,1,8,8,1,0.2118802995,0.02669413843,0.03054644905,1,2.522925
improved,1,s4-s6,1,1,9,9,1,0.07571880583,0.03030660569,0.03171665804,1,2.97156
improved,1,s5-s6,1,1,12,12,1,0.5108324578,0.02840037612,0.04253518869,1,3.672314
improved,1,s2-s1,0,0,7,7,1,0.2245552085,0.0124568312,0.01806507169,1,1.437802
improved,1,s3-s1,0,0,6,6,1,0.3877068383,0.03091196023,0.03817401587,1,1.241139
improved,1,s4-s1,0,0,0,0,0,nan,nan,nan,0,1.695546
improved,1,s5-s1,0,0,6,6,1,1.193420449,0.1693628845,0.1950491141,1,2.327043
improved,1,s6-s1,0,0,0,0,0,nan,nan,nan,0,2.734561
improved,1,s3-s2,0,0,9,9,1,0.2069130299,0.004926322569,0.01357632747,1,1.242957
improved,1,s4-s2,0,0,2,2,0,nan,nan,nan,0,1.56843
improved,1,s5-s2,0,0,1,1,0,nan,nan,nan,0,2.178915
improved,1,s6-s2,0,0,8,8,1,0.471449571,0.1664858181,0.1699432869,1,2.587484
improved,1,s4-s3,0,0,6,6,1,0.8467053012,0.1677588319,0.1787105935,1,1.44807
improved,1,s5-s3,0,0,4,4,1,0.1466207666,0.02849481463,0.03144363484,1,2.001657
improved,1,s6-s3,0,0,1,1,0,nan,nan,nan,0,2.524752
improved,1,s5-s4,0,0,8,8,1,0.2118802995,0.01533593302,0.02116132107,1,2.546388
improved,1,s6-s4,0,0,9,9,1,0.07571880587,0.0338138565,0.03507200951,1,2.972137
improved,1,s6-s5,0,0,12,12,1,0.5108324578,0.005649942922,0.03208292093,1,3.705312
improved,2,s1-s2,1,1,5,5,1,0.6119475145,0.1535081354,0.1641545879,1,1.522349
improved,2,s1-s3,1,1,8,8,1,0.6123624405,0.04739291763,0.06404226983,1,1.284089
improved,2,s1-s4,1,0,1,1,0,nan,nan,nan,0,1.674383
improved,2,s1-s5,1,0,1,1,0,nan,nan,nan,0,2.405517
improved,2,s1-s6,1,0,4,4,1,4.03084117,0.2097892827,0.3202500604,0,2.772488
improved,2,s2-s3,1,1,8,8,1,0.5372751506,0.05621423956,0.0648387299,1,1.317644
improved,2,s2-s4,1,1,0,0,0,nan,nan,nan,0,1.804683
improved,2,s2-s5,1,1,11,11,1,0.366331695,0.08892262785,0.0944914499,1,2.804254
improved,2,s2-s6,1,0,7,7,1,1.023187175,0.04757938363,0.08207829412,1,2.929184
improved,2,s3-s4,1,1,2,2,0,nan,nan,nan,0,1.428793
improved,2,s3-s5,1,1,5,5,1,1.171955931,0.2860800364,0.2920891468,1,2.126449
improved,2,s3-s6,1,0,1,1,0,nan,nan,nan,0,2.482452
improved,2,s4-s5,1,1,5,5,1,0.809329935,0.1520842423,0.1620564032,1,2.561501
improved,2,s4-s6,1,1,6,6,1,2.062687975,0.04869660177,0.1358659348,0,3.147091
improved,2,s5-s6,1,1,4,4,1,5.840729439,0.2565847136,0.4119001636,0,3.744548
improved,2,s2-s1,0,0,5,5,1,0.6119475145,0.0945659413,0.1096704211,1,1.585072
improved,2,s3-s1,0,0,8,8,1,0.6123624405,0.02140745222,0.04593463329,1,1.318278
improved,2,s4-s1,0,0,1,1,0,nan,nan,nan,0,1.776563
improved,2,s5-s1,0,0,1,1,0,nan,nan,nan,0,2.44844
improved,2,s6-s1,0,0,4,4,1,4.03084117,0.2481522459,0.3455360905,0,2.78595
improved,2,s3-s2,0,0,8,8,1,0.5372751506,0.08378696097,0.08820117817,1,1.2945
improved,2,s4-s2,0,0,0,0,0,nan,nan,nan,0,1.735192
improved,2,s5-s2,0,0,11,11,1,0.366331695,0.06978054377,0.07595428954,1,2.868198
improved,2,s6-s2,0,0,7,7,1,1.023187175,0.3018004924,0.3120847647,1,2.876439
improved,2,s4-s3,0,0,2,2,0,nan,nan,nan,0,1.415312
improved,2,s5-s3,0,0,5,5,1,1.171955931,0.06896483212,0.1054585658,1,2.134796
improved,2,s6-s3,0,0,1,1,0,nan,nan,nan,0,2.447516
improved,2,s5-s4,0,0,5,5,1,0.809329935,0.1202726964,0.1360570186,1,2.636336
improved,2,s6-s4,0,0,6,6,1,2.062687975,0.07710553071,0.1449245827,0,2.984093
improved,2,s6-s5,0,0,4,4,1,5.840729439,0.2229024964,0.4020269026,0,3.744399
improved,3,s1-s2,1,1,6,6,1,0.3595329349,0.01448291492,0.0300893853,1,1.518667
improved,3,s1-s3,1,1,10,10,1,0.4373095648,0.02815720422,0.03822840273,1,1.518387
improved,3,s1-s4,1,0,1,1,0,nan,nan,nan,0,1.80574
improved,3,s1-s5,1,0,0,0,0,nan,nan,nan,0,2.3848
improved,3,s1-s6,1,0,0,0,0,nan,nan,nan,0,2.751185
improved,3,s2-s3,1,1,7,7,1,0.1964215627,0.01417869357,0.02232957901,1,1.469521
improved,3,s2-s4,1,1,3,3,1,1.774177454,0.06930373967,0.1235098123,1,1.632392
improved,3,s2-s5,1,1,6,6,1,0.3852095535,0.03035900673,0.03979531393,1,2.187635
improved,3,s2-s6,1,0,5,5,1,1.01194833,0.05306975428,0.08541855311,1,2.711051
improved,3,s3-s4,1,1,1,1,0,nan,nan,nan,0,1.637233
improved,3,s3-s5,1,1,5,5,1,0.1649219482,0.03033279299,0.03121421783,1,2.184518
improved,3,s3-s6,1,0,3,3,1,1.407628713,0.3370634187,0.3455327289,1,2.67456
improved,3,s4-s5,1,1,7,7,1,0.1052390897,0.0478138243,0.04853952945,1,2.361745
improved,3,s4-s6,1,1,10,10,1,0.1725866255,0.02173971822,0.02450171734,1,2.99754
improved,3,s5-s6,1,1,12,12,1,0.1904442936,0.01298060381,0.01800269789,1,3.634296
improved,3,s2-s1,0,0,6,6,1,0.3595329349,0.02657801611,0.0374596582,1,1.541574
improved,3,s3-s1,0,0,10,10,1,0.4373095648,0.02681908953,0.03787208097,1,1.559771
improved,3,s4-s1,0,0,1,1,0,nan,nan,nan,0,1.767529
improved,3,s5-s1,0,0,0,0,0,nan,nan,nan,0,2.44271
improved,3,s6-s1,0,0,0,0,0,nan,nan,nan,0,2.796241
improved,3,s3-s2,0,0,7,7,1,0.1964215627,0.01737258343,0.02442417665,1,1.497877
improved,3,s4-s2,0,0,3,3,1,1.774177454,0.3377284697,0.3601904576,1,1.651053
improved,3,s5-s2,0,0,6,6,1,0.3852095534,0.05665333974,0.06521462088,1,2.218661
improved,3,s6-s2,0,0,5,5,1,1.01194833,0.3718420713,0.3819969769,1,2.669486
improved,3,s4-s3,0,0,1,1,0,nan,nan,nan,0,1.598139
improved,3,s5-s3,0,0,5,5,1,0.1649219482,0.008736006977,0.01327983633,1,2.29987
improved,3,s6-s3,0,0,3,3,1,1.407628713,0.1394411171,0.1649663922,1,2.662659
improved,3,s5-s4,0,0,7,7,1,0.1052390897,0.05121212204,0.05254350507,1,2.482151
improved,3,s6-s4,0,0,10,10,1,0.1725866255,0.02280417274,0.02531005754,1,2.962394
improved,3,s6-s5,0,0,12,12,1,0.1904442937,0.01285165943,0.01833432843,1,3.56338
improved,4,s1-s2,1,1,11,11,1,0.2366231469,0.0199723878,0.02628080978,1,1.628739
improved,4,s1-s3,1,1,9,9,1,0.3008130298,0.007392169143,0.01912657091,1,1.355391
improved,4,s1-s4,1,0,0,0,0,nan,nan,nan,0,1.616917
improved,4,s1-s5,1,0,3,3,1,0.3858783427,0.0481817892,0.05875823629,1,2.226152
improved,4,s1-s6,1,0,0,0,0,nan,nan,nan,0,2.725181
improved,4,s2-s3,1,1,10,10,1,0.3521736175,0.04739611758,0.05322950553,1,1.480622
improved,4,s2-s4,1,1,6,6,1,0.2773232701,0.04494857626,0.05037103667,1,1.702898
improved,4,s2-s5,1,1,2,2,0,nan,nan,nan,0,2.311744
improved,4,s2-s6,1,0,5,5,1,0.9948115733,0.05538050995,0.08821513026,1,2.866636
improved,4,s3-s4,1,1,3,3,1,0.03595865641,0.02447264531,0.0245807015,1,1.430017
improved,4,s3-s5,1,1,2,2,0,nan,nan,nan,0,2.003215
improved,4,s3-s6,1,0,1,1,0,nan,nan,nan,0,2.554937
improved,4,s4-s5,1,1,8,8,1,0.3475108635,0.06238718603,0.06648920045,1,2.269945
improved,4,s4-s6,1,1,9,9,1,0.1059140285,0.03413224366,0.03550059722,1,2.842988
improved,4,s5-s6,1,1,11,11,1,0.616877986,0.04957844369,0.06085182418,1,3.557607
improved,4,s2-s1,0,0,11,11,1,0.2366231469,0.02886790582,0.03408698955,1,1.764095
improved,4,s3-s1,0,0,9,9,1,0.3008130299,0.03161582571,0.03732452816,1,1.332795
improved,4,s4-s1,0,0,0,0,0,nan,nan,nan,0,1.645982
improved,4,s5-s1,0,0,3,3,1,0.3858783427,0.05978513522,0.06632188783,1,2.285429
improved,4,s6-s1,0,0,0,0,0,nan,nan,nan,0,2.701662
improved,4,s3-s2,0,0,10,10,1,0.3521736175,0.0544434403,0.05873230673,1,1.452577
improved,4,s4-s2,0,0,6,6,1,0.2773232701,0.03169767,0.0403491368,1,1.745342
improved,4,s5-s2,0,0,2,2,0,nan,nan,nan,0,2.37089
improved,4,s6-s2,0,0,5,5,1,0.9948115733,0.3641467694,0.3741300647,1,2.875569
improved,4,s4-s3,0,0,3,3,1,0.03595865649,0.01966491865,0.02013404706,1,1.40721
improved,4,s5-s3,0,0,2,2,0,nan,nan,nan,0,1.957828
improved,4,s6-s3,0,0,1,1,0,nan,nan,nan,0,2.491819
improved,4,s5-s4,0,0,8,8,1,0.3475108635,0.03545738451,0.04167840015,1,2.306415
improved,4,s6-s4,0,0,9,9,1,0.1059140285,0.03948712557,0.04059632845,1,2.793804
improved,4,s6-s5,0,0,11,11,1,0.616877986,0.007149879164,0.03760791699,1,3.397802
improved,5,s1-s2,1,1,4,4,1,0.6930082444,0.1014411699,0.109167118,1,1.644604
improved,5,s1-s3,1,1,9,9,1,0.3543765155,0.02384669318,0.03135958441,1,1.52266
improved,5,s1-s4,1,0,2,2,0,nan,nan,nan,0,1.839469
improved,5,s1-s5,1,0,6,6,1,1.152809387,0.313132541,0.3171976417,1,2.289476
improved,5,s1-s6,1,0,0,0,0,nan,nan,nan,0,2.78925
improved,5,s2-s3,1,1,11,11,1,0.09163955762,0.01831673049,0.01950273398,1,1.537339
improved,5,s2-s4,1,1,1,1,0,nan,nan,nan,0,1.782039
improved,5,s2-s5,1,1,8,8,1,0.3314725008,0.008194993657,0.02371883238,1,2.286065
improved,5,s2-s6,1,0,2,2,0,nan,nan,nan,0,2.966925
improved,5,s3-s4,1,1,2,2,0,nan,nan,nan,0,1.625128
improved,5,s3-s5,1,1,2,2,0,nan,nan,nan,0,1.99283
improved,5,s3-s6,1,0,7,7,1,0.4589476441,0.03258968014,0.04642263856,1,2.827472
improved,5,s4-s5,1,1,5,5,1,0.2919156906,0.0906293426,0.09304435168,1,2.413362
improved,5,s4-s6,1,1,5,5,1,1.053593891,0.1073419994,0.1281763259,1,3.157321
improved,5,s5-s6,1,1,4,4,1,0.5135177408,0.02811120439,0.04408107983,1,3.559658
improved,5,s2-s1,0,0,4,4,1,0.6930082444,0.04253634217,0.0607952833,1,1.628702
improved,5,s3-s1,0,0,9,9,1,0.3543765155,0.02800740107,0.03586185886,1,1.512256
improved,5,s4-s1,0,0,2,2,0,nan,nan,nan,0,1.864808
improved,5,s5-s1,0,0,6,6,1,1.152809387,0.1406146083,0.1677483323,1,2.342294
improved,5,s6-s1,0,0,0,0,0,nan,nan,nan,0,2.859387
improved,5,s3-s2,0,0,11,11,1,0.0916395576,0.01977502226,0.02051406901,1,1.535644
improved,5,s4-s2,0,0,1,1,0,nan,nan,nan,0,1.798756
improved,5,s5-s2,0,0,8,8,1,0.3314725008,0.07034807908,0.07669797306,1,2.377782
improved,5,s6-s2,0,0,2,2,0,nan,nan,nan,0,2.91814
improved,5,s4-s3,0,0,2,2,0,nan,nan,nan,0,1.594804
improved,5,s5-s3,0,0,2,2,0,nan,nan,nan,0,2.051399
improved,5,s6-s3,0,0,7,7,1,0.4589476441,0.07165747669,0.07887004383,1,2.801497
improved,5,s5-s4,0,0,5,5,1,0.2919156906,0.07956523603,0.08415557793,1,2.397115
improved,5,s6-s4,0,0,5,5,1,1.053593891,0.0696159102,0.1023553179,1,3.109862
improved,5,s6-s5,0,0,4,4,1,0.5135177408,0.004183136023,0.03270126526,1,3.545983
improved,6,s1-s2,1,1,6,6,1,0.1560640955,0.03012298805,0.03331913356,1,1.635565
improved,6,s1-s3,1,1,4,4,1,0.4597966627,0.05530421421,0.06103626574,1,1.179535
improved,6,s1-s4,1,0,7,7,1,0.6949771127,0.1180316621,0.1241448669,1,1.746881
improved,6,s1-s5,1,0,4,4,1,0.8533793977,0.1026967803,0.1197116502,1,2.215614
improved,6,s1-s6,1,0,4,4,1,1.665973646,0.06178168725,0.1318187972,1,2.768135
improved,6,s2-s3,1,1,10,10,1,0.2182043513,0.006141592455,0.01766543508,1,1.405497
improved,6,s2-s4,1,1,1,1,0,nan,nan,nan,0,1.797427
improved,6,s2-s5,1,1,5,5,1,0.3768299019,0.04043187721,0.04902607456,1,2.219496
improved,6,s2-s6,1,0,8,8,1,0.7688807645,0.01588795909,0.05344099693,1,2.944695
improved,6,s3-s4,1,1,2,2,0,nan,nan,nan,0,1.47317
improved,6,s3-s5,1,1,4,4,1,0.3113716109,0.04388255072,0.04820629923,1,1.928966
improved,6,s3-s6,1,0,1,1,0,nan,nan,nan,0,2.604189
improved,6,s4-s5,1,1,10,10,1,0.3017783024,0.06360525296,0.06655032728,1,2.392987
improved,6,s4-s6,1,1,3,3,1,2.676875246,0.05010780312,0.1739590132,0,3.054912
improved,6,s5-s6,1,1,6,6,1,0.5339222596,0.02675402891,0.04260472015,1,3.563205
improved,6,s2-s1,0,0,6,6,1,0.1560640955,0.02082630788,0.02527486783,1,1.659718
improved,6,s3-s1,0,0,4,4,1,0.4597966627,0.07082584749,0.07590377885,1,1.161935
improved,6,s4-s1,0,0,7,7,1,0.6949771127,0.162558885,0.1708794812,1,1.780842
improved,6,s5-s1,0,0,4,4,1,0.2997221629,0.08862111006,0.0932095371,1,2.223988
improved,6,s6-s1,0,0,4,4,1,1.665973646,0.350689738,0.3694564182,1,2.83722
improved,6,s3-s2,0,0,10,10,1,0.2182043513,0.01703041397,0.02315728294,1,1.450704
improved,6,s4-s2,0,0,1,1,0,nan,nan,nan,0,1.826359
improved,6,s5-s2,0,0,5,5,1,0.3768299019,0.06282395139,0.07004029785,1,2.248781
improved,6,s6-s2,0,0,8,8,1,0.7688807645,0.2039048333,0.2124903363,1,3.026196
improved,6,s4-s3,0,0,2,2,0,nan,nan,nan,0,1.481375
improved,6,s5-s3,0,0,4,4,1,0.3113716109,0.06089783939,0.06655173944,1,1.981844
improved,6,s6-s3,0,0,1,1,0,nan,nan,nan,0,2.604194
improved,6,s5-s4,0,0,10,10,1,0.3017783024,0.04232789936,0.04684462872,1,2.431331
improved,6,s6-s4,0,0,3,3,1,2.676875246,0.06679028194,0.1738178472,0,2.965169
improved,6,s6-s5,0,0,6,6,1,0.5339222596,0.0470633362,0.05810242105,1,3.453046
improved,7,s1-s2,1,1,1,1,0,nan,nan,nan,0,1.544176
improved,7,s1-s3,1,1,2,2,0,nan,nan,nan,0,1.131382
improved,7,s1-s4,1,0,7,7,1,2.754183466,0.3743783654,0.4018817177,0,1.567803
improved,7,s1-s5,1,0,6,6,1,0.4856544609,0.06475920185,0.07013024255,1,2.236619
improved,7,s1-s6,1,0,4,4,1,0.9505892322,0.1878077951,0.1929976077,1,2.523348
improved,7,s2-s3,1,1,10,10,1,0.1425845644,0.0138832516,0.01805697059,1,1.379283
improved,7,s2-s4,1,1,4,4,1,1.74498806,0.06371895234,0.1171543981,1,1.64664
improved,7,s2-s5,1,1,5,5,1,0.6002299129,0.05628511842,0.06789055879,1,2.240235
improved,7,s2-s6,1,0,7,7,1,0.9915425645,0.04750499307,0.07938721855,1,2.757092
improved,7,s3-s4,1,1,2,2,0,nan,nan,nan,0,1.383202
improved,7,s3-s5,1,1,6,6,1,0.1065911179,0.01379888279,0.01674695731,1,2.146192
improved,7,s3-s6,1,0,6,6,1,0.4975373388,0.157767541,0.1587687245,1,2.336704
improved,7,s4-s5,1,1,7,7,1,0.448248125,0.07321912925,0.07912447082,1,2.434123
improved,7,s4-s6,1,1,7,7,1,0.325699988,0.02268742164,0.03395138135,1,2.800979
improved,7,s5-s6,1,1,9,9,1,2.542919603,0.07246240332,0.1611689847,0,3.510213
improved,7,s2-s1,0,0,1,1,0,nan,nan,nan,0,1.564045
improved,7,s3-s1,0,0,2,2,0,nan,nan,nan,0,1.202773
improved,7,s4-s1,0,0,7,7,1,2.754183466,0.3758882653,0.4195131078,0,1.631013
improved,7,s5-s1,0,0,6,6,1,0.4856544609,0.04971435221,0.06278059184,1,2.244126
improved,7,s6-s1,0,0,4,4,1,0.9505892322,0.1359829616,0.1523076287,1,2.581889
improved,7,s3-s2,0,0,10,10,1,0.1425845644,0.02321411452,0.02521302057,1,1.310732
improved,7,s4-s2,0,0,4,4,1,1.74498806,0.3239901555,0.3463481891,1,1.621638
improved,7,s5-s2,0,0,5,5,1,0.6002299129,0.09057221808,0.1029790125,1,2.272376
improved,7,s6-s2,0,0,7,7,1,0.9915425645,0.2909867575,0.3009517398,1,2.724149
improved,7,s4-s3,0,0,2,2,0,nan,nan,nan,0,1.390148
improved,7,s5-s3,0,0,6,6,1,0.1065911178,0.03508416443,0.03687765175,1,2.088246
improved,7,s6-s3,0,0,6,6,1,0.4975373388,0.02410556296,0.0472091789,1,2.433206
improved,7,s5-s4,0,0,7,7,1,0.448248125,0.04236360405,0.05155985133,1,2.505592
improved,7,s6-s4,0,0,7,7,1,0.325699988,0.03981369529,0.04660784593,1,2.786978
improved,7,s6-s5,0,0,9,9,1,2.542919603,0.1017958914,0.1868620633,0,3.508411
improved,8,s1-s2,1,1,8,8,1,0.3402274174,0.08559306957,0.0874695561,1,1.751513
improved,8,s1-s3,1,1,7,7,1,0.345650283,0.0315262708,0.03917881618,1,1.417185
improved,8,s1-s4,1,0,1,1,0,nan,nan,nan,0,1.671438
improved,8,s1-s5,1,0,7,7,1,0.5827509419,0.1065405821,0.1109515515,1,2.509451
improved,8,s1-s6,1,0,6,6,1,0.875842882,0.1162092532,0.1267652432,1,2.989868
improved,8,s2-s3,1,1,7,7,1,0.2350270918,0.03016275441,0.03448638369,1,1.375113
improved,8,s2-s4,1,1,3,3,1,1.780178074,0.06333937961,0.1222608913,1,1.730218
improved,8,s2-s5,1,1,8,8,1,1.470276699,0.01605801535,0.09550398971,1,2.4912
improved,8,s2-s6,1,0,6,6,1,0.7923301489,0.01643987966,0.05366616209,1,3.158732
improved,8,s3-s4,1,1,1,1,0,nan,nan,nan,0,1.411296
improved,8,s3-s5,1,1,1,1,0,nan,nan,nan,0,2.294517
improved,8,s3-s6,1,0,4,4,1,0.7478397673,0.4405488565,0.437503556,1,2.744404
improved,8,s4-s5,1,1,4,4,1,0.3012916146,0.02128361766,0.02860177583,1,2.635413
improved,8,s4-s6,1,1,6,6,1,1.018602705,0.111103536,0.1314664455,1,3.118937
improved,8,s5-s6,1,1,2,2,0,nan,nan,nan,0,4.051958
improved,8,s2-s1,0,0,8,8,1,0.3402274174,0.02847219735,0.03585881761,1,1.751202
improved,8,s3-s1,0,0,7,7,1,0.345650283,0.03136181127,0.03939470657,1,1.456153
improved,8,s4-s1,0,0,1,1,0,nan,nan,nan,0,1.731405
improved,8,s5-s1,0,0,7,7,1,0.5827509419,0.1049377223,0.1173907876,1,5.862354
improved,8,s6-s1,0,0,6,6,1,0.875842882,0.1716182937,0.1826724939,1,3.160022
improved,8,s3-s2,0,0,7,7,1,0.2350270918,0.0273107345,0.03171046604,1,1.364505
improved,8,s4-s2,0,0,3,3,1,1.780178074,0.3379545182,0.3606560725,1,1.745282
improved,8,s5-s2,0,0,8,8,1,1.470276699,0.3131152363,0.3315978318,1,2.61637
improved,8,s6-s2,0,0,6,6,1,0.7923301489,0.2367958507,0.2455386905,1,3.108039
improved,8,s4-s3,0,0,1,1,0,nan,nan,nan,0,1.434213
improved,8,s5-s3,0,0,1,1,0,nan,nan,nan,0,2.290417
improved,8,s6-s3,0,0,3,3,1,0.9873960024,0.1376549931,0.1488973534,1,2.76258
improved,8,s5-s4,0,0,4,4,1,0.3012916145,0.01643649642,0.02386631169,1,2.651763
improved,8,s6-s4,0,0,6,6,1,1.018602705,0.2201329635,0.2323899971,1,3.141072
improved,8,s6-s5,0,0,2,2,0,nan,nan,nan,0,4.019854
improved,9,s1-s2,1,1,5,5,1,0.244556912,0.02220722603,0.02738177551,1,1.724991
improved,9,s1-s3,1,1,7,7,1,0.4244503315,0.04406787866,0.05184458041,1,1.362413
improved,9,s1-s4,1,0,5,5,1,3.243877271,0.2907696187,0.3415746894,0,1.689386
improved,9,s1-s5,1,0,10,10,1,0.427692715,0.05993962738,0.06466432724,1,2.525264
improved,9,s1-s6,1,0,0,0,0,nan,nan,nan,0,2.840227
improved,9,s2-s3,1,1,3,3,1,0.493188188,0.09172298405,0.09838321636,1,1.559895
improved,9,s2-s4,1,1,12,12,1,0.2332671597,0.03609076633,0.04176716729,1,3.18906
improved,9,s2-s5,1,1,0,0,0,nan,nan,nan,0,2.419945
improved,9,s2-s6,1,0,8,8,1,0.3381927294,0.09108279233,0.09535612544,1,3.153433
improved,9,s3-s4,1,1,4,4,1,0.5182198148,0.06279891762,0.07281115516,1,1.508611
improved,9,s3-s5,1,1,0,0,0,nan,nan,nan,0,2.036756
improved,9,s3-s6,1,0,6,6,1,0.2802391374,0.04293062456,0.04791809891,1,2.680199
improved,9,s4-s5,1,1,1,1,0,nan,nan,nan,0,2.450791
improved,9,s4-s6,1,1,7,7,1,0.1552548065,0.06649700353,0.06750607437,1,3.115544
improved,9,s5-s6,1,1,12,12,1,1.695540576,0.04826269242,0.1128225716,1,3.715484
improved,9,s2-s1,0,0,5,5,1,0.244556912,0.03240197285,0.03677844836,1,1.720785
improved,9,s3-s1,0,0,7,7,1,0.4244503315,0.02041361589,0.03481424374,1,1.392075
improved,9,s4-s1,0,0,5,5,1,3.243877271,0.1994862643,0.2812015622,0,1.6962
improved,9,s5-s1,0,0,10,10,1,0.427692715,0.08015554999,0.08902883944,1,2.531846
improved,9,s6-s1,0,0,0,0,0,nan,nan,nan,0,2.896294
improved,9,s3-s2,0,0,3,3,1,0.493188188,0.09860629425,0.1033407379,1,1.576242
improved,9,s4-s2,0,0,12,12,1,0.2332671597,0.06393584442,0.06700031127,1,3.258098
improved,9,s5-s2,0,0,0,0,0,nan,nan,nan,0,2.4945
improved,9,s6-s2,0,0,8,8,1,0.3381927294,0.1383030742,0.1405351221,1,3.096877
improved,9,s4-s3,0,0,4,4,1,0.5182198148,0.0803577777,0.09019373538,1,1.514825
improved,9,s5-s3,0,0,0,0,0,nan,nan,nan,0,2.061265
improved,9,s6-s3,0,0,6,6,1,0.2802391374,0.03366595916,0.0399466457,1,2.750261
improved,9,s5-s4,0,0,1,1,0,nan,nan,nan,0,2.445386
improved,9,s6-s4,0,0,7,7,1,0.1552548065,0.089453906,0.09089312934,1,3.026473
improved,9,s6-s5,0,0,12,12,1,1.695540576,0.03280968322,0.1118991823,1,3.674291
improved,10,s1-s2,1,1,5,5,1,1.096818803,0.2811180912,0.2928457658,1,1.686381
improved,10,s1-s3,1,1,7,7,1,0.3640657261,0.04328292225,0.0478609234,1,1.358405
improved,10,s1-s4,1,0,8,8,1,2.281535735,0.1465081182,0.1987463976,0,1.716368
improved,10,s1-s5,1,0,5,5,1,1.201985614,0.5746781045,0.5802670494,0,2.216691
improved,10,s1-s6,1,0,3,3,1,4.201351248,1.2939639,1.321939695,0,2.684754
improved,10,s2-s3,1,1,9,9,1,0.1666678748,0.02399425275,0.02797458242,1,1.517735
improved,10,s2-s4,1,1,2,2,0,nan,nan,nan,0,1.81749
improved,10,s2-s5,1,1,14,14,1,0.3475622979,0.009396749041,0.02474463245,1,4.781374
improved,10,s2-s6,1,0,3,3,1,3.746128597,0.5230339698,0.5873460372,0,3.021095
improved,10,s3-s4,1,1,3,3,1,0.9470858066,0.0200473323,0.06639885845,1,1.399891
improved,10,s3-s5,1,1,1,1,0,nan,nan,nan,0,2.065978
improved,10,s3-s6,1,0,10,10,1,0.2676500002,0.04513479932,0.0480058198,1,2.680186
improved,10,s4-s5,1,1,7,7,1,0.1401855447,0.04878355142,0.05019054805,1,2.348684
improved,10,s4-s6,1,1,9,9,1,0.9250460403,0.1022363148,0.1233875173,1,2.924215
improved,10,s5-s6,1,1,6,6,1,0.06629855623,0.02324970322,0.02337187095,1,3.551188
improved,10,s2-s1,0,0,5,5,1,1.096818803,0.1557704197,0.1768350013,1,1.693595
improved,10,s3-s1,0,0,7,7,1,0.3640657261,0.03732283655,0.04333418751,1,1.339574
improved,10,s4-s1,0,0,8,8,1,2.281535735,0.2770866241,0.3143363901,0,1.682001
improved,10,s5-s1,0,0,5,5,1,1.201985614,0.1096818046,0.1443103559,1,2.22742
improved,10,s6-s1,0,0,3,3,1,4.201351248,0.6022054701,0.6808158658,0,2.728503
improved,10,s3-s2,0,0,9,9,1,0.1666678748,0.02417668647,0.02777468207,1,1.498131
improved,10,s4-s2,0,0,2,2,0,nan,nan,nan,0,1.825592
improved,10,s5-s2,0,0,14,14,1,0.3475622979,0.06499743555,0.07019880212,1,4.890853
improved,10,s6-s2,0,0,3,3,1,3.746128597,0.5988892814,0.6636180373,0,3.033554
improved,10,s4-s3,0,0,3,3,1,0.9470858066,0.1769575866,0.1900144313,1,1.43133
improved,10,s5-s3,0,0,1,1,0,nan,nan,nan,0,2.059865
improved,10,s6-s3,0,0,10,10,1,0.2676500003,0.07409189305,0.07799326438,1,2.757946
improved,10,s5-s4,0,0,7,7,1,0.1401855447,0.03773168507,0.04000488858,1,2.247143
improved,10,s6-s4,0,0,9,9,1,0.9250460403,0.1860151915,0.1977326956,1,2.994817
improved,10,s6-s5,0,0,6,6,1,0.06629855623,0.01622894227,0.01689281699,1,3.477569
merge,1,s1-s2,1,1,8,8,1,0.233705796,0.02404016082,0.02748347449,1,1.100475
merge,1,s1-s3,1,1,6,6,1,0.3877068383,0.03912403919,0.04442696511,1,0.813921
merge,1,s1-s4,1,0,0,0,0,nan,nan,nan,0,1.079526
merge,1,s1-s5,1,0,0,0,0,nan,nan,nan,0,1.363379
merge,1,s1-s6,1,0,0,0,0,nan,nan,nan,0,1.718961
merge,1,s2-s3,1,1,6,6,1,0.1609317098,0.01365609036,0.01739140282,1,0.836591
merge,1,s2-s4,1,1,7,7,1,0.4137520156,0.02757750859,0.04635347694,1,1.04296
merge,1,s2-s5,1,1,6,6,1,0.6581003049,0.003991234658,0.0462663448,1,1.412522
merge,1,s2-s6,1,0,8,8,1,0.3245384224,0.05700017074,0.06151149362,1,1.744769
merge,1,s3-s4,1,1,6,6,1,0.6024488183,0.05227457724,0.0683207837,1,1.106822
merge,1,s3-s5,1,1,5,5,1,0.3964144747,0.1015360899,0.1026030212,1,1.394444
merge,1,s3-s6,1,0,5,5,1,0.8139744599,0.2503708994,0.2520540521,1,1.76096
merge,1,s4-s5,1,1,10,10,1,0.3051794544,0.0591315718,0.0635820173,1,1.708647
merge,1,s4-s6,1,1,12,12,1,0.149312223,0.02846626729,0.03169239146,1,1.988795
merge,1,s5-s6,1,1,11,11,1,0.1932054174,0.02183104295,0.02543080574,1,2.512426
merge,1,s2-s1,0,0,8,8,1,0.233705796,0.01156942507,0.01803055177,1,0.887485
merge,1,s3-s1,0,0,6,6,1,0.3877068383,0.03091196023,0.03817401587,1,0.857738
merge,1,s4-s1,0,0,0,0,0,nan,nan,nan,0,1.061921
merge,1,s5-s1,0,0,0,0,0,nan,nan,nan,0,1.435573
merge,1,s6-s1,0,0,0,0,0,nan,nan,nan,0,1.874344
merge,1,s3-s2,0,0,6,6,1,0.1609317098,0.01081539549,0.01462831945,1,0.805706
merge,1,s4-s2,0,0,7,7,1,0.4137520156,0.09157466387,0.1000326667,1,0.99833
merge,1,s5-s2,0,0,6,6,1,0.6581003049,0.129426453,0.1431362813,1,1.378666
merge,1,s6-s2,0,0,8,8,1,0.3245384224,0.03470960129,0.04063109384,1,1.682231
merge,1,s4-s3,0,0,6,6,1,0.6024488183,0.1128455825,0.1225536825,1,1.024222
merge,1,s5-s3,0,0,5,5,1,0.3964144747,0.03618071653,0.0443042399,1,1.436232
merge,1,s6-s3,0,0,5,5,1,0.8139744599,0.08498111622,0.09961181563,1,1.713699
merge,1,s5-s4,0,0,10,10,1,0.3051794544,0.03981242885,0.04663962684,1,1.625112
merge,1,s6-s4,0,0,12,12,1,0.149312223,0.04018158376,0.04245870637,1,1.965922
merge,1,s6-s5,0,0,11,11,1,0.1932054174,0.00908698659,0.01690482816,1,2.346621
merge,2,s1-s2,1,1,5,5,1,0.6045777673,0.1509399484,0.1589472968,1,0.983969
merge,2,s1-s3,1,1,11,11,1,0.8326964777,0.07348862738,0.08612623149,1,0.87148
merge,2,s1-s4,1,0,2,2,0,nan,nan,nan,0,1.106887
merge,2,s1-s5,1,0,5,5,1,0.3915280101,0.08581993375,0.08889151131,1,1.524513
merge,2,s1-s6,1,0,3,3,1,1.705890163,0.0606403918,0.1270504827,1,1.681243
merge,2,s2-s3,1,1,4,4,1,3.100805571,0.4460464723,0.4721835588,0,0.817098
merge,2,s2-s4,1,1,2,2,0,nan,nan,nan,0,1.18548
merge,2,s2-s5,1,1,3,3,1,5.319056766,1.369119796,1.400848819,0,1.499067
merge,2,s2-s6,1,0,8,8,1,1.025113704,0.03650940862,0.07274295354,1,1.76086
merge,2,s3-s4,1,1,5,5,1,0.1618714754,0.03227679827,0.03448967932,1,1.062044
merge,2,s3-s5,1,1,3,3,1,5.219106325,1.434154112,1.451273291,0,1.417564
merge,2,s3-s6,1,0,1,1,0,nan,nan,nan,0,1.635294
merge,2,s4-s5,1,1,8,8,1,0.309412524,0.0889815772,0.09125827879,1,1.778205
merge,2,s4-s6,1,1,9,9,1,0.226955388,0.02482608965,0.03231219097,1,1.964809
merge,2,s5-s6,1,1,10,10,1,0.1736596183,0.0113468341,0.01878299955,1,2.435662
merge,2,s2-s1,0,0,5,5,1,0.6045777673,0.09514048603,0.1068582942,1,1.011281
merge,2,s3-s1,0,0,11,11,1,0.8326964777,0.05171285947,0.06903793761,1,0.864817
merge,2,s4-s1,0,0,2,2,0,nan,nan,nan,0,1.176962
merge,2,s5-s1,0,0,5,5,1,0.39152801,0.08481797093,0.09199368623,1,1.55515
merge,2,s6-s1,0,0,3,3,1,1.705890163,0.3880555914,0.4066528886,1,1.82226
merge,2,s3-s2,0,0,4,4,1,3.100805571,0.3460118438,0.3856483324,0,0.870331
merge,2,s4-s2,0,0,2,2,0,nan,nan,nan,0,1.197963
merge,2,s5-s2,0,0,3,3,1,5.319056766,0.2848124643,0.4343164455,0,1.638441
merge,2,s6-s2,0,0,8,8,1,1.025113704,0.2836230304,0.2942654447,1,1.746958
merge,2,s4-s3,0,0,5,5,1,0.1618714754,0.007866899647,0.01408515315,1,0.953651
merge,2,s5-s3,0,0,3,3,1,5.219106325,0.1537179392,0.3596289133,0,1.41304
merge,2,s6-s3,0,0,1,1,0,nan,nan,nan,0,1.571879
merge,2,s5-s4,0,0,8,8,1,0.309412524,0.06662975039,0.0704126619,1,1.75981
merge,2,s6-s4,0,0,9,9,1,0.226955388,0.02924048607,0.03445667473,1,2.014928
merge,2,s6-s5,0,0,10,10,1,0.1736596183,0.01911289532,0.02417395943,1,2.387816
merge,3,s1-s2,1,1,7,7,1,0.3560731393,0.01180301043,0.02761574718,1,0.995848
merge,3,s1-s3,1,1,9,9,1,0.3688404171,0.02274082314,0.03096929879,1,0.977761
merge,3,s1-s4,1,0,4,4,1,0.3018447362,0.07106168283,0.07447001898,1,1.167122
merge,3,s1-s5,1,0,4,4,1,1.506288111,0.5226000249,0.5323394277,0,1.615889
merge,3,s1-s6,1,0,3,3,1,0.580787424,0.02258443099,0.04010568595,1,1.721784
merge,3,s2-s3,1,1,6,6,1,0.1164879456,0.01869536648,0.02209408806,1,0.833539
merge,3,s2-s4,1,1,7,7,1,0.7554482868,0.04270068298,0.06414966182,1,0.983017
merge,3,s2-s5,1,1,6,6,1,0.6153820618,0.02470593417,0.04489843778,1,1.393547
merge,3,s2-s6,1,0,10,10,1,2.732787792,0.1080861419,0.1882301118,0,1.559767
merge,3,s3-s4,1,1,2,2,0,nan,nan,nan,0,1.081837
merge,3,s3-s5,1,1,6,6,1,0.9184424534,0.2074398845,0.2126299842,1,1.476935
merge,3,s3-s6,1,0,3,3,1,1.407628713,0.3370634187,0.3455327289,1,1.671771
merge,3,s4-s5,1,1,8,8,1,0.05425186779,0.0387286965,0.03896976755,1,1.68083
merge,3,s4-s6,1,1,13,13,1,0.1005508095,0.03063862158,0.03203706102,1,1.726238
merge,3,s5-s6,1,1,12,12,1,0.2050823176,0.01828994856,0.02460798475,1,2.273368
merge,3,s2-s1,0,0,7,7,1,0.3560731393,0.02576859371,0.03641282492,1,0.972786
merge,3,s3-s1,0,0,9,9,1,0.3688404171,0.02997760599,0.03778411501,1,1.085188
merge,3,s4-s1,0,0,4,4,1,0.3018447362,0.0469665633,0.05132051676,1,1.19226
merge,3,s5-s1,0,0,4,4,1,1.506288111,0.07922748251,0.1280046334,1,1.680377
merge,3,s6-s1,0,0,3,3,1,0.580787424,0.2996425352,0.3046886237,1,1.762385
merge,3,s3-s2,0,0,6,6,1,0.1164879456,0.01732674353,0.02096366656,1,0.883214
merge,3,s4-s2,0,0,7,7,1,0.7554482868,0.2004624276,0.2083367899,1,0.968353
merge,3,s5-s2,0,0,6,6,1,0.6153820618,0.1171348162,0.1289711702,1,1.388837
merge,3,s6-s2,0,0,10,10,1,2.732787792,0.6033871999,0.6341298938,0,1.607849
merge,3,s4-s3,0,0,2,2,0,nan,nan,nan,0,1.017503
merge,3,s5-s3,0,0,6,6,1,0.9184424534,0.05367622928,0.07832605947,1,1.451576
merge,3,s6-s3,0,0,3,3,1,1.407628713,0.1394411171,0.1649663922,1,1.655094
merge,3,s5-s4,0,0,8,8,1,0.05425186777,0.0386248078,0.03931939945,1,1.628131
merge,3,s6-s4,0,0,13,13,1,0.1005508095,0.02206081722,0.02381402657,1,1.796144
merge,3,s6-s5,0,0,12,12,1,0.2050823176,0.02886369287,0.0322872026,1,2.263832
merge,4,s1-s2,1,1,9,9,1,0.3971782622,0.06756081188,0.07117562093,1,0.962784
merge,4,s1-s3,1,1,11,11,1,0.8272541544,0.03476510349,0.05785558527,1,0.887225
merge,4,s1-s4,1,0,5,5,1,0.9563703953,0.1258282321,0.1380440372,1,1.079966
merge,4,s1-s5,1,0,6,6,1,0.6853451666,0.1649653802,0.1679832873,1,1.576049
merge,4,s1-s6,1,0,0,0,0,nan,nan,nan,0,1.736546
merge,4,s2-s3,1,1,12,12,1,3.161419564,0.206224637,0.2681354153,0,0.82599
merge,4,s2-s4,1,1,3,3,1,2.831209165,0.0561971333,0.1800391157,0,1.009711
merge,4,s2-s5,1,1,1,1,0,nan,nan,nan,0,1.535593
merge,4,s2-s6,1,0,2,2,0,nan,nan,nan,0,1.644853
merge,4,s3-s4,1,1,2,2,0,nan,nan,nan,0,0.954206
merge,4,s3-s5,1,1,3,3,1,1.204508185,0.3635932686,0.3667582157,1,1.422143
merge,4,s3-s6,1,0,3,3,1,0.7568131925,0.2394796984,0.24129705,1,1.620588
merge,4,s4-s5,1,1,9,9,1,0.3155781999,0.06011206064,0.06424157875,1,1.647672
merge,4,s4-s6,1,1,10,10,1,0.1408133834,0.06440316431,0.06533070253,1,1.828311
merge,4,s5-s6,1,1,8,8,1,0.3442196798,0.02100358737,0.02885445813,1,2.333982
merge,4,s2-s1,0,0,9,9,1,0.3971782622,0.02454336221,0.03619256726,1,0.902731
merge,4,s3-s1,0,0,11,11,1,0.8272541544,0.07826087285,0.09217851323,1,0.942288
merge,4,s4-s1,0,0,5,5,1,0.9563703953,0.2331400393,0.2437970178,1,1.071915
merge,4,s5-s1,0,0,6,6,1,0.6853451666,0.1069457346,0.1218506653,1,1.607119
merge,4,s6-s1,0,0,0,0,0,nan,nan,nan,0,1.742858
merge,4,s3-s2,0,0,12,12,1,3.161419564,0.1416245297,0.2165545476,0,0.901983
merge,4,s4-s2,0,0,3,3,1,2.831209165,0.290793801,0.348945295,0,1.039357
merge,4,s5-s2,0,0,1,1,0,nan,nan,nan,0,1.545573
merge,4,s6-s2,0,0,2,2,0,nan,nan,nan,0,1.652327
merge,4,s4-s3,0,0,2,2,0,nan,nan,nan,0,0.976473
merge,4,s5-s3,0,0,3,3,1,1.204508185,0.07365452192,0.107662985,1,1.384644
merge,4,s6-s3,0,0,3,3,1,0.7568131925,0.1010891584,0.1162540259,1,1.589725
merge,4,s5-s4,0,0,9,9,1,0.3155781999,0.03355168396,0.0400797187,1,1.647188
merge,4,s6-s4,0,0,10,10,1,0.1408133834,0.04882752391,0.04991660949,1,1.761
merge,4,s6-s5,0,0,8,8,1,0.3442196798,0.01753962405,0.02726276068,1,2.394854
merge,5,s1-s2,1,1,5,5,1,0.6222216314,0.08841152018,0.09500789125,1,1.014997
merge,5,s1-s3,1,1,12,12,1,0.7535419823,0.03271637548,0.05223535902,1,0.977337
merge,5,s1-s4,1,0,4,4,1,0.4802494065,0.102759277,0.1055469924,1,1.107387
merge,5,s1-s5,1,0,3,3,1,0.767195159,0.2355078186,0.2412671072,1,1.580399
merge,5,s1-s6,1,0,0,0,0,nan,nan,nan,0,1.934192
merge,5,s2-s3,1,1,13,13,1,1.250538626,0.06991657523,0.09883156876,1,0.907761
merge,5,s2-s4,1,1,3,3,1,0.67943834,0.0200356181,0.05338388254,1,1.071415
merge,5,s2-s5,1,1,7,7,1,0.5977422072,0.01435109562,0.03992127353,1,1.540085
merge,5,s2-s6,1,0,6,6,1,1.059451404,0.0957966362,0.113540619,1,1.982304
merge,5,s3-s4,1,1,2,2,0,nan,nan,nan,0,1.017526
merge,5,s3-s5,1,1,4,4,1,0.4050129332,0.09355635128,0.0956800741,1,1.447941
merge,5,s3-s6,1,0,6,6,1,0.6409209567,0.06796592042,0.07700127047,1,1.854595
merge,5,s4-s5,1,1,8,8,1,0.1732699115,0.0715832967,0.0726482345,1,1.534164
merge,5,s4-s6,1,1,5,5,1,1.098265865,0.1612552245,0.1789975871,1,1.954347
merge,5,s5-s6,1,1,11,11,1,0.3150281108,0.01382471301,0.02347219467,1,2.543898
merge,5,s2-s1,0,0,5,5,1,0.6222216314,0.03218425855,0.04972132928,1,1.083808
merge,5,s3-s1,0,0,12,12,1,0.7535419823,0.0535056071,0.06990271326,1,1.070042
merge,5,s4-s1,0,0,4,4,1,0.4802494065,0.06339138517,0.07178822878,1,1.165478
merge,5,s5-s1,0,0,3,3,1,0.767195159,0.02554249233,0.06195562791,1,1.633357
merge,5,s6-s1,0,0,0,0,0,nan,nan,nan,0,1.959716
merge,5,s3-s2,0,0,13,13,1,1.250538626,0.07966690035,0.1042152803,1,0.950991
merge,5,s4-s2,0,0,3,3,1,0.67943834,0.1415849514,0.1505727161,1,1.110835
merge,5,s5-s2,0,0,7,7,1,0.5977422072,0.1208321406,0.1324294804,1,1.587836
merge,5,s6-s2,0,0,6,6,1,1.059451404,0.3132610772,0.3231696133,1,1.944946
merge,5,s4-s3,0,0,2,2,0,nan,nan,nan,0,1.004705
merge,5,s5-s3,0,0,4,4,1,0.4050129332,0.03756152806,0.0489650056,1,1.40569
merge,5,s6-s3,0,0,6,6,1,0.6409209567,0.06203709064,0.07438904927,1,1.780957
merge,5,s5-s4,0,0,8,8,1,0.1732699115,0.05810350516,0.06008529057,1,1.625999
merge,5,s6-s4,0,0,5,5,1,1.098265865,0.05225393837,0.08647342731,1,2.057703
merge,5,s6-s5,0,0,11,11,1,0.3150281108,0.02903628208,0.03522925087,1,2.495824
merge,6,s1-s2,1,1,5,5,1,0.1656395895,0.02863662208,0.03152245677,1,0.85581
merge,6,s1-s3,1,1,6,6,1,1.049323754,0.05984717864,0.08384204227,1,0.824532
merge,6,s1-s4,1,0,1,1,0,nan,nan,nan,0,1.110188
merge,6,s1-s5,1,0,5,5,1,0.3726851881,0.07666711922,0.078607119,1,1.510464
merge,6,s1-s6,1,0,4,4,1,1.665256908,0.06056456992,0.1303956846,1,1.876285
merge,6,s2-s3,1,1,10,10,1,1.664164593,0.09373758636,0.1371924745,1,0.802811
merge,6,s2-s4,1,1,1,1,0,nan,nan,nan,0,1.040633
merge,6,s2-s5,1,1,2,2,0,nan,nan,nan,0,1.425153
merge,6,s2-s6,1,0,9,9,1,0.9328861125,0.04075114751,0.07110855737,1,1.757272
merge,6,s3-s4,1,1,1,1,0,nan,nan,nan,0,0.973853
merge,6,s3-s5,1,1,4,4,1,0.6733208569,0.09499799843,0.1039842115,1,1.411382
merge,6,s3-s6,1,0,2,2,0,nan,nan,nan,0,1.732053
merge,6,s4-s5,1,1,10,10,1,0.2646706285,0.06499262575,0.06763718535,1,1.551518
merge,6,s4-s6,1,1,4,4,1,3.657795557,0.1603447976,0.2704879738,0,1.972827
merge,6,s5-s6,1,1,6,6,1,0.4809829349,0.03503085673,0.04614702855,1,2.42061
merge,6,s2-s1,0,0,5,5,1,0.1656395895,0.01770373029,0.02226202478,1,0.91103
merge,6,s3-s1,0,0,6,6,1,1.049323754,0.1168317773,0.1327631332,1,0.831679
merge,6,s4-s1,0,0,1,1,0,nan,nan,nan,0,1.137743
merge,6,s5-s1,0,0,5,5,1,0.3726851881,0.03600249948,0.04721676779,1,1.516951
merge,6,s6-s1,0,0,4,4,1,1.665256908,0.3517235226,0.3704212285,1,1.855177
merge,6,s3-s2,0,0,10,10,1,1.664164593,0.09813561414,0.1356145452,1,0.801975
merge,6,s4-s2,0,0,1,1,0,nan,nan,nan,0,1.050719
merge,6,s5-s2,0,0,2,2,0,nan,nan,nan,0,1.422387
merge,6,s6-s2,0,0,9,9,1,0.9328861125,0.2731575353,0.2826315587,1,1.783759
merge,6,s4-s3,0,0,1,1,0,nan,nan,nan,0,0.939226
merge,6,s5-s3,0,0,4,4,1,0.6733208569,0.1209964309,0.1336708153,1,1.399353
merge,6,s6-s3,0,0,2,2,0,nan,nan,nan,0,1.720771
merge,6,s5-s4,0,0,10,10,1,0.2646706285,0.04744568486,0.05165142602,1,1.669782
merge,6,s6-s4,0,0,4,4,1,3.657795557,0.1018990688,0.2293067959,0,1.871138
merge,6,s6-s5,0,0,6,6,1,0.4809829349,0.04860281494,0.05704638856,1,2.376131
merge,7,s1-s2,1,1,3,3,1,0.1093277938,0.0214624731,0.02350141997,1,0.853453
merge,7,s1-s3,1,1,5,5,1,0.682755089,0.06577975817,0.07578379232,1,0.793926
merge,7,s1-s4,1,0,6,6,1,1.41895456,0.2733127743,0.2827234276,1,0.972169
merge,7,s1-s5,1,0,6,6,1,2.14900351,0.7939911405,0.8075242526,0,1.431592
merge,7,s1-s6,1,0,3,3,1,3.212641746,0.2602417001,0.3171028143,0,1.726171
merge,7,s2-s3,1,1,11,11,1,1.348983416,0.08282764397,0.111783504,1,0.825172
merge,7,s2-s4,1,1,1,1,0,nan,nan,nan,0,0.976699
merge,7,s2-s5,1,1,5,5,1,0.7952165188,0.044437317,0.06555168118,1,1.461337
merge,7,s2-s6,1,0,10,10,1,0.9564735944,0.03529646339,0.0688463473,1,1.795733
merge,7,s3-s4,1,1,3,3,1,0.4855523713,0.07528671191,0.08163548219,1,0.909368
merge,7,s3-s5,1,1,3,3,1,0.2640469261,0.05004975417,0.05239304714,1,1.436344
merge,7,s3-s6,1,0,3,3,1,0.3055927181,0.03303679696,0.03879543336,1,1.751089
merge,7,s4-s5,1,1,9,9,1,0.1655809339,0.05891733511,0.06039906921,1,1.580476
merge,7,s4-s6,1,1,6,6,1,2.038160466,0.04379928202,0.131179847,0,1.900046
merge,7,s5-s6,1,1,10,10,1,3.136098385,0.178594201,0.2505426278,0,2.429819
merge,7,s2-s1,0,0,3,3,1,0.1093277938,0.01113221821,0.01447266709,1,0.876892
merge,7,s3-s1,0,0,5,5,1,0.682755089,0.02891155403,0.04728392859,1,0.799745
merge,7,s4-s1,0,0,6,6,1,1.41895456,0.239227081,0.2599867384,1,0.968095
merge,7,s5-s1,0,0,6,6,1,2.14900351,0.1236953003,0.1877192372,0,1.456065
merge,7,s6-s1,0,0,3,3,1,3.212641746,0.06410318186,0.1951841589,0,1.757028
merge,7,s3-s2,0,0,11,11,1,1.348983416,0.09927652257,0.1232466182,1,0.898678
merge,7,s4-s2,0,0,1,1,0,nan,nan,nan,0,0.946969
merge,7,s5-s2,0,0,5,5,1,0.7952165188,0.1236224188,0.1394810324,1,1.443174
merge,7,s6-s2,0,0,10,10,1,0.9564735944,0.2650207256,0.274887676,1,1.754114
merge,7,s4-s3,0,0,3,3,1,0.4855523713,0.02227589627,0.04477040268,1,0.860839
merge,7,s5-s3,0,0,3,3,1,0.2640469261,0.02020113537,0.02824086341,1,1.391611
merge,7,s6-s3,0,0,3,3,1,0.3055927181,0.07446603491,0.07847392654,1,1.697346
merge,7,s5-s4,0,0,9,9,1,0.1655809339,0.04720999664,0.04962673658,1,1.64353
merge,7,s6-s4,0,0,6,6,1,2.038160466,0.07068279874,0.1434170328,0,1.891439
merge,7,s6-s5,0,0,10,10,1,3.136098385,0.06338916904,0.1923265679,0,2.405842
merge,8,s1-s2,1,1,0,0,0,nan,nan,nan,0,1.039635
merge,8,s1-s3,1,1,9,9,1,0.9002664049,0.06195973105,0.07980509713,1,0.940195
merge,8,s1-s4,1,0,4,4,1,1.51483085,0.2136489041,0.2305594747,1,1.107819
merge,8,s1-s5,1,0,3,3,1,0.7345924531,0.213745684,0.2206422997,1,1.627397
merge,8,s1-s6,1,0,7,7,1,1.022399001,0.03813680869,0.08308439178,1,1.935516
merge,8,s2-s3,1,1,6,6,1,1.893101621,0.1021744165,0.1488938508,1,0.873643
merge,8,s2-s4,1,1,4,4,1,0.9781376555,0.1186784258,0.1387252588,1,1.041602
merge,8,s2-s5,1,1,2,2,0,nan,nan,nan,0,1.613653
merge,8,s2-s6,1,0,5,5,1,3.287916218,0.2354604023,0.313061106,0,1.671911
merge,8,s3-s4,1,1,6,6,1,0.6214085331,0.0107545156,0.03985872147,1,1.00081
merge,8,s3-s5,1,1,12,12,1,0.4051876121,0.06977840579,0.07830175096,1,2.820171
merge,8,s3-s6,1,0,7,7,1,0.8522207453,0.4450673394,0.4422356401,1,1.729463
merge,8,s4-s5,1,1,7,7,1,0.09310793061,0.03860949033,0.03961403601,1,1.65642
merge,8,s4-s6,1,1,7,7,1,0.5940587264,0.1390884058,0.1455707648,1,1.877952
merge,8,s5-s6,1,1,6,6,1,0.07679366714,0.02416613336,0.02587635971,1,2.381443
merge,8,s2-s1,0,0,0,0,0,nan,nan,nan,0,1.07148
merge,8,s3-s1,0,0,9,9,1,0.9002664049,0.04637696525,0.06841818395,1,0.981335
merge,8,s4-s1,0,0,4,4,1,1.51483085,0.2664707508,0.2873275644,1,1.099972
merge,8,s5-s1,0,0,3,3,1,0.7345924531,0.0126962583,0.05191100318,1,1.64183
merge,8,s6-s1,0,0,7,7,1,1.022399001,0.1537709199,0.1681246308,1,1.893646
merge,8,s3-s2,0,0,6,6,1,1.893101621,0.1022913205,0.1445238554,1,0.891841
merge,8,s4-s2,0,0,4,4,1,0.9781376555,0.3299312502,0.3382554071,1,1.090183
merge,8,s5-s2,0,0,2,2,0,nan,nan,nan,0,1.627177
merge,8,s6-s2,0,0,5,5,1,3.287916218,0.8791545031,0.9114735072,0,1.710075
merge,8,s4-s3,0,0,6,6,1,0.6214085331,0.1161464319,0.124071207,1,1.00063
merge,8,s5-s3,0,0,12,12,1,0.4051876121,0.08515263519,0.0925959089,1,2.666186
merge,8,s6-s3,0,0,7,7,1,0.8522207453,0.1334172488,0.1418427913,1,1.696977
merge,8,s5-s4,0,0,7,7,1,0.09310793065,0.03478475444,0.03599225126,1,1.66688
merge,8,s6-s4,0,0,7,7,1,0.5940587264,0.1599442967,0.1655705305,1,1.825893
merge,8,s6-s5,0,0,6,6,1,0.07679366714,0.03066623791,0.03159236053,1,2.476366
merge,9,s1-s2,1,1,7,7,1,0.2797120553,0.02127278196,0.03025113501,1,1.033381
merge,9,s1-s3,1,1,10,10,1,0.6911100573,0.03110273696,0.05087361053,1,0.904635
merge,9,s1-s4,1,0,3,3,1,3.59588384,0.2956593927,0.3601654182,0,1.08622
merge,9,s1-s5,1,0,1,1,0,nan,nan,nan,0,1.514084
merge,9,s1-s6,1,0,0,0,0,nan,nan,nan,0,1.755863
merge,9,s2-s3,1,1,5,5,1,0.1952761333,0.04259708395,0.04564559018,1,1.012396
merge,9,s2-s4,1,1,6,6,1,0.6826157792,0.04968558067,0.0715981729,1,1.17453
merge,9,s2-s5,1,1,3,3,1,0.9230950058,0.07651943324,0.09626447006,1,1.609158
merge,9,s2-s6,1,0,8,8,1,1.028389796,0.05467115709,0.08653013257,1,1.890088
merge,9,s3-s4,1,1,4,4,1,0.7756182305,0.04075854253,0.06492039393,1,1.066482
merge,9,s3-s5,1,1,4,4,1,0.1223028853,0.015869174,0.01755341005,1,1.37678
merge,9,s3-s6,1,0,5,5,1,0.399131897,0.01716325973,0.03459775542,1,1.770777
merge,9,s4-s5,1,1,11,11,1,0.03632451696,0.04623801537,0.04641096954,1,2.314091
merge,9,s4-s6,1,1,6,6,1,0.4022635896,0.08375108874,0.08705646036,1,1.845561
merge,9,s5-s6,1,1,14,14,1,0.9325657665,0.05468432621,0.08119018181,1,2.324616
merge,9,s2-s1,0,0,7,7,1,0.2797120553,0.03104168457,0.03804457999,1,1.056013
merge,9,s3-s1,0,0,10,10,1,0.6911100573,0.05163303997,0.0669264741,1,0.987777
merge,9,s4-s1,0,0,3,3,1,3.59588384,0.3554889131,0.423210899,0,1.098941
merge,9,s5-s1,0,0,1,1,0,nan,nan,nan,0,1.485348
merge,9,s6-s1,0,0,0,0,0,nan,nan,nan,0,1.796992
merge,9,s3-s2,0,0,5,5,1,0.1952761333,0.04104074869,0.04351751719,1,1.00321
merge,9,s4-s2,0,0,6,6,1,0.6826157792,0.1960759528,0.2031363242,1,1.199681
merge,9,s5-s2,0,0,3,3,1,0.9230950058,0.1507314868,0.1697304656,1,1.527029
merge,9,s6-s2,0,0,8,8,1,1.028389796,0.2981414868,0.3085031114,1,1.848917
merge,9,s4-s3,0,0,4,4,1,0.7756182305,0.1286143417,0.1408291476,1,0.97006
merge,9,s5-s3,0,0,4,4,1,0.1223028852,0.005396865238,0.011284547,1,1.406263
merge,9,s6-s3,0,0,5,5,1,0.399131897,0.06158809659,0.06744079061,1,1.670542
merge,9,s5-s4,0,0,11,11,1,0.03632451698,0.04423719752,0.04447249131,1,2.332092
merge,9,s6-s4,0,0,6,6,1,0.4022635896,0.115735879,0.1188664998,1,1.855531
merge,9,s6-s5,0,0,14,14,1,0.9325657665,0.05054332584,0.08087795675,1,2.309875
merge,10,s1-s2,1,1,6,6,1,0.8807004369,0.2396514478,0.2482718865,1,0.964943
merge,10,s1-s3,1,1,8,8,1,1.004957954,0.05489844567,0.08300456032,1,0.880967
merge,10,s1-s4,1,0,8,8,1,0.9884579001,0.1223338139,0.1370410352,1,1.119398
merge,10,s1-s5,1,0,6,6,1,0.6093888557,0.1131607099,0.1175013091,1,1.515649
merge,10,s1-s6,1,0,4,4,1,1.028910853,0.1978816978,0.2034147853,1,1.704104
merge,10,s2-s3,1,1,10,10,1,0.5372026167,0.06242819025,0.07032622581,1,0.942959
merge,10,s2-s4,1,1,0,0,0,nan,nan,nan,0,1.138738
merge,10,s2-s5,1,1,2,2,0,nan,nan,nan,0,1.508717
merge,10,s2-s6,1,0,4,4,1,0.7333299203,0.05451629169,0.07423668507,1,1.764489
merge,10,s3-s4,1,1,7,7,1,0.4209152376,0.009422407646,0.02689237427,1,0.982804
merge,10,s3-s5,1,1,2,2,0,nan,nan,nan,0,1.492748
merge,10,s3-s6,1,0,2,2,0,nan,nan,nan,0,1.681364
merge,10,s4-s5,1,1,6,6,1,0.527170501,0.101010238,0.107066642,1,1.551003
merge,10,s4-s6,1,1,6,6,1,0.3461127438,0.1154688243,0.1178100598,1,1.814206
merge,10,s5-s6,1,1,14,14,1,0.05475470948,0.01401376415,0.01473477911,1,2.426037
merge,10,s2-s1,0,0,6,6,1,0.8807004369,0.1393842745,0.1548222915,1,1.036442
merge,10,s3-s1,0,0,8,8,1,1.004957954,0.1017959795,0.1188618115,1,0.850581
merge,10,s4-s1,0,0,8,8,1,0.9884579001,0.201319143,0.2136900857,1,1.124548
merge,10,s5-s1,0,0,6,6,1,0.6093888557,0.1090408626,0.1220872948,1,1.562771
merge,10,s6-s1,0,0,4,4,1,1.028910853,0.1606103021,0.1759890887,1,1.783294
merge,10,s3-s2,0,0,10,10,1,0.5372026167,0.0866886666,0.09082956147,1,1.009695
merge,10,s4-s2,0,0,0,0,0,nan,nan,nan,0,1.106453
merge,10,s5-s2,0,0,2,2,0,nan,nan,nan,0,1.543287
merge,10,s6-s2,0,0,4,4,1,0.7333299203,0.2556205231,0.2625792935,1,1.779117
merge,10,s4-s3,0,0,7,7,1,0.4209152376,0.1078373973,0.1122649405,1,0.950565
merge,10,s5-s3,0,0,2,2,0,nan,nan,nan,0,1.425195
merge,10,s6-s3,0,0,2,2,0,nan,nan,nan,0,1.639491
merge,10,s5-s4,0,0,6,6,1,0.527170501,0.05906116205,0.06890574364,1,1.538835
merge,10,s6-s4,0,0,6,6,1,0.3461127438,0.07713498456,0.08042352868,1,1.779923
merge,10,s6-s5,0,0,14,14,1,0.05475470949,0.01642913042,0.01689370266,1,2.314448
ctol20,1,s1-s2,1,1,5,5,1,0.3410537116,0.05901782674,0.06183325707,1,1.362201
ctol20,1,s1-s3,1,1,9,9,1,0.6415460871,0.01910059339,0.04076044055,1,1.253682
ctol20,1,s1-s4,1,0,4,4,1,0.8856915733,0.1829880146,0.190207917,1,1.238556
ctol20,1,s1-s5,1,0,2,2,0,nan,nan,nan,0,2.022106
ctol20,1,s1-s6,1,0,6,6,1,1.201966061,0.2156590099,0.2249661478,1,2.079989
ctol20,1,s2-s3,1,1,9,9,1,0.4715618173,0.05019896938,0.06035706607,1,1.199849
ctol20,1,s2-s4,1,1,6,6,1,0.7150197665,0.05996756765,0.0785602795,1,1.320274
ctol20,1,s2-s5,1,1,5,5,1,0.4699993875,0.03431106208,0.05145032958,1,2.004175
ctol20,1,s2-s6,1,0,5,5,1,13.05019744,3.138659853,3.229077456,0,2.136441
ctol20,1,s3-s4,1,1,10,10,1,0.5350886641,0.02394115845,0.04392844284,1,1.15089
ctol20,1,s3-s5,1,1,3,3,1,0.9020494236,0.1400810271,0.1507608849,1,1.908061
ctol20,1,s3-s6,1,0,4,4,1,1.274453053,0.09222533656,0.1233612276,1,2.076113
ctol20,1,s4-s5,1,1,9,9,1,0.1243162107,0.06490637455,0.06572597283,1,1.890663
ctol20,1,s4-s6,1,1,10,10,1,0.07844981535,0.07584617378,0.07610941223,1,2.015206
ctol20,1,s5-s6,1,1,10,10,1,0.2906237433,0.03101699026,0.03670365795,1,2.850937
ctol20,1,s2-s1,0,0,5,5,1,0.3410537116,0.02376423975,0.03159553185,1,1.38432
ctol20,1,s3-s1,0,0,9,9,1,0.6415460871,0.05699386991,0.06931807071,1,1.262892
ctol20,1,s4-s1,0,0,4,4,1,0.8856915733,0.1876311114,0.198338359,1,1.228789
ctol20,1,s5-s1,0,0,2,2,0,nan,nan,nan,0,2.07247
ctol20,1,s6-s1,0,0,6,6,1,1.201966061,0.2176358119,0.2346057527,1,2.164522
ctol20,1,s3-s2,0,0,9,9,1,0.4715618172,0.0697902181,0.07580125081,1,1.252741
ctol20,1,s4-s2,0,0,6,6,1,0.7150197665,0.2122333433,0.2189390531,1,1.266116
ctol20,1,s5-s2,0,0,5,5,1,0.4699993875,0.09382094203,0.1036599601,1,1.972342
ctol20,1,s6-s2,0,0,5,5,1,13.05019744,1.345121725,1.631444498,0,2.125943
ctol20,1,s4-s3,0,0,10,10,1,0.5350886641,0.1159349763,0.1228542018,1,1.135367
ctol20,1,s5-s3,0,0,3,3,1,0.9020494236,0.1457985259,0.164897271,1,1.85524
ctol20,1,s6-s3,0,0,4,4,1,1.274453053,0.08983013936,0.1231419591,1,1.974164
ctol20,1,s5-s4,0,0,9,9,1,0.1243162107,0.05636639597,0.05772879985,1,1.891675
ctol20,1,s6-s4,0,0,10,10,1,0.07844981538,0.07749206362,0.07781823416,1,2.054434
ctol20,1,s6-s5,0,0,10,10,1,0.2906237433,0.0128325092,0.02256180886,1,2.838944
ctol20,2,s1-s2,1,1,2,2,0,nan,nan,nan,0,1.612766
ctol20,2,s1-s3,1,1,8,8,1,0.5765354209,0.02758485653,0.0488865334,1,1.189506
ctol20,2,s1-s4,1,0,5,5,1,0.9690157165,0.1689077617,0.1781044859,1,1.375906
ctol20,2,s1-s5,1,0,0,0,0,nan,nan,nan,0,2.025047
ctol20,2,s1-s6,1,0,5,5,1,0.7670749133,0.08144681457,0.09487228999,1,2.230836
ctol20,2,s2-s3,1,1,11,11,1,0.2156533646,0.01332065076,0.02112548249,1,1.334101
ctol20,2,s2-s4,1,1,6,6,1,0.8105514528,0.04575239661,0.07053865256,1,1.456894
ctol20,2,s2-s5,1,1,4,4,1,0.8443088004,0.08118815079,0.09816219275,1,2.07571
ctol20,2,s2-s6,1,0,5,5,1,0.2141739299,0.06296903219,0.06522549254,1,2.337154
ctol20,2,s3-s4,1,1,6,6,1,0.4984447584,0.03252912542,0.04247991996,1,1.276407
ctol20,2,s3-s5,1,1,11,11,1,0.1426276521,0.04800186615,0.05045633046,1,2.263313
ctol20,2,s3-s6,1,0,3,3,1,0.9637900572,0.4731774756,0.4705387588,1,2.13511
ctol20,2,s4-s5,1,1,8,8,1,0.3790126433,0.08073407963,0.08461870858,1,1.954715
ctol20,2,s4-s6,1,1,10,10,1,0.07629262327,0.08735361399,0.08760806017,1,2.237895
ctol20,2,s5-s6,1,1,8,8,1,0.2781959831,0.03161922172,0.03940207208,1,2.951651
ctol20,2,s2-s1,0,0,2,2,0,nan,nan,nan,0,1.441741
ctol20,2,s3-s1,0,0,8,8,1,0.5765354209,0.06586772929,0.07632750336,1,1.306911
ctol20,2,s4-s1,0,0,5,5,1,0.9690157165,0.2431598336,0.2529669681,1,1.437979
ctol20,2,s5-s1,0,0,0,0,0,nan,nan,nan,0,2.03305
ctol20,2,s6-s1,0,0,5,5,1,0.7670749133,0.1981204261,0.2064356874,1,2.293271
ctol20,2,s3-s2,0,0,11,11,1,0.2156533646,0.01530940779,0.02131580097,1,1.352291
ctol20,2,s4-s2,0,0,6,6,1,0.8105514528,0.2157469509,0.2241387651,1,1.467941
ctol20,2,s5-s2,0,0,4,4,1,0.8443088004,0.1322695468,0.1499683858,1,2.040545
ctol20,2,s6-s2,0,0,5,5,1,0.2141739298,0.0241461713,0.03124235562,1,2.276733
ctol20,2,s4-s3,0,0,6,6,1,0.4984447584,0.1160837129,0.1215402848,1,1.262404
ctol20,2,s5-s3,0,0,11,11,1,0.1426276521,0.05797183918,0.06063257708,1,2.318177
ctol20,2,s6-s3,0,0,3,3,1,0.9637900572,0.137647302,0.1480089808,1,2.063024
ctol20,2,s5-s4,0,0,8,8,1,0.3790126433,0.04930293391,0.05531773228,1,1.978788
ctol20,2,s6-s4,0,0,10,10,1,0.07629262325,0.08485041522,0.08499117912,1,2.266835
ctol20,2,s6-s5,0,0,8,8,1,0.2781959831,0.0181146057,0.02971353649,1,2.876037
ctol20,3,s1-s2,1,1,6,6,1,0.5079039477,0.05164221106,0.06072155548,1,1.335462
ctol20,3,s1-s3,1,1,7,7,1,0.8164628924,0.05625790746,0.07282038135,1,1.203735
ctol20,3,s1-s4,1,0,5,5,1,0.7956521912,0.1272734949,0.1369890322,1,1.219206
ctol20,3,s1-s5,1,0,5,5,1,0.4138044011,0.02420523145,0.04137018404,1,2.056352
ctol20,3,s1-s6,1,0,0,0,0,nan,nan,nan,0,2.282623
ctol20,3,s2-s3,1,1,10,10,1,0.7475997823,0.0277079331,0.04976241865,1,1.100775
ctol20,3,s2-s4,1,1,12,12,1,0.322112271,0.01143694085,0.0280856834,1,1.234681
ctol20,3,s2-s5,1,1,4,4,1,0.611318611,0.04910829417,0.06385522722,1,1.969484
ctol20,3,s2-s6,1,0,5,5,1,0.8164976115,0.08174433212,0.09671529269,1,2.246623
ctol20,3,s3-s4,1,1,4,4,1,0.880305919,0.05490885048,0.07253567793,1,1.058862
ctol20,3,s3-s5,1,1,7,7,1,0.8071326962,0.1714557765,0.1759034334,1,1.843437
ctol20,3,s3-s6,1,0,3,3,1,0.6960203766,0.4322327913,0.4291923255,1,2.081746
ctol20,3,s4-s5,1,1,8,8,1,0.3120951719,0.06481945163,0.06826598055,1,1.872905
ctol20,3,s4-s6,1,1,11,11,1,0.457250017,0.1539072296,0.1555112732,1,2.200134
ctol20,3,s5-s6,1,1,14,14,1,0.07413171051,0.03178046904,0.03225238557,1,3.076991
ctol20,3,s2-s1,0,0,6,6,1,0.5079039477,0.03646647342,0.05041635545,1,1.363173
ctol20,3,s3-s1,0,0,7,7,1,0.8164628924,0.05019780694,0.07019346767,1,1.195014
ctol20,3,s4-s1,0,0,5,5,1,0.7956521912,0.1990729005,0.2074326116,1,1.261437
ctol20,3,s5-s1,0,0,5,5,1,0.4138044011,0.04736862359,0.05695687533,1,2.065738
ctol20,3,s6-s1,0,0,0,0,0,nan,nan,nan,0,2.223228
ctol20,3,s3-s2,0,0,10,10,1,0.7475997823,0.05036582491,0.06604544378,1,1.140327
ctol20,3,s4-s2,0,0,12,12,1,0.3221122709,0.05974780589,0.06470019655,1,1.180759
ctol20,3,s5-s2,0,0,4,4,1,0.611318611,0.09070866211,0.1043596029,1,1.990134
ctol20,3,s6-s2,0,0,5,5,1,0.8164976115,0.1951576859,0.2033463659,1,2.232999
ctol20,3,s4-s3,0,0,4,4,1,0.880305919,0.1681911187,0.1797548554,1,1.043682
ctol20,3,s5-s3,0,0,7,7,1,0.8071326962,0.0529470218,0.0721417053,1,1.797485
ctol20,3,s6-s3,0,0,3,3,1,0.6960203766,0.1418213919,0.1464107489,1,2.083104
ctol20,3,s5-s4,0,0,8,8,1,0.3120951719,0.03770379213,0.04337317073,1,1.911936
ctol20,3,s6-s4,0,0,11,11,1,0.457250017,0.2007573711,0.2034171163,1,2.16841
ctol20,3,s6-s5,0,0,14,14,1,0.07413171053,0.03015119082,0.03034811438,1,3.093128
ctol20,4,s1-s2,1,1,5,5,1,0.5715955733,0.07216158044,0.0779895313,1,1.451018
ctol20,4,s1-s3,1,1,9,9,1,0.6483471267,0.01042036216,0.04139034221,1,1.19335
ctol20,4,s1-s4,1,0,5,5,1,0.9659337112,0.1658878026,0.1762426645,1,1.392052
ctol20,4,s1-s5,1,0,6,6,1,0.9503834539,0.1074586574,0.1210145367,1,2.011922
ctol20,4,s1-s6,1,0,3,3,1,2.999138406,1.124953411,1.13434574,0,2.242016
ctol20,4,s2-s3,1,1,11,11,1,0.4968039796,0.05581170449,0.06486728062,1,1.320458
ctol20,4,s2-s4,1,1,9,9,1,0.3883744969,0.01117494818,0.03238667325,1,1.454454
ctol20,4,s2-s5,1,1,1,1,0,nan,nan,nan,0,2.041634
ctol20,4,s2-s6,1,0,4,4,1,2.970958422,0.461499779,0.4990324732,0,2.293897
ctol20,4,s3-s4,1,1,9,9,1,0.3771233492,0.02129513253,0.03140313729,1,1.200772
ctol20,4,s3-s5,1,1,7,7,1,0.4388735887,0.05000186947,0.05506692084,1,1.74616
ctol20,4,s3-s6,1,0,9,9,1,0.3227522895,0.1103115025,0.1107234821,1,1.990806
ctol20,4,s4-s5,1,1,10,10,1,0.2644348187,0.07473589741,0.07724268633,1,1.91643
ctol20,4,s4-s6,1,1,14,14,1,0.1196219454,0.04113859196,0.04172666116,1,2.266057
ctol20,4,s5-s6,1,1,10,10,1,0.3805095571,0.02287181557,0.03340584366,1,2.924616
ctol20,4,s2-s1,0,0,5,5,1,0.5715955733,0.04335981114,0.05359138237,1,1.51062
ctol20,4,s3-s1,0,0,9,9,1,0.6483471267,0.05434396818,0.06873604719,1,1.226135
ctol20,4,s4-s1,0,0,5,5,1,0.9659337112,0.2374809039,0.2480332767,1,1.406066
ctol20,4,s5-s1,0,0,6,6,1,0.9503834539,0.2104810043,0.2283090904,1,2.039432
ctol20,4,s6-s1,0,0,3,3,1,2.999138406,0.5305643677,0.583735634,0,2.31392
ctol20,4,s3-s2,0,0,11,11,1,0.4968039796,0.07269732375,0.07838168857,1,1.280966
ctol20,4,s4-s2,0,0,9,9,1,0.3883744968,0.09351764743,0.09836677122,1,1.394896
ctol20,4,s5-s2,0,0,1,1,0,nan,nan,nan,0,2.106842
ctol20,4,s6-s2,0,0,4,4,1,2.970958422,0.4852782607,0.5343638447,0,2.265329
ctol20,4,s4-s3,0,0,9,9,1,0.3771233492,0.06186634457,0.06747178189,1,1.203355
ctol20,4,s5-s3,0,0,7,7,1,0.4388735887,0.0199173304,0.03220221869,1,1.749364
ctol20,4,s6-s3,0,0,9,9,1,0.3227522895,0.02552570971,0.03666797859,1,2.03787
ctol20,4,s5-s4,0,0,10,10,1,0.2644348187,0.05320243529,0.05736184877,1,1.918574
ctol20,4,s6-s4,0,0,14,14,1,0.1196219454,0.02870267101,0.02980291019,1,2.14272
ctol20,4,s6-s5,0,0,10,10,1,0.3805095571,0.01769905412,0.03097863998,1,2.902865
ctol20,5,s1-s2,1,1,5,5,1,0.5220088354,0.09922561464,0.1031622541,1,1.368089
ctol20,5,s1-s3,1,1,9,9,1,0.642370865,0.02768157701,0.04405650876,1,1.186192
ctol20,5,s1-s4,1,0,8,8,1,1.975812679,0.03024357296,0.1225626859,1,1.306297
ctol20,5,s1-s5,1,0,3,3,1,0.3906117932,0.06942000171,0.07590853017,1,1.904407
ctol20,5,s1-s6,1,0,0,0,0,nan,nan,nan,0,2.290153
ctol20,5,s2-s3,1,1,11,11,1,0.4235481126,0.05269480694,0.0599024189,1,1.248796
ctol20,5,s2-s4,1,1,3,3,1,1.311099178,0.03271782752,0.08671597144,1,1.374228
ctol20,5,s2-s5,1,1,5,5,1,0.8703767987,0.1070962678,0.1239310268,1,1.960914
ctol20,5,s2-s6,1,0,8,8,1,0.3534400263,0.0264588629,0.03492711346,1,2.354391
ctol20,5,s3-s4,1,1,2,2,0,nan,nan,nan,0,1.169345
ctol20,5,s3-s5,1,1,1,1,0,nan,nan,nan,0,1.749593
ctol20,5,s3-s6,1,0,0,0,0,nan,nan,nan,0,2.069152
ctol20,5,s4-s5,1,1,8,8,1,0.2160519533,0.07636777117,0.0787667591,1,1.958554
ctol20,5,s4-s6,1,1,8,8,1,0.1267902729,0.02253578334,0.02415212976,1,2.317282
ctol20,5,s5-s6,1,1,4,4,1,0.3561063519,0.006320483263,0.02733173869,1,2.968428
ctol20,5,s2-s1,0,0,5,5,1,0.5220088354,0.03929322718,0.05348076591,1,1.312044
ctol20,5,s3-s1,0,0,9,9,1,0.642370865,0.06040938827,0.0713926821,1,1.091642
ctol20,5,s4-s1,0,0,8,8,1,1.975812679,0.1810856975,0.2209692268,1,1.365239
ctol20,5,s5-s1,0,0,3,3,1,0.3906117932,0.06320320786,0.07102375133,1,1.922687
ctol20,5,s6-s1,0,0,0,0,0,nan,nan,nan,0,2.255495
ctol20,5,s3-s2,0,0,11,11,1,0.4235481126,0.07592603116,0.07942864333,1,1.297538
ctol20,5,s4-s2,0,0,3,3,1,1.311099178,0.2834547122,0.2988980751,1,1.486208
ctol20,5,s5-s2,0,0,5,5,1,0.8703767987,0.1295087225,0.1474577326,1,2.00318
ctol20,5,s6-s2,0,0,8,8,1,0.3534400263,0.07324770004,0.07846754322,1,2.276405
ctol20,5,s4-s3,0,0,2,2,0,nan,nan,nan,0,1.190089
ctol20,5,s5-s3,0,0,1,1,0,nan,nan,nan,0,1.788754
ctol20,5,s6-s3,0,0,0,0,0,nan,nan,nan,0,2.177281
ctol20,5,s5-s4,0,0,8,8,1,0.2160519534,0.0655782612,0.06924766894,1,1.908637
ctol20,5,s6-s4,0,0,8,8,1,0.1267902729,0.03083608015,0.03202634842,1,2.313203
ctol20,5,s6-s5,0,0,4,4,1,0.3561063519,0.03350621305,0.04342126887,1,3.095925
ctol20,6,s1-s2,1,1,12,12,1,0.424996295,0.0610340991,0.06585608242,1,1.321577
ctol20,6,s1-s3,1,1,8,8,1,1.076886123,0.1268461876,0.1389327957,1,1.210102
ctol20,6,s1-s4,1,0,5,5,1,0.9688561264,0.1642411469,0.1749734356,1,1.201674
ctol20,6,s1-s5,1,0,10,10,1,1.050129272,0.06916727413,0.09149700196,1,2.189546
ctol20,6,s1-s6,1,0,0,0,0,nan,nan,nan,0,2.026578
ctol20,6,s2-s3,1,1,9,9,1,4.169989197,0.3839510806,0.4540753443,0,1.29246
ctol20,6,s2-s4,1,1,10,10,1,0.6206149226,0.02487333792,0.04508259266,1,1.349884
ctol20,6,s2-s5,1,1,9,9,1,0.6562654645,0.05431239637,0.06871452235,1,2.235767
ctol20,6,s2-s6,1,0,7,7,1,1.573278087,0.1506397399,0.1836249307,1,2.326413
ctol20,6,s3-s4,1,1,7,7,1,0.7913964223,0.04381582756,0.06511738163,1,1.067527
ctol20,6,s3-s5,1,1,5,5,1,0.2162448486,0.02901073061,0.03295307558,1,1.882046
ctol20,6,s3-s6,1,0,3,3,1,0.09296016243,0.05640901593,0.05653693635,1,1.97084
ctol20,6,s4-s5,1,1,9,9,1,0.1051639132,0.04616766988,0.0466730745,1,1.799096
ctol20,6,s4-s6,1,1,15,15,1,0.07750240074,0.05450290495,0.05465323213,1,2.022799
ctol20,6,s5-s6,1,1,10,10,1,0.3128359051,0.03785021906,0.04357589368,1,2.843635
ctol20,6,s2-s1,0,0,12,12,1,0.424996295,0.01789350507,0.0310445013,1,1.460915
ctol20,6,s3-s1,0,0,8,8,1,1.076886123,0.05110801778,0.07601486058,1,1.161239
ctol20,6,s4-s1,0,0,5,5,1,0.9688561264,0.2413057022,0.2518232189,1,1.234701
ctol20,6,s5-s1,0,0,10,10,1,1.050129272,0.2476923886,0.2667146295,1,2.218037
ctol20,6,s6-s1,0,0,0,0,0,nan,nan,nan,0,2.122729
ctol20,6,s3-s2,0,0,9,9,1,4.169989197,0.3532486832,0.4201464085,0,1.328389
ctol20,6,s4-s2,0,0,10,10,1,0.6206149226,0.1547002481,0.1612940588,1,1.365283
ctol20,6,s5-s2,0,0,9,9,1,0.6562654645,0.1172606139,0.1302724496,1,2.181451
ctol20,6,s6-s2,0,0,7,7,1,1.573278087,0.6640569875,0.6789904098,0,2.257313
ctol20,6,s4-s3,0,0,7,7,1,0.7913964223,0.1428865085,0.1538808899,1,1.101143
ctol20,6,s5-s3,0,0,5,5,1,0.2162448486,0.03421494679,0.03920900875,1,1.86931
ctol20,6,s6-s3,0,0,3,3,1,0.09296016244,0.02473376697,0.02621630504,1,2.063074
ctol20,6,s5-s4,0,0,9,9,1,0.1051639132,0.03712082655,0.03771758817,1,1.90014
ctol20,6,s6-s4,0,0,15,15,1,0.07750240074,0.04774906487,0.04777028743,1,2.0433
ctol20,6,s6-s5,0,0,10,10,1,0.3128359051,0.0118253662,0.02419138595,1,2.889116
ctol20,7,s1-s2,1,1,9,9,1,0.4575901038,0.07259793361,0.07928278786,1,1.373791
ctol20,7,s1-s3,1,1,6,6,1,0.7858468816,0.03966429192,0.0576543656,1,1.029077
ctol20,7,s1-s4,1,0,10,10,1,0.780163699,0.08968140319,0.1019212398,1,1.934335
ctol20,7,s1-s5,1,0,2,2,0,nan,nan,nan,0,2.078021
ctol20,7,s1-s6,1,0,0,0,0,nan,nan,nan,0,2.030049
ctol20,7,s2-s3,1,1,3,3,1,0.3894160809,0.04128564292,0.04947299509,1,1.175937
ctol20,7,s2-s4,1,1,8,8,1,0.6775007226,0.05513295829,0.07157581352,1,1.310175
ctol20,7,s2-s5,1,1,7,7,1,0.5112346035,0.07378221315,0.08167018692,1,2.240622
ctol20,7,s2-s6,1,0,3,3,1,6.564205439,1.204030651,1.298086052,0,2.306387
ctol20,7,s3-s4,1,1,10,10,1,0.4921524727,0.0377394479,0.04824097095,1,1.245539
ctol20,7,s3-s5,1,1,6,6,1,0.1637622455,0.05020560199,0.05056181313,1,1.873809
ctol20,7,s3-s6,1,0,3,3,1,0.272170718,0.06248048316,0.06674852572,1,1.892884
ctol20,7,s4-s5,1,1,2,2,0,nan,nan,nan,0,2.015467
ctol20,7,s4-s6,1,1,7,7,1,0.3194494945,0.1391774622,0.1412968495,1,2.108279
ctol20,7,s5-s6,1,1,11,11,1,0.2827742008,0.04061489778,0.04450993736,1,3.104777
ctol20,7,s2-s1,0,0,9,9,1,0.4575901038,0.03403089481,0.04965241932,1,1.285719
ctol20,7,s3-s1,0,0,6,6,1,0.7858468816,0.07304823669,0.08643857963,1,1.023123
ctol20,7,s4-s1,0,0,10,10,1,0.780163699,0.1752688492,0.1844434422,1,1.982676
ctol20,7,s5-s1,0,0,2,2,0,nan,nan,nan,0,2.047338
ctol20,7,s6-s1,0,0,0,0,0,nan,nan,nan,0,2.157934
ctol20,7,s3-s2,0,0,3,3,1,0.3894160809,0.04866547983,0.05392679575,1,1.13244
ctol20,7,s4-s2,0,0,8,8,1,0.6775007226,0.1747820335,0.1808545579,1,1.371066
ctol20,7,s5-s2,0,0,7,7,1,0.5112346035,0.06927651139,0.08193973446,1,2.280452
ctol20,7,s6-s2,0,0,3,3,1,6.564205439,0.1993110146,0.4457361228,0,2.248675
ctol20,7,s4-s3,0,0,10,10,1,0.4921524727,0.1046442121,0.1105214016,1,1.237952
ctol20,7,s5-s3,0,0,6,6,1,0.1637622455,0.04016201583,0.0428013368,1,1.905793
ctol20,7,s6-s3,0,0,3,3,1,0.272170718,0.06968893949,0.0741671534,1,1.932767
ctol20,7,s5-s4,0,0,2,2,0,nan,nan,nan,0,2.00537
ctol20,7,s6-s4,0,0,7,7,1,0.3194494945,0.1741500402,0.1768242959,1,2.094088
ctol20,7,s6-s5,0,0,11,11,1,0.2827742008,0.01421737929,0.02519230139,1,3.074017
ctol20,8,s1-s2,1,1,6,6,1,0.3237368828,0.06250755655,0.06465734071,1,1.361398
ctol20,8,s1-s3,1,1,9,9,1,0.5325806068,0.03605850402,0.04604267146,1,1.192244
ctol20,8,s1-s4,1,0,4,4,1,0.3383790857,0.05333420593,0.05881734065,1,1.359603
ctol20,8,s1-s5,1,0,5,5,1,0.3823365569,0.09344550494,0.09642986079,1,2.1965
ctol20,8,s1-s6,1,0,6,6,1,1.040929122,0.1045076213,0.1239835449,1,2.155554
ctol20,8,s2-s3,1,1,13,13,1,1.921756618,0.07872605357,0.1330812504,1,1.243218
ctol20,8,s2-s4,1,1,11,11,1,0.6287891104,0.03128484117,0.05640464216,1,1.37136
ctol20,8,s2-s5,1,1,4,4,1,0.6774270702,0.07867602359,0.09142534149,1,2.202194
ctol20,8,s2-s6,1,0,5,5,1,1.216044892,0.1130008382,0.1450128321,1,2.156602
ctol20,8,s3-s4,1,1,7,7,1,0.4173273174,0.03296845409,0.04544921314,1,1.075603
ctol20,8,s3-s5,1,1,10,10,1,0.05450313414,0.0168593218,0.01727770014,1,2.181473
ctol20,8,s3-s6,1,0,8,8,1,0.5747747074,0.04822269874,0.0700023784,1,1.965439
ctol20,8,s4-s5,1,1,4,4,1,0.1149256597,0.09411275133,0.09483413351,1,2.098954
ctol20,8,s4-s6,1,1,13,12,1,7.166996067,1.870115786,1.988499247,0,1.992253
ctol20,8,s5-s6,1,1,10,10,1,0.2040263149,0.02703277367,0.02952285707,1,2.927239
ctol20,8,s2-s1,0,0,6,6,1,0.3237368828,0.02059260051,0.02818078449,1,1.497077
ctol20,8,s3-s1,0,0,9,9,1,0.5325806068,0.05647056352,0.0643726879,1,1.237024
ctol20,8,s4-s1,0,0,4,4,1,0.3383790857,0.06737794339,0.07472560076,1,1.381343
ctol20,8,s5-s1,0,0,5,5,1,0.3823365568,0.08202338469,0.08939564238,1,2.188891
ctol20,8,s6-s1,0,0,6,6,1,1.040929122,0.144952708,0.1610385954,1,2.119309
ctol20,8,s3-s2,0,0,13,13,1,1.921756618,0.09070798971,0.1380841128,1,1.20389
ctol20,8,s4-s2,0,0,11,11,1,0.6287891104,0.1633946191,0.1701858365,1,1.402288
ctol20,8,s5-s2,0,0,4,4,1,0.6774270702,0.09665363536,0.112184834,1,2.1982
ctol20,8,s6-s2,0,0,5,5,1,1.216044892,0.3561083832,0.3674219342,1,2.09771
ctol20,8,s4-s3,0,0,7,7,1,0.4173273174,0.08386747806,0.09014972425,1,1.088179
ctol20,8,s5-s3,0,0,10,10,1,0.05450313412,0.02568105391,0.02638055286,1,2.181264
ctol20,8,s6-s3,0,0,8,8,1,0.5747747074,0.05153134464,0.0647764545,1,1.99659
ctol20,8,s5-s4,0,0,4,4,1,0.1149256597,0.08975838104,0.09126074848,1,2.074678
ctol20,8,s6-s4,0,0,13,12,1,7.166996067,2.88346825,2.986257074,0,2.032005
ctol20,8,s6-s5,0,0,10,10,1,0.2040263149,0.008469460143,0.01535362219,1,2.921985
ctol20,9,s1-s2,1,1,4,4,1,0.1401093278,0.02605487283,0.02792306977,1,1.409632
ctol20,9,s1-s3,1,1,10,10,1,0.6508780891,0.01734234042,0.0407399864,1,1.13048
ctol20,9,s1-s4,1,0,5,5,1,1.09174555,0.2201645888,0.2295577927,1,1.152998
ctol20,9,s1-s5,1,0,2,2,0,nan,nan,nan,0,2.063687
ctol20,9,s1-s6,1,0,4,4,1,1.16780109,0.08567928199,0.1226620993,1,2.202364
ctol20,9,s2-s3,1,1,9,9,1,0.3694579362,0.01525913968,0.02787573786,1,1.303985
ctol20,9,s2-s4,1,1,9,9,1,0.7182680438,0.03193850423,0.05922271102,1,1.355943
ctol20,9,s2-s5,1,1,6,6,1,0.8123433683,0.05464249115,0.07532046111,1,2.180115
ctol20,9,s2-s6,1,0,7,7,1,2.522020761,0.1390339622,0.2036328818,0,2.423408
ctol20,9,s3-s4,1,1,9,9,1,0.4465726204,0.03608304957,0.04760333852,1,1.081526
ctol20,9,s3-s5,1,1,3,3,1,2.041545931,0.577469086,0.5836261924,0,1.964538
ctol20,9,s3-s6,1,0,4,4,1,1.386820461,0.07708617199,0.1214678199,1,2.091914
ctol20,9,s4-s5,1,1,5,5,1,1.28511175,0.1800079593,0.2004423221,1,2.345533
ctol20,9,s4-s6,1,1,12,12,1,0.1091923627,0.07654480962,0.07703667409,1,2.182125
ctol20,9,s5-s6,1,1,11,11,1,0.510515098,0.01781882551,0.03713691144,1,3.153562
ctol20,9,s2-s1,0,0,4,4,1,0.1401093278,0.02103830349,0.02375194135,1,1.366754
ctol20,9,s3-s1,0,0,10,10,1,0.6508780891,0.05611741739,0.06879139399,1,1.105968
ctol20,9,s4-s1,0,0,5,5,1,1.09174555,0.2350131398,0.2485123274,1,1.176034
ctol20,9,s5-s1,0,0,2,2,0,nan,nan,nan,0,2.060792
ctol20,9,s6-s1,0,0,4,4,1,1.16780109,0.2520108066,0.2656133518,1,2.210473
ctol20,9,s3-s2,0,0,9,9,1,0.3694579362,0.0134945383,0.02698649703,1,1.245027
ctol20,9,s4-s2,0,0,9,9,1,0.7182680438,0.1916847616,0.1993102812,1,1.342854
ctol20,9,s5-s2,0,0,6,6,1,0.8123433683,0.1215102062,0.1387683471,1,2.237342
ctol20,9,s6-s2,0,0,7,7,1,2.522020761,0.617257223,0.6437105143,0,2.445488
ctol20,9,s4-s3,0,0,9,9,1,0.4465726204,0.08155249987,0.08873708853,1,1.042791
ctol20,9,s5-s3,0,0,3,3,1,2.041545931,0.06933805782,0.15493111,0,1.948357
ctol20,9,s6-s3,0,0,4,4,1,1.386820461,0.4285828222,0.4422183837,1,2.083022
ctol20,9,s5-s4,0,0,5,5,1,1.28511175,0.07368305486,0.1091591626,1,2.007626
ctol20,9,s6-s4,0,0,12,12,1,0.1091923627,0.07226525905,0.07274880373,1,2.174585
ctol20,9,s6-s5,0,0,11,11,1,0.510515098,0.03704876914,0.04932717144,1,3.146877
ctol20,10,s1-s2,1,1,4,4,1,0.170613449,0.02377312888,0.02620083465,1,1.5182
ctol20,10,s1-s3,1,1,7,7,1,1.377281361,0.2267734826,0.2361656555,1,1.11823
ctol20,10,s1-s4,1,0,5,5,1,1.132768437,0.2323516252,0.2416075705,1,1.350616
ctol20,10,s1-s5,1,0,2,2,0,nan,nan,nan,0,1.937085
ctol20,10,s1-s6,1,0,0,0,0,nan,nan,nan,0,2.032427
ctol20,10,s2-s3,1,1,12,12,1,0.1808225212,0.02334934272,0.0260482984,1,1.24602
ctol20,10,s2-s4,1,1,5,5,1,1.187160332,0.02606200407,0.08294200555,1,1.477019
ctol20,10,s2-s5,1,1,7,7,1,0.7598264028,0.08234897108,0.09636607548,1,2.100674
ctol20,10,s2-s6,1,0,3,3,1,0.6799757405,0.1871351041,0.1946114787,1,2.22231
ctol20,10,s3-s4,1,1,6,6,1,0.4854879956,0.01612506899,0.03536501801,1,1.164413
ctol20,10,s3-s5,1,1,8,8,1,0.127443857,0.0871632394,0.08693605991,1,1.771461
ctol20,10,s3-s6,1,0,4,4,1,0.6303868697,0.1202889447,0.125072447,1,1.914584
ctol20,10,s4-s5,1,1,8,8,1,0.2556791481,0.05146270792,0.05563671546,1,1.887881
ctol20,10,s4-s6,1,1,6,6,1,0.09803978169,0.123902428,0.1242820932,1,2.071628
ctol20,10,s5-s6,1,1,10,10,1,0.2045355176,0.02349587861,0.02668679724,1,2.798666
ctol20,10,s2-s1,0,0,4,4,1,0.170613449,0.01857547613,0.02215191469,1,1.48578
ctol20,10,s3-s1,0,0,7,7,1,1.377281361,0.09508989594,0.119750137,1,1.149988
ctol20,10,s4-s1,0,0,5,5,1,1.132768437,0.2352433528,0.2500754542,1,1.375508
ctol20,10,s5-s1,0,0,2,2,0,nan,nan,nan,0,1.964453
ctol20,10,s6-s1,0,0,0,0,0,nan,nan,nan,0,2.102746
ctol20,10,s3-s2,0,0,12,12,1,0.1808225212,0.02209476216,0.02472219908,1,1.282103
ctol20,10,s4-s2,0,0,5,5,1,1.187160332,0.2441540485,0.2599754154,1,1.485444
ctol20,10,s5-s2,0,0,7,7,1,0.7598264028,0.1057785376,0.1226456322,1,2.091863
ctol20,10,s6-s2,0,0,3,3,1,0.6799757405,0.1243720257,0.1322387493,1,2.218593
ctol20,10,s4-s3,0,0,6,6,1,0.4854879956,0.112664425,0.118253544,1,1.122781
ctol20,10,s5-s3,0,0,8,8,1,0.127443857,0.05052199402,0.05173016443,1,1.771936
ctol20,10,s6-s3,0,0,4,4,1,0.6303868697,0.03663103057,0.05642270291,1,1.920821
ctol20,10,s5-s4,0,0,8,8,1,0.2556791481,0.03057849783,0.03761485765,1,1.974478
ctol20,10,s6-s4,0,0,6,6,1,0.09803978166,0.1265262993,0.1269025273,1,2.125901
ctol20,10,s6-s5,0,0,10,10,1,0.2045355176,0.01027247259,0.01699415315,1,2.794275
